comment_id,content_id,date,comment_text,sentiment_label,sentiment_score,relatability_label,topic,platform
COM-00001,POST-0548,2025-08-15,Interesting perspective.,Neutral,-0.089,Neutral,Dating,Instagram
COM-00002,POST-0741,2025-10-17,I thought I was the only one dealing with this.,Positive,0.653,Relatable,Digital Burnout,YouTube
COM-00003,POST-0025,2025-01-05,That is an interesting point.,Negative,-0.495,Neutral,Dating,YouTube
COM-00004,POST-1184,2025-10-12,Finally someone said this out loud.,Neutral,-0.088,Relatable,Social Anxiety,Instagram
COM-00005,POST-0052,2025-07-26,This is exactly what student life feels like.,Positive,0.384,Relatable,Career Anxiety,YouTube
COM-00006,POST-0708,2025-01-21,I thought I was the only one dealing with this.,Positive,0.532,Relatable,Friendship,Instagram
COM-00007,POST-1130,2025-02-07,This is exactly what student life feels like.,Neutral,-0.009,Relatable,Dating,Instagram
COM-00008,POST-0998,2025-01-30,I have been struggling with this too.,Positive,0.986,Relatable,Friendship,YouTube
COM-00009,POST-0928,2025-04-23,I thought I was the only one dealing with this.,Negative,-0.838,Relatable,Friendship,YouTube
COM-00010,POST-1080,2025-02-10,Interesting perspective.,Neutral,-0.035,Neutral,Academic Pressure,YouTube
COM-00011,POST-0750,2025-05-02,Finally someone said this out loud.,Positive,0.754,Relatable,Student Life,Instagram
COM-00012,POST-0784,2025-05-28,This made me feel understood.,Positive,0.193,Relatable,Social Anxiety,Instagram
COM-00013,POST-0348,2025-10-19,Thanks for sharing this.,Neutral,-0.006,Neutral,Academic Pressure,YouTube
COM-00014,POST-0476,2025-10-25,Nice post.,Neutral,-0.026,Neutral,Career Anxiety,YouTube
COM-00015,POST-0360,2025-10-27,This is exactly what student life feels like.,Positive,0.281,Relatable,Dating,Instagram
COM-00016,POST-0265,2025-09-23,Finally someone said this out loud.,Positive,0.153,Relatable,Friendship,Instagram
COM-00017,POST-0897,2025-07-13,I will check this out.,Neutral,0.041,Neutral,Career Anxiety,YouTube
COM-00018,POST-0368,2025-08-16,Why does this describe me so perfectly?,Positive,0.904,Relatable,Dating,Instagram
COM-00019,POST-0569,2025-11-25,This is exactly what student life feels like.,Negative,-0.964,Relatable,Digital Burnout,Instagram
COM-00020,POST-0272,2025-09-05,I thought I was the only one dealing with this.,Negative,-0.858,Relatable,Productivity,Instagram
COM-00021,POST-0830,2025-02-07,I have been struggling with this too.,Neutral,-0.068,Relatable,Student Life,Instagram
COM-00022,POST-0570,2025-09-15,I have been struggling with this too.,Positive,0.207,Relatable,Student Life,YouTube
COM-00023,POST-1008,2025-12-27,I thought I was the only one dealing with this.,Neutral,0.041,Relatable,Productivity,Instagram
COM-00024,POST-0555,2025-12-06,This made me feel understood.,Neutral,-0.085,Relatable,Digital Burnout,YouTube
COM-00025,POST-1027,2025-11-16,Thanks for sharing this.,Neutral,-0.022,Neutral,Career Anxiety,Instagram
COM-00026,POST-1137,2025-02-23,Nice post.,Neutral,-0.029,Neutral,Student Life,Instagram
COM-00027,POST-0201,2025-03-10,I have been struggling with this too.,Positive,0.37,Relatable,Student Life,Instagram
COM-00028,POST-0236,2025-07-26,Finally someone said this out loud.,Positive,0.832,Relatable,Career Anxiety,Instagram
COM-00029,POST-0500,2025-01-30,This is exactly what student life feels like.,Neutral,-0.095,Relatable,Career Anxiety,Instagram
COM-00030,POST-0656,2025-02-13,I have been struggling with this too.,Positive,0.964,Relatable,Career Anxiety,YouTube
COM-00031,POST-1153,2025-04-27,I will check this out.,Neutral,-0.025,Neutral,Academic Pressure,Instagram
COM-00032,POST-0800,2025-07-07,I thought I was the only one dealing with this.,Positive,0.691,Relatable,Friendship,Instagram
COM-00033,POST-0019,2025-08-13,Thanks for sharing this.,Positive,0.778,Neutral,Academic Pressure,Instagram
COM-00034,POST-1146,2025-04-17,Good information.,Positive,0.366,Neutral,Student Life,Instagram
COM-00035,POST-0661,2025-07-21,This made me feel understood.,Neutral,-0.015,Relatable,Dating,Instagram
COM-00036,POST-0511,2025-07-19,Why does this describe me so perfectly?,Neutral,-0.066,Relatable,Student Life,Instagram
COM-00037,POST-0708,2025-01-21,I will check this out.,Positive,0.287,Neutral,Friendship,Instagram
COM-00038,POST-0521,2025-10-17,I thought I was the only one dealing with this.,Neutral,-0.041,Relatable,Dating,Instagram
COM-00039,POST-0497,2025-07-30,I thought I was the only one dealing with this.,Positive,0.919,Relatable,Career Anxiety,YouTube
COM-00040,POST-0098,2025-08-10,Interesting perspective.,Negative,-0.847,Neutral,Social Anxiety,Instagram
COM-00041,POST-0225,2025-11-21,This made me feel understood.,Neutral,0.008,Relatable,Dating,Instagram
COM-00042,POST-0296,2025-03-22,I will check this out.,Positive,0.748,Neutral,Academic Pressure,Instagram
COM-00043,POST-0749,2025-02-01,I thought I was the only one dealing with this.,Positive,0.972,Relatable,Academic Pressure,Instagram
COM-00044,POST-0103,2025-01-27,This made me feel understood.,Positive,0.472,Relatable,Student Life,YouTube
COM-00045,POST-0126,2025-10-08,Finally someone said this out loud.,Positive,0.854,Relatable,Dating,YouTube
COM-00046,POST-0189,2025-02-22,Finally someone said this out loud.,Positive,0.887,Relatable,Dating,Instagram
COM-00047,POST-1200,2025-03-03,I have been struggling with this too.,Neutral,0.087,Relatable,Dating,Instagram
COM-00048,POST-0463,2025-02-10,I have been struggling with this too.,Positive,0.997,Relatable,Friendship,Instagram
COM-00049,POST-0161,2025-04-20,Finally someone said this out loud.,Neutral,0.043,Relatable,Career Anxiety,Instagram
COM-00050,POST-0765,2025-06-14,I will check this out.,Neutral,-0.063,Neutral,Social Anxiety,YouTube
COM-00051,POST-0710,2025-02-10,Nice post.,Negative,-0.569,Neutral,Student Life,Instagram
COM-00052,POST-0791,2025-11-03,That is an interesting point.,Neutral,0.073,Neutral,Digital Burnout,Instagram
COM-00053,POST-0146,2025-07-10,Finally someone said this out loud.,Positive,0.644,Relatable,Digital Burnout,Instagram
COM-00054,POST-0018,2025-11-21,Interesting perspective.,Negative,-0.453,Neutral,Academic Pressure,Instagram
COM-00055,POST-0913,2025-07-21,I thought I was the only one dealing with this.,Positive,0.564,Relatable,Academic Pressure,YouTube
COM-00056,POST-1051,2025-07-10,Thanks for sharing this.,Neutral,0.009,Neutral,Friendship,YouTube
COM-00057,POST-1157,2025-04-21,This made me feel understood.,Neutral,0.035,Relatable,Social Anxiety,Instagram
COM-00058,POST-0736,2025-03-27,I thought I was the only one dealing with this.,Positive,0.486,Relatable,Digital Burnout,Instagram
COM-00059,POST-0918,2025-11-14,I will check this out.,Neutral,0.092,Neutral,Friendship,YouTube
COM-00060,POST-0195,2025-08-09,I thought I was the only one dealing with this.,Positive,0.846,Relatable,Social Anxiety,Instagram
COM-00061,POST-0097,2025-06-24,Interesting perspective.,Positive,0.948,Neutral,Friendship,Instagram
COM-00062,POST-0988,2025-05-24,This made me feel understood.,Positive,0.678,Relatable,Social Anxiety,Instagram
COM-00063,POST-1142,2025-03-03,I will check this out.,Negative,-0.886,Neutral,Career Anxiety,Instagram
COM-00064,POST-0493,2025-12-12,Nice post.,Neutral,-0.029,Neutral,Student Life,Instagram
COM-00065,POST-0461,2025-08-30,That is an interesting point.,Positive,0.437,Neutral,Social Anxiety,Instagram
COM-00066,POST-0675,2025-06-09,This made me feel understood.,Positive,0.917,Relatable,Digital Burnout,Instagram
COM-00067,POST-0140,2025-06-12,Good information.,Neutral,-0.086,Neutral,Dating,Instagram
COM-00068,POST-0083,2025-10-24,Interesting perspective.,Neutral,0.095,Neutral,Digital Burnout,Instagram
COM-00069,POST-1087,2025-11-19,Thanks for sharing this.,Neutral,0.038,Neutral,Digital Burnout,YouTube
COM-00070,POST-0128,2025-07-13,That is an interesting point.,Negative,-0.694,Neutral,Academic Pressure,Instagram
COM-00071,POST-0191,2025-03-13,This made me feel understood.,Neutral,-0.064,Relatable,Academic Pressure,YouTube
COM-00072,POST-0811,2025-05-31,This made me feel understood.,Neutral,0.056,Relatable,Digital Burnout,Instagram
COM-00073,POST-0554,2025-11-06,I have been struggling with this too.,Positive,0.193,Relatable,Dating,Instagram
COM-00074,POST-0686,2025-10-30,That is an interesting point.,Neutral,0.034,Neutral,Academic Pressure,YouTube
COM-00075,POST-1081,2025-07-15,Nice post.,Positive,0.358,Neutral,Friendship,Instagram
COM-00076,POST-0576,2025-01-31,I have been struggling with this too.,Neutral,-0.012,Relatable,Productivity,YouTube
COM-00077,POST-0840,2025-07-16,Why does this describe me so perfectly?,Positive,0.341,Relatable,Student Life,Instagram
COM-00078,POST-0308,2025-03-16,This made me feel understood.,Negative,-0.985,Relatable,Career Anxiety,YouTube
COM-00079,POST-0319,2025-09-03,Finally someone said this out loud.,Positive,0.285,Relatable,Career Anxiety,YouTube
COM-00080,POST-1028,2025-01-28,This is exactly what student life feels like.,Neutral,0.044,Relatable,Dating,Instagram
COM-00081,POST-0395,2025-01-09,Why does this describe me so perfectly?,Positive,0.433,Relatable,Friendship,Instagram
COM-00082,POST-0743,2025-05-23,Finally someone said this out loud.,Positive,0.665,Relatable,Dating,Instagram
COM-00083,POST-0869,2025-11-29,Interesting perspective.,Neutral,0.064,Neutral,Dating,Instagram
COM-00084,POST-0340,2025-05-06,Finally someone said this out loud.,Negative,-0.163,Relatable,Dating,YouTube
COM-00085,POST-0626,2025-12-27,This made me feel understood.,Positive,0.168,Relatable,Digital Burnout,Instagram
COM-00086,POST-0534,2025-03-02,Good information.,Neutral,-0.055,Neutral,Student Life,YouTube
COM-00087,POST-0942,2025-04-13,Why does this describe me so perfectly?,Positive,0.989,Relatable,Friendship,Instagram
COM-00088,POST-0773,2025-03-07,I thought I was the only one dealing with this.,Neutral,0.036,Relatable,Academic Pressure,Instagram
COM-00089,POST-0149,2025-07-12,Finally someone said this out loud.,Negative,-0.715,Relatable,Academic Pressure,Instagram
COM-00090,POST-0278,2025-06-07,Nice post.,Neutral,-0.065,Neutral,Dating,Instagram
COM-00091,POST-0193,2025-01-21,Finally someone said this out loud.,Positive,0.451,Relatable,Friendship,YouTube
COM-00092,POST-0325,2025-12-16,Thanks for sharing this.,Neutral,-0.005,Neutral,Digital Burnout,YouTube
COM-00093,POST-0759,2025-06-22,This made me feel understood.,Negative,-0.654,Relatable,Digital Burnout,Instagram
COM-00094,POST-0376,2025-01-27,This made me feel understood.,Positive,0.204,Relatable,Friendship,Instagram
COM-00095,POST-1195,2025-01-27,Finally someone said this out loud.,Negative,-0.194,Relatable,Social Anxiety,Instagram
COM-00096,POST-0072,2025-02-23,This is exactly what student life feels like.,Positive,0.236,Relatable,Social Anxiety,Instagram
COM-00097,POST-0750,2025-05-02,This made me feel understood.,Neutral,-0.099,Relatable,Student Life,Instagram
COM-00098,POST-1010,2025-12-13,I have been struggling with this too.,Positive,0.156,Relatable,Productivity,Instagram
COM-00099,POST-1188,2025-01-20,Interesting perspective.,Neutral,-0.09,Neutral,Academic Pressure,YouTube
COM-00100,POST-0253,2025-08-14,Why does this describe me so perfectly?,Neutral,0.045,Relatable,Friendship,Instagram
COM-00101,POST-0940,2025-06-01,Interesting perspective.,Neutral,-0.026,Neutral,Dating,YouTube
COM-00102,POST-0045,2025-01-15,Good information.,Neutral,-0.093,Neutral,Digital Burnout,Instagram
COM-00103,POST-0715,2025-06-27,I have been struggling with this too.,Neutral,0.032,Relatable,Friendship,Instagram
COM-00104,POST-0890,2025-11-14,I will check this out.,Neutral,-0.04,Neutral,Social Anxiety,YouTube
COM-00105,POST-0422,2025-02-01,Interesting perspective.,Neutral,-0.077,Neutral,Academic Pressure,Instagram
COM-00106,POST-1110,2025-12-17,I thought I was the only one dealing with this.,Neutral,-0.032,Relatable,Dating,Instagram
COM-00107,POST-0846,2025-08-10,I have been struggling with this too.,Positive,0.75,Relatable,Productivity,YouTube
COM-00108,POST-0431,2025-04-03,I will check this out.,Neutral,0.082,Neutral,Academic Pressure,YouTube
COM-00109,POST-0701,2025-05-16,I will check this out.,Negative,-0.457,Neutral,Student Life,Instagram
COM-00110,POST-1176,2025-10-17,That is an interesting point.,Positive,0.93,Neutral,Career Anxiety,YouTube
COM-00111,POST-0984,2025-07-01,That is an interesting point.,Neutral,-0.092,Neutral,Career Anxiety,YouTube
COM-00112,POST-0946,2025-09-19,Good information.,Neutral,0.056,Neutral,Student Life,YouTube
COM-00113,POST-0176,2025-09-30,This is exactly what student life feels like.,Positive,0.856,Relatable,Friendship,Instagram
COM-00114,POST-0272,2025-09-05,This is exactly what student life feels like.,Positive,0.996,Relatable,Productivity,Instagram
COM-00115,POST-0981,2025-01-13,This made me feel understood.,Positive,0.686,Relatable,Social Anxiety,YouTube
COM-00116,POST-0108,2025-08-22,This is exactly what student life feels like.,Positive,0.51,Relatable,Student Life,Instagram
COM-00117,POST-0164,2025-06-29,This is exactly what student life feels like.,Positive,0.253,Relatable,Student Life,Instagram
COM-00118,POST-0540,2025-09-23,Thanks for sharing this.,Neutral,-0.046,Neutral,Student Life,Instagram
COM-00119,POST-1086,2025-10-10,Nice post.,Positive,0.809,Neutral,Friendship,Instagram
COM-00120,POST-0530,2025-09-06,Nice post.,Positive,0.322,Neutral,Dating,Instagram
COM-00121,POST-0241,2025-05-28,This is exactly what student life feels like.,Positive,0.861,Relatable,Academic Pressure,Instagram
COM-00122,POST-0834,2025-04-11,This made me feel understood.,Neutral,0.067,Relatable,Social Anxiety,Instagram
COM-00123,POST-1171,2025-02-27,This made me feel understood.,Neutral,-0.024,Relatable,Dating,YouTube
COM-00124,POST-0852,2025-06-05,I thought I was the only one dealing with this.,Positive,0.938,Relatable,Productivity,Instagram
COM-00125,POST-0417,2025-08-14,That is an interesting point.,Neutral,0.043,Neutral,Academic Pressure,Instagram
COM-00126,POST-0122,2025-06-19,This is exactly what student life feels like.,Negative,-0.774,Relatable,Academic Pressure,Instagram
COM-00127,POST-0769,2025-04-30,Why does this describe me so perfectly?,Negative,-0.495,Relatable,Academic Pressure,Instagram
COM-00128,POST-0043,2025-07-17,I have been struggling with this too.,Positive,0.887,Relatable,Productivity,YouTube
COM-00129,POST-1107,2025-07-18,That is an interesting point.,Positive,0.665,Neutral,Productivity,Instagram
COM-00130,POST-1083,2025-11-21,I thought I was the only one dealing with this.,Positive,0.364,Relatable,Social Anxiety,Instagram
COM-00131,POST-1132,2025-12-30,I have been struggling with this too.,Neutral,-0.023,Relatable,Student Life,Instagram
COM-00132,POST-1038,2025-09-21,Finally someone said this out loud.,Neutral,0.021,Relatable,Student Life,Instagram
COM-00133,POST-0292,2025-12-02,This is exactly what student life feels like.,Neutral,-0.031,Relatable,Career Anxiety,Instagram
COM-00134,POST-0069,2025-12-09,I thought I was the only one dealing with this.,Positive,0.975,Relatable,Student Life,Instagram
COM-00135,POST-1089,2025-07-23,I thought I was the only one dealing with this.,Negative,-0.297,Relatable,Digital Burnout,Instagram
COM-00136,POST-0382,2025-11-26,I thought I was the only one dealing with this.,Negative,-0.892,Relatable,Academic Pressure,Instagram
COM-00137,POST-0188,2025-10-29,This is exactly what student life feels like.,Neutral,0.077,Relatable,Social Anxiety,Instagram
COM-00138,POST-0106,2025-03-27,I have been struggling with this too.,Neutral,-0.073,Relatable,Friendship,YouTube
COM-00139,POST-0458,2025-05-15,Good information.,Negative,-0.553,Neutral,Career Anxiety,Instagram
COM-00140,POST-0692,2025-04-15,I will check this out.,Positive,0.679,Neutral,Social Anxiety,Instagram
COM-00141,POST-0805,2025-05-05,Interesting perspective.,Positive,0.606,Neutral,Digital Burnout,YouTube
COM-00142,POST-0523,2025-05-01,I thought I was the only one dealing with this.,Positive,0.928,Relatable,Friendship,YouTube
COM-00143,POST-1136,2025-12-24,This made me feel understood.,Positive,0.241,Relatable,Digital Burnout,Instagram
COM-00144,POST-0663,2025-01-03,Thanks for sharing this.,Neutral,-0.041,Neutral,Friendship,Instagram
COM-00145,POST-0672,2025-12-08,I have been struggling with this too.,Neutral,0.063,Relatable,Social Anxiety,YouTube
COM-00146,POST-1106,2025-11-21,Nice post.,Neutral,-0.04,Neutral,Productivity,Instagram
COM-00147,POST-0709,2025-03-01,I will check this out.,Neutral,0.073,Neutral,Dating,Instagram
COM-00148,POST-0099,2025-11-30,Why does this describe me so perfectly?,Negative,-0.536,Relatable,Career Anxiety,Instagram
COM-00149,POST-0925,2025-08-19,This is exactly what student life feels like.,Positive,0.329,Relatable,Dating,Instagram
COM-00150,POST-0309,2025-10-15,This made me feel understood.,Positive,0.457,Relatable,Friendship,Instagram
COM-00151,POST-1021,2025-01-08,That is an interesting point.,Neutral,0.055,Neutral,Academic Pressure,Instagram
COM-00152,POST-0647,2025-07-05,This made me feel understood.,Positive,0.75,Relatable,Student Life,Instagram
COM-00153,POST-1110,2025-12-17,Finally someone said this out loud.,Neutral,-0.038,Relatable,Dating,Instagram
COM-00154,POST-1025,2025-03-06,Nice post.,Negative,-0.426,Neutral,Dating,Instagram
COM-00155,POST-1002,2025-02-21,Why does this describe me so perfectly?,Positive,0.471,Relatable,Career Anxiety,Instagram
COM-00156,POST-0738,2025-07-02,Finally someone said this out loud.,Neutral,-0.065,Relatable,Social Anxiety,YouTube
COM-00157,POST-0443,2025-11-17,Good information.,Neutral,0.079,Neutral,Student Life,Instagram
COM-00158,POST-0876,2025-12-24,This is exactly what student life feels like.,Negative,-0.168,Relatable,Academic Pressure,Instagram
COM-00159,POST-0699,2025-01-24,Nice post.,Positive,0.566,Neutral,Career Anxiety,Instagram
COM-00160,POST-0635,2025-06-22,This is exactly what student life feels like.,Neutral,0.073,Relatable,Productivity,Instagram
COM-00161,POST-0237,2025-07-13,Interesting perspective.,Negative,-0.862,Neutral,Student Life,Instagram
COM-00162,POST-0702,2025-02-13,Why does this describe me so perfectly?,Positive,0.823,Relatable,Productivity,Instagram
COM-00163,POST-0609,2025-08-01,Good information.,Neutral,-0.022,Neutral,Career Anxiety,Instagram
COM-00164,POST-0866,2025-11-12,Why does this describe me so perfectly?,Positive,0.545,Relatable,Friendship,YouTube
COM-00165,POST-0472,2025-12-22,I thought I was the only one dealing with this.,Negative,-0.579,Relatable,Student Life,YouTube
COM-00166,POST-0515,2025-07-01,I have been struggling with this too.,Neutral,-0.081,Relatable,Academic Pressure,Instagram
COM-00167,POST-0994,2025-06-25,I have been struggling with this too.,Positive,0.693,Relatable,Productivity,YouTube
COM-00168,POST-0787,2025-04-17,I have been struggling with this too.,Negative,-0.158,Relatable,Friendship,YouTube
COM-00169,POST-0635,2025-06-22,This made me feel understood.,Neutral,0.031,Relatable,Productivity,Instagram
COM-00170,POST-0285,2025-02-25,Why does this describe me so perfectly?,Positive,0.82,Relatable,Academic Pressure,Instagram
COM-00171,POST-0988,2025-05-24,Thanks for sharing this.,Positive,0.47,Neutral,Social Anxiety,Instagram
COM-00172,POST-0125,2025-06-16,I thought I was the only one dealing with this.,Neutral,-0.069,Relatable,Student Life,Instagram
COM-00173,POST-1180,2025-10-21,I thought I was the only one dealing with this.,Positive,0.46,Relatable,Social Anxiety,Instagram
COM-00174,POST-0948,2025-06-24,Why does this describe me so perfectly?,Negative,-0.534,Relatable,Productivity,Instagram
COM-00175,POST-0213,2025-10-17,I will check this out.,Positive,0.916,Neutral,Dating,YouTube
COM-00176,POST-1060,2025-03-25,Why does this describe me so perfectly?,Positive,0.953,Relatable,Digital Burnout,Instagram
COM-00177,POST-0152,2025-12-17,This is exactly what student life feels like.,Positive,0.346,Relatable,Productivity,YouTube
COM-00178,POST-1077,2025-03-17,Finally someone said this out loud.,Positive,0.67,Relatable,Career Anxiety,Instagram
COM-00179,POST-0820,2025-10-14,I have been struggling with this too.,Positive,0.978,Relatable,Dating,YouTube
COM-00180,POST-0635,2025-06-22,Why does this describe me so perfectly?,Positive,0.923,Relatable,Productivity,Instagram
COM-00181,POST-0168,2025-05-24,This is exactly what student life feels like.,Positive,0.6,Relatable,Productivity,Instagram
COM-00182,POST-0017,2025-02-26,I have been struggling with this too.,Neutral,0.062,Relatable,Academic Pressure,YouTube
COM-00183,POST-0594,2025-12-14,I have been struggling with this too.,Positive,0.464,Relatable,Productivity,YouTube
COM-00184,POST-1002,2025-02-21,I have been struggling with this too.,Neutral,-0.081,Relatable,Career Anxiety,Instagram
COM-00185,POST-0970,2025-10-24,This is exactly what student life feels like.,Positive,0.356,Relatable,Dating,YouTube
COM-00186,POST-1172,2025-11-05,That is an interesting point.,Neutral,0.04,Neutral,Student Life,Instagram
COM-00187,POST-0724,2025-08-22,Finally someone said this out loud.,Positive,0.718,Relatable,Dating,Instagram
COM-00188,POST-0551,2025-04-10,I have been struggling with this too.,Neutral,0.003,Relatable,Career Anxiety,Instagram
COM-00189,POST-0840,2025-07-16,I thought I was the only one dealing with this.,Negative,-0.558,Relatable,Student Life,Instagram
COM-00190,POST-1044,2025-07-05,Finally someone said this out loud.,Positive,0.883,Relatable,Career Anxiety,YouTube
COM-00191,POST-0936,2025-10-03,Why does this describe me so perfectly?,Negative,-0.174,Relatable,Social Anxiety,Instagram
COM-00192,POST-1037,2025-03-17,I have been struggling with this too.,Neutral,0.032,Relatable,Student Life,Instagram
COM-00193,POST-0362,2025-02-27,That is an interesting point.,Neutral,-0.005,Neutral,Career Anxiety,Instagram
COM-00194,POST-0937,2025-01-10,This made me feel understood.,Positive,0.804,Relatable,Productivity,Instagram
COM-00195,POST-0689,2025-04-25,This is exactly what student life feels like.,Positive,0.173,Relatable,Social Anxiety,Instagram
COM-00196,POST-0112,2025-09-29,Why does this describe me so perfectly?,Negative,-0.756,Relatable,Friendship,YouTube
COM-00197,POST-0561,2025-05-08,Nice post.,Neutral,0.036,Neutral,Student Life,YouTube
COM-00198,POST-0427,2025-08-06,This made me feel understood.,Positive,0.992,Relatable,Dating,Instagram
COM-00199,POST-1085,2025-06-26,Interesting perspective.,Positive,0.312,Neutral,Productivity,YouTube
COM-00200,POST-1158,2025-02-21,I will check this out.,Positive,0.678,Neutral,Career Anxiety,YouTube
COM-00201,POST-0820,2025-10-14,Finally someone said this out loud.,Positive,0.225,Relatable,Dating,YouTube
COM-00202,POST-0175,2025-06-09,Thanks for sharing this.,Positive,0.986,Neutral,Friendship,Instagram
COM-00203,POST-0246,2025-11-06,Interesting perspective.,Positive,0.373,Neutral,Friendship,Instagram
COM-00204,POST-1114,2025-11-13,Nice post.,Neutral,-0.031,Neutral,Friendship,YouTube
COM-00205,POST-0170,2025-10-02,This made me feel understood.,Negative,-0.567,Relatable,Academic Pressure,Instagram
COM-00206,POST-0860,2025-03-30,This is exactly what student life feels like.,Negative,-0.518,Relatable,Student Life,Instagram
COM-00207,POST-0277,2025-06-30,That is an interesting point.,Positive,0.452,Neutral,Student Life,YouTube
COM-00208,POST-0390,2025-08-21,I have been struggling with this too.,Positive,0.998,Relatable,Digital Burnout,Instagram
COM-00209,POST-0078,2025-05-27,Thanks for sharing this.,Neutral,-0.091,Neutral,Social Anxiety,Instagram
COM-00210,POST-0362,2025-02-27,Nice post.,Positive,0.42,Neutral,Career Anxiety,Instagram
COM-00211,POST-0584,2025-08-01,Nice post.,Neutral,0.001,Neutral,Friendship,Instagram
COM-00212,POST-0281,2025-12-25,This made me feel understood.,Positive,0.384,Relatable,Career Anxiety,Instagram
COM-00213,POST-0609,2025-08-01,Good information.,Neutral,-0.067,Neutral,Career Anxiety,Instagram
COM-00214,POST-0725,2025-10-06,Interesting perspective.,Neutral,0.079,Neutral,Student Life,Instagram
COM-00215,POST-0031,2025-03-13,Why does this describe me so perfectly?,Positive,0.709,Relatable,Academic Pressure,Instagram
COM-00216,POST-0743,2025-05-23,This made me feel understood.,Positive,0.393,Relatable,Dating,Instagram
COM-00217,POST-0581,2025-12-10,Nice post.,Neutral,-0.092,Neutral,Friendship,YouTube
COM-00218,POST-0866,2025-11-12,I thought I was the only one dealing with this.,Positive,0.82,Relatable,Friendship,YouTube
COM-00219,POST-0597,2025-06-28,I thought I was the only one dealing with this.,Positive,0.162,Relatable,Friendship,Instagram
COM-00220,POST-0737,2025-05-28,Why does this describe me so perfectly?,Positive,0.345,Relatable,Career Anxiety,Instagram
COM-00221,POST-0855,2025-07-05,That is an interesting point.,Neutral,-0.005,Neutral,Dating,YouTube
COM-00222,POST-1153,2025-04-27,This made me feel understood.,Neutral,-0.004,Relatable,Academic Pressure,Instagram
COM-00223,POST-1178,2025-08-03,Good information.,Neutral,-0.091,Neutral,Student Life,YouTube
COM-00224,POST-0211,2025-09-23,Why does this describe me so perfectly?,Positive,0.676,Relatable,Student Life,YouTube
COM-00225,POST-0108,2025-08-22,I have been struggling with this too.,Positive,0.784,Relatable,Student Life,Instagram
COM-00226,POST-0213,2025-10-17,Nice post.,Positive,0.734,Neutral,Dating,YouTube
COM-00227,POST-0108,2025-08-22,Good information.,Neutral,0.068,Neutral,Student Life,Instagram
COM-00228,POST-0709,2025-03-01,This is exactly what student life feels like.,Neutral,0.015,Relatable,Dating,Instagram
COM-00229,POST-0126,2025-10-08,I will check this out.,Neutral,-0.007,Neutral,Dating,YouTube
COM-00230,POST-0489,2025-04-04,Nice post.,Neutral,-0.006,Neutral,Social Anxiety,Instagram
COM-00231,POST-1177,2025-07-05,Thanks for sharing this.,Neutral,0.061,Neutral,Dating,YouTube
COM-00232,POST-0463,2025-02-10,That is an interesting point.,Neutral,0.003,Neutral,Friendship,Instagram
COM-00233,POST-0451,2025-03-19,I thought I was the only one dealing with this.,Negative,-0.947,Relatable,Academic Pressure,Instagram
COM-00234,POST-1105,2025-11-12,Thanks for sharing this.,Positive,0.534,Neutral,Friendship,Instagram
COM-00235,POST-0272,2025-09-05,I have been struggling with this too.,Positive,0.246,Relatable,Productivity,Instagram
COM-00236,POST-0093,2025-10-24,I have been struggling with this too.,Positive,0.206,Relatable,Dating,Instagram
COM-00237,POST-1005,2025-11-22,Why does this describe me so perfectly?,Negative,-0.483,Relatable,Productivity,Instagram
COM-00238,POST-0418,2025-07-22,Good information.,Negative,-0.573,Neutral,Academic Pressure,Instagram
COM-00239,POST-0542,2025-11-12,Good information.,Neutral,0.001,Neutral,Student Life,Instagram
COM-00240,POST-0519,2025-11-12,Thanks for sharing this.,Positive,0.84,Neutral,Career Anxiety,Instagram
COM-00241,POST-1069,2025-02-11,That is an interesting point.,Neutral,-0.028,Neutral,Friendship,Instagram
COM-00242,POST-1031,2025-09-11,Nice post.,Neutral,-0.042,Neutral,Productivity,Instagram
COM-00243,POST-0176,2025-09-30,I will check this out.,Neutral,0.074,Neutral,Friendship,Instagram
COM-00244,POST-0615,2025-12-24,Finally someone said this out loud.,Positive,0.874,Relatable,Productivity,Instagram
COM-00245,POST-0483,2025-09-28,Nice post.,Positive,0.746,Neutral,Friendship,Instagram
COM-00246,POST-0738,2025-07-02,This made me feel understood.,Neutral,0.097,Relatable,Social Anxiety,YouTube
COM-00247,POST-0403,2025-02-28,Interesting perspective.,Neutral,0.021,Neutral,Student Life,Instagram
COM-00248,POST-0403,2025-02-28,This is exactly what student life feels like.,Positive,0.501,Relatable,Student Life,Instagram
COM-00249,POST-0335,2025-09-26,Nice post.,Neutral,-0.069,Neutral,Productivity,Instagram
COM-00250,POST-0496,2025-07-14,I have been struggling with this too.,Neutral,-0.089,Relatable,Productivity,Instagram
COM-00251,POST-0318,2025-08-22,Finally someone said this out loud.,Neutral,0.086,Relatable,Social Anxiety,Instagram
COM-00252,POST-0845,2025-01-20,Why does this describe me so perfectly?,Positive,0.766,Relatable,Friendship,Instagram
COM-00253,POST-1124,2025-08-07,Thanks for sharing this.,Neutral,0.07,Neutral,Digital Burnout,Instagram
COM-00254,POST-0025,2025-01-05,I thought I was the only one dealing with this.,Positive,0.247,Relatable,Dating,YouTube
COM-00255,POST-1134,2025-04-02,Good information.,Neutral,0.031,Neutral,Productivity,YouTube
COM-00256,POST-1122,2025-11-13,I have been struggling with this too.,Negative,-0.169,Relatable,Career Anxiety,Instagram
COM-00257,POST-0038,2025-06-02,I will check this out.,Neutral,0.09,Neutral,Career Anxiety,Instagram
COM-00258,POST-0308,2025-03-16,That is an interesting point.,Positive,0.504,Neutral,Career Anxiety,YouTube
COM-00259,POST-1030,2025-07-08,This made me feel understood.,Negative,-0.745,Relatable,Student Life,Instagram
COM-00260,POST-0890,2025-11-14,I thought I was the only one dealing with this.,Positive,0.68,Relatable,Social Anxiety,YouTube
COM-00261,POST-0974,2025-01-19,Why does this describe me so perfectly?,Positive,0.804,Relatable,Digital Burnout,YouTube
COM-00262,POST-0894,2025-09-12,I have been struggling with this too.,Negative,-0.563,Relatable,Friendship,Instagram
COM-00263,POST-0749,2025-02-01,Why does this describe me so perfectly?,Neutral,-0.036,Relatable,Academic Pressure,Instagram
COM-00264,POST-1022,2025-11-01,This made me feel understood.,Positive,0.933,Relatable,Social Anxiety,Instagram
COM-00265,POST-0026,2025-11-24,Good information.,Negative,-0.924,Neutral,Career Anxiety,Instagram
COM-00266,POST-0938,2025-09-24,I thought I was the only one dealing with this.,Neutral,0.003,Relatable,Digital Burnout,YouTube
COM-00267,POST-0287,2025-01-31,Finally someone said this out loud.,Positive,0.296,Relatable,Productivity,Instagram
COM-00268,POST-0555,2025-12-06,Finally someone said this out loud.,Positive,0.476,Relatable,Digital Burnout,YouTube
COM-00269,POST-1137,2025-02-23,I thought I was the only one dealing with this.,Positive,0.868,Relatable,Student Life,Instagram
COM-00270,POST-0828,2025-05-24,Good information.,Positive,0.904,Neutral,Productivity,Instagram
COM-00271,POST-0314,2025-11-10,Interesting perspective.,Positive,0.843,Neutral,Dating,Instagram
COM-00272,POST-0481,2025-12-03,This made me feel understood.,Positive,0.432,Relatable,Friendship,Instagram
COM-00273,POST-0123,2025-05-05,Good information.,Negative,-0.606,Neutral,Career Anxiety,Instagram
COM-00274,POST-0036,2025-02-13,This is exactly what student life feels like.,Positive,0.836,Relatable,Friendship,YouTube
COM-00275,POST-1119,2025-05-04,I thought I was the only one dealing with this.,Neutral,0.086,Relatable,Dating,Instagram
COM-00276,POST-0102,2025-08-21,Thanks for sharing this.,Neutral,0.039,Neutral,Digital Burnout,YouTube
COM-00277,POST-1150,2025-11-24,This is exactly what student life feels like.,Neutral,-0.054,Relatable,Career Anxiety,Instagram
COM-00278,POST-0604,2025-06-16,This made me feel understood.,Positive,0.388,Relatable,Academic Pressure,Instagram
COM-00279,POST-0172,2025-10-22,This made me feel understood.,Positive,0.377,Relatable,Student Life,YouTube
COM-00280,POST-0458,2025-05-15,I thought I was the only one dealing with this.,Positive,0.498,Relatable,Career Anxiety,Instagram
COM-00281,POST-0935,2025-01-15,Why does this describe me so perfectly?,Positive,0.97,Relatable,Productivity,Instagram
COM-00282,POST-0051,2025-02-18,This is exactly what student life feels like.,Positive,0.796,Relatable,Academic Pressure,Instagram
COM-00283,POST-1021,2025-01-08,Thanks for sharing this.,Positive,0.582,Neutral,Academic Pressure,Instagram
COM-00284,POST-0348,2025-10-19,I have been struggling with this too.,Positive,0.988,Relatable,Academic Pressure,YouTube
COM-00285,POST-0239,2025-11-17,I have been struggling with this too.,Positive,0.317,Relatable,Student Life,YouTube
COM-00286,POST-1062,2025-02-17,This made me feel understood.,Negative,-0.193,Relatable,Academic Pressure,Instagram
COM-00287,POST-1066,2025-10-09,Finally someone said this out loud.,Positive,0.866,Relatable,Student Life,YouTube
COM-00288,POST-0371,2025-02-15,I will check this out.,Neutral,0.092,Neutral,Friendship,Instagram
COM-00289,POST-0634,2025-05-26,This made me feel understood.,Neutral,-0.047,Relatable,Friendship,Instagram
COM-00290,POST-0563,2025-03-18,Finally someone said this out loud.,Positive,0.198,Relatable,Social Anxiety,Instagram
COM-00291,POST-0354,2025-06-07,Why does this describe me so perfectly?,Neutral,-0.085,Relatable,Digital Burnout,Instagram
COM-00292,POST-0261,2025-08-28,I will check this out.,Neutral,0.066,Neutral,Friendship,Instagram
COM-00293,POST-0264,2025-07-31,Finally someone said this out loud.,Negative,-0.967,Relatable,Dating,Instagram
COM-00294,POST-0403,2025-02-28,That is an interesting point.,Neutral,0.028,Neutral,Student Life,Instagram
COM-00295,POST-1136,2025-12-24,This made me feel understood.,Neutral,-0.015,Relatable,Digital Burnout,Instagram
COM-00296,POST-1020,2025-08-30,I will check this out.,Neutral,0.049,Neutral,Academic Pressure,YouTube
COM-00297,POST-0791,2025-11-03,That is an interesting point.,Neutral,0.002,Neutral,Digital Burnout,Instagram
COM-00298,POST-0664,2025-07-24,This made me feel understood.,Neutral,0.076,Relatable,Dating,Instagram
COM-00299,POST-0504,2025-03-15,Finally someone said this out loud.,Neutral,-0.016,Relatable,Student Life,YouTube
COM-00300,POST-0336,2025-02-10,I thought I was the only one dealing with this.,Neutral,-0.093,Relatable,Productivity,YouTube
COM-00301,POST-0491,2025-11-09,That is an interesting point.,Positive,0.213,Neutral,Dating,Instagram
COM-00302,POST-0425,2025-12-27,Nice post.,Neutral,-0.033,Neutral,Digital Burnout,YouTube
COM-00303,POST-0339,2025-04-30,Good information.,Neutral,0.062,Neutral,Academic Pressure,Instagram
COM-00304,POST-1097,2025-08-09,Good information.,Negative,-0.23,Neutral,Friendship,Instagram
COM-00305,POST-1189,2025-06-17,This made me feel understood.,Positive,0.309,Relatable,Social Anxiety,YouTube
COM-00306,POST-0248,2025-11-27,Nice post.,Neutral,-0.038,Neutral,Student Life,Instagram
COM-00307,POST-0532,2025-03-17,I thought I was the only one dealing with this.,Positive,0.308,Relatable,Friendship,Instagram
COM-00308,POST-0588,2025-06-12,Finally someone said this out loud.,Neutral,0.006,Relatable,Social Anxiety,Instagram
COM-00309,POST-1101,2025-08-25,I thought I was the only one dealing with this.,Positive,0.973,Relatable,Productivity,YouTube
COM-00310,POST-1175,2025-10-28,That is an interesting point.,Neutral,0.08,Neutral,Digital Burnout,YouTube
COM-00311,POST-0156,2025-09-10,I will check this out.,Neutral,0.098,Neutral,Digital Burnout,Instagram
COM-00312,POST-0210,2025-07-16,Thanks for sharing this.,Neutral,-0.083,Neutral,Career Anxiety,Instagram
COM-00313,POST-0444,2025-01-25,Finally someone said this out loud.,Neutral,-0.078,Relatable,Digital Burnout,YouTube
COM-00314,POST-0767,2025-11-25,Good information.,Neutral,-0.049,Neutral,Productivity,YouTube
COM-00315,POST-0167,2025-04-02,Interesting perspective.,Positive,0.814,Neutral,Student Life,Instagram
COM-00316,POST-0749,2025-02-01,I thought I was the only one dealing with this.,Neutral,-0.074,Relatable,Academic Pressure,Instagram
COM-00317,POST-1007,2025-06-29,I have been struggling with this too.,Negative,-0.165,Relatable,Friendship,Instagram
COM-00318,POST-0222,2025-03-14,This made me feel understood.,Positive,0.843,Relatable,Productivity,Instagram
COM-00319,POST-0459,2025-11-27,I thought I was the only one dealing with this.,Neutral,0.073,Relatable,Student Life,Instagram
COM-00320,POST-0871,2025-07-28,Good information.,Negative,-0.878,Neutral,Dating,YouTube
COM-00321,POST-0667,2025-02-09,This made me feel understood.,Negative,-0.34,Relatable,Academic Pressure,Instagram
COM-00322,POST-0779,2025-07-10,This is exactly what student life feels like.,Neutral,0.044,Relatable,Academic Pressure,Instagram
COM-00323,POST-0530,2025-09-06,Thanks for sharing this.,Positive,0.63,Neutral,Dating,Instagram
COM-00324,POST-0119,2025-01-17,This is exactly what student life feels like.,Neutral,0.046,Relatable,Friendship,YouTube
COM-00325,POST-0086,2025-04-24,This is exactly what student life feels like.,Neutral,-0.026,Relatable,Career Anxiety,YouTube
COM-00326,POST-0609,2025-08-01,Good information.,Neutral,0.092,Neutral,Career Anxiety,Instagram
COM-00327,POST-0035,2025-03-30,Finally someone said this out loud.,Neutral,0.054,Relatable,Academic Pressure,Instagram
COM-00328,POST-0170,2025-10-02,Thanks for sharing this.,Neutral,-0.008,Neutral,Academic Pressure,Instagram
COM-00329,POST-1071,2025-07-27,Nice post.,Neutral,0.053,Neutral,Dating,Instagram
COM-00330,POST-0042,2025-06-30,Finally someone said this out loud.,Neutral,-0.008,Relatable,Digital Burnout,Instagram
COM-00331,POST-0325,2025-12-16,Why does this describe me so perfectly?,Positive,0.184,Relatable,Digital Burnout,YouTube
COM-00332,POST-0822,2025-04-07,I thought I was the only one dealing with this.,Positive,0.191,Relatable,Social Anxiety,Instagram
COM-00333,POST-0049,2025-04-19,Why does this describe me so perfectly?,Positive,0.747,Relatable,Social Anxiety,YouTube
COM-00334,POST-1072,2025-08-17,Interesting perspective.,Positive,0.257,Neutral,Digital Burnout,Instagram
COM-00335,POST-0653,2025-03-28,Thanks for sharing this.,Positive,0.433,Neutral,Friendship,Instagram
COM-00336,POST-0089,2025-03-28,I will check this out.,Neutral,0.014,Neutral,Student Life,YouTube
COM-00337,POST-0145,2025-07-20,This made me feel understood.,Neutral,-0.004,Relatable,Student Life,Instagram
COM-00338,POST-0511,2025-07-19,I have been struggling with this too.,Positive,0.84,Relatable,Student Life,Instagram
COM-00339,POST-0312,2025-08-07,I thought I was the only one dealing with this.,Positive,0.212,Relatable,Social Anxiety,Instagram
COM-00340,POST-0440,2025-11-28,Why does this describe me so perfectly?,Positive,0.591,Relatable,Academic Pressure,Instagram
COM-00341,POST-0425,2025-12-27,I have been struggling with this too.,Neutral,-0.027,Relatable,Digital Burnout,YouTube
COM-00342,POST-0082,2025-11-17,Finally someone said this out loud.,Positive,0.831,Relatable,Academic Pressure,Instagram
COM-00343,POST-0575,2025-07-05,Why does this describe me so perfectly?,Positive,0.318,Relatable,Student Life,YouTube
COM-00344,POST-0557,2025-07-21,Why does this describe me so perfectly?,Positive,0.554,Relatable,Social Anxiety,YouTube
COM-00345,POST-0277,2025-06-30,This made me feel understood.,Positive,0.945,Relatable,Student Life,YouTube
COM-00346,POST-0856,2025-08-06,Good information.,Neutral,-0.077,Neutral,Digital Burnout,YouTube
COM-00347,POST-0572,2025-07-19,This made me feel understood.,Positive,0.288,Relatable,Dating,Instagram
COM-00348,POST-0266,2025-08-04,Finally someone said this out loud.,Neutral,0.017,Relatable,Academic Pressure,Instagram
COM-00349,POST-0557,2025-07-21,I thought I was the only one dealing with this.,Neutral,-0.005,Relatable,Social Anxiety,YouTube
COM-00350,POST-0708,2025-01-21,This made me feel understood.,Positive,0.871,Relatable,Friendship,Instagram
COM-00351,POST-1190,2025-09-29,I thought I was the only one dealing with this.,Neutral,-0.008,Relatable,Digital Burnout,Instagram
COM-00352,POST-0256,2025-03-26,I have been struggling with this too.,Positive,0.312,Relatable,Productivity,Instagram
COM-00353,POST-0864,2025-09-09,This is exactly what student life feels like.,Positive,0.523,Relatable,Student Life,YouTube
COM-00354,POST-0145,2025-07-20,Thanks for sharing this.,Neutral,-0.082,Neutral,Student Life,Instagram
COM-00355,POST-0818,2025-01-28,Thanks for sharing this.,Neutral,-0.078,Neutral,Social Anxiety,YouTube
COM-00356,POST-1129,2025-03-20,Nice post.,Negative,-0.578,Neutral,Friendship,Instagram
COM-00357,POST-0226,2025-01-14,Nice post.,Neutral,-0.051,Neutral,Digital Burnout,Instagram
COM-00358,POST-0544,2025-10-19,I have been struggling with this too.,Positive,0.797,Relatable,Student Life,Instagram
COM-00359,POST-1015,2025-02-26,This is exactly what student life feels like.,Neutral,-0.065,Relatable,Career Anxiety,YouTube
COM-00360,POST-1129,2025-03-20,Nice post.,Neutral,0.054,Neutral,Friendship,Instagram
COM-00361,POST-0952,2025-12-31,This is exactly what student life feels like.,Positive,0.58,Relatable,Academic Pressure,Instagram
COM-00362,POST-0886,2025-04-07,Thanks for sharing this.,Positive,0.159,Neutral,Social Anxiety,Instagram
COM-00363,POST-1144,2025-11-18,This made me feel understood.,Positive,0.857,Relatable,Digital Burnout,Instagram
COM-00364,POST-0703,2025-04-28,Finally someone said this out loud.,Positive,0.242,Relatable,Career Anxiety,YouTube
COM-00365,POST-0135,2025-12-06,Good information.,Positive,0.824,Neutral,Friendship,Instagram
COM-00366,POST-0612,2025-05-03,I will check this out.,Neutral,0.09,Neutral,Friendship,Instagram
COM-00367,POST-1075,2025-08-04,Finally someone said this out loud.,Neutral,0.08,Relatable,Academic Pressure,Instagram
COM-00368,POST-0449,2025-11-28,Good information.,Neutral,-0.05,Neutral,Friendship,Instagram
COM-00369,POST-0566,2025-04-03,This made me feel understood.,Positive,0.423,Relatable,Student Life,Instagram
COM-00370,POST-0471,2025-07-21,Finally someone said this out loud.,Positive,0.33,Relatable,Social Anxiety,YouTube
COM-00371,POST-0970,2025-10-24,I thought I was the only one dealing with this.,Neutral,0.004,Relatable,Dating,YouTube
COM-00372,POST-0786,2025-02-24,I will check this out.,Neutral,-0.058,Neutral,Dating,Instagram
COM-00373,POST-1181,2025-07-27,Nice post.,Neutral,0.053,Neutral,Student Life,Instagram
COM-00374,POST-0279,2025-08-27,Why does this describe me so perfectly?,Neutral,-0.071,Relatable,Dating,Instagram
COM-00375,POST-0013,2025-10-11,I will check this out.,Neutral,-0.057,Neutral,Student Life,Instagram
COM-00376,POST-0871,2025-07-28,I thought I was the only one dealing with this.,Positive,0.438,Relatable,Dating,YouTube
COM-00377,POST-0647,2025-07-05,Nice post.,Neutral,-0.06,Neutral,Student Life,Instagram
COM-00378,POST-0711,2025-08-05,Thanks for sharing this.,Positive,0.62,Neutral,Career Anxiety,Instagram
COM-00379,POST-1143,2025-07-11,I thought I was the only one dealing with this.,Positive,0.157,Relatable,Academic Pressure,Instagram
COM-00380,POST-0352,2025-10-09,Interesting perspective.,Neutral,-0.012,Neutral,Dating,YouTube
COM-00381,POST-0626,2025-12-27,I will check this out.,Neutral,0.045,Neutral,Digital Burnout,Instagram
COM-00382,POST-0039,2025-03-23,I will check this out.,Neutral,-0.095,Neutral,Digital Burnout,Instagram
COM-00383,POST-0675,2025-06-09,This is exactly what student life feels like.,Negative,-0.638,Relatable,Digital Burnout,Instagram
COM-00384,POST-0339,2025-04-30,Thanks for sharing this.,Negative,-0.19,Neutral,Academic Pressure,Instagram
COM-00385,POST-1089,2025-07-23,I will check this out.,Neutral,0.038,Neutral,Digital Burnout,Instagram
COM-00386,POST-0346,2025-01-30,That is an interesting point.,Neutral,0.06,Neutral,Student Life,YouTube
COM-00387,POST-0935,2025-01-15,Good information.,Positive,0.918,Neutral,Productivity,Instagram
COM-00388,POST-1140,2025-10-06,Nice post.,Neutral,0.048,Neutral,Digital Burnout,Instagram
COM-00389,POST-1171,2025-02-27,Why does this describe me so perfectly?,Negative,-0.252,Relatable,Dating,YouTube
COM-00390,POST-0288,2025-05-05,Interesting perspective.,Neutral,0.095,Neutral,Productivity,YouTube
COM-00391,POST-0098,2025-08-10,Thanks for sharing this.,Negative,-0.842,Neutral,Social Anxiety,Instagram
COM-00392,POST-0625,2025-12-16,Nice post.,Positive,0.542,Neutral,Productivity,Instagram
COM-00393,POST-0272,2025-09-05,I have been struggling with this too.,Neutral,-0.009,Relatable,Productivity,Instagram
COM-00394,POST-0153,2025-01-14,I thought I was the only one dealing with this.,Positive,0.603,Relatable,Student Life,Instagram
COM-00395,POST-0999,2025-02-24,This is exactly what student life feels like.,Neutral,0.007,Relatable,Social Anxiety,Instagram
COM-00396,POST-0523,2025-05-01,Why does this describe me so perfectly?,Positive,0.73,Relatable,Friendship,YouTube
COM-00397,POST-1115,2025-01-06,This made me feel understood.,Positive,0.835,Relatable,Academic Pressure,Instagram
COM-00398,POST-0775,2025-03-13,I thought I was the only one dealing with this.,Neutral,-0.017,Relatable,Productivity,YouTube
COM-00399,POST-1164,2025-07-07,Thanks for sharing this.,Negative,-0.327,Neutral,Dating,Instagram
COM-00400,POST-0939,2025-09-13,This is exactly what student life feels like.,Negative,-0.536,Relatable,Digital Burnout,Instagram
COM-00401,POST-0188,2025-10-29,I have been struggling with this too.,Positive,0.763,Relatable,Social Anxiety,Instagram
COM-00402,POST-0722,2025-09-22,This is exactly what student life feels like.,Neutral,0.026,Relatable,Dating,Instagram
COM-00403,POST-0149,2025-07-12,Why does this describe me so perfectly?,Positive,0.266,Relatable,Academic Pressure,Instagram
COM-00404,POST-0970,2025-10-24,Nice post.,Positive,0.22,Neutral,Dating,YouTube
COM-00405,POST-0283,2025-01-05,Why does this describe me so perfectly?,Negative,-0.865,Relatable,Career Anxiety,Instagram
COM-00406,POST-1089,2025-07-23,I thought I was the only one dealing with this.,Positive,0.215,Relatable,Digital Burnout,Instagram
COM-00407,POST-0103,2025-01-27,This made me feel understood.,Negative,-0.596,Relatable,Student Life,YouTube
COM-00408,POST-0872,2025-12-01,I have been struggling with this too.,Positive,0.439,Relatable,Academic Pressure,Instagram
COM-00409,POST-0356,2025-10-04,This made me feel understood.,Neutral,-0.005,Relatable,Social Anxiety,Instagram
COM-00410,POST-0642,2025-03-25,Why does this describe me so perfectly?,Neutral,-0.057,Relatable,Student Life,YouTube
COM-00411,POST-0352,2025-10-09,I thought I was the only one dealing with this.,Neutral,-0.095,Relatable,Dating,YouTube
COM-00412,POST-0167,2025-04-02,That is an interesting point.,Neutral,-0.026,Neutral,Student Life,Instagram
COM-00413,POST-0211,2025-09-23,This made me feel understood.,Neutral,0.074,Relatable,Student Life,YouTube
COM-00414,POST-1076,2025-04-02,Why does this describe me so perfectly?,Neutral,-0.008,Relatable,Career Anxiety,YouTube
COM-00415,POST-1046,2025-09-26,Why does this describe me so perfectly?,Positive,0.168,Relatable,Productivity,Instagram
COM-00416,POST-0468,2025-09-01,Why does this describe me so perfectly?,Neutral,0.063,Relatable,Academic Pressure,YouTube
COM-00417,POST-0453,2025-10-28,Why does this describe me so perfectly?,Negative,-0.308,Relatable,Social Anxiety,YouTube
COM-00418,POST-1036,2025-01-22,Nice post.,Neutral,-0.024,Neutral,Productivity,Instagram
COM-00419,POST-1149,2025-08-06,This made me feel understood.,Negative,-0.814,Relatable,Productivity,Instagram
COM-00420,POST-0764,2025-12-13,Why does this describe me so perfectly?,Neutral,0.044,Relatable,Student Life,Instagram
COM-00421,POST-0453,2025-10-28,Finally someone said this out loud.,Negative,-0.895,Relatable,Social Anxiety,YouTube
COM-00422,POST-0332,2025-01-15,This made me feel understood.,Positive,0.543,Relatable,Friendship,Instagram
COM-00423,POST-0823,2025-03-09,Thanks for sharing this.,Neutral,0.064,Neutral,Academic Pressure,Instagram
COM-00424,POST-1195,2025-01-27,This made me feel understood.,Positive,0.979,Relatable,Social Anxiety,Instagram
COM-00425,POST-0367,2025-05-08,Finally someone said this out loud.,Negative,-0.305,Relatable,Social Anxiety,Instagram
COM-00426,POST-1140,2025-10-06,I have been struggling with this too.,Neutral,-0.004,Relatable,Digital Burnout,Instagram
COM-00427,POST-0121,2025-08-13,I thought I was the only one dealing with this.,Neutral,-0.01,Relatable,Academic Pressure,Instagram
COM-00428,POST-1058,2025-08-08,This made me feel understood.,Neutral,0.073,Relatable,Productivity,YouTube
COM-00429,POST-1195,2025-01-27,Why does this describe me so perfectly?,Positive,0.399,Relatable,Social Anxiety,Instagram
COM-00430,POST-0584,2025-08-01,Finally someone said this out loud.,Positive,0.28,Relatable,Friendship,Instagram
COM-00431,POST-0722,2025-09-22,Finally someone said this out loud.,Neutral,0.007,Relatable,Dating,Instagram
COM-00432,POST-0794,2025-08-20,Finally someone said this out loud.,Negative,-0.987,Relatable,Friendship,Instagram
COM-00433,POST-0439,2025-04-09,I will check this out.,Neutral,-0.04,Neutral,Dating,Instagram
COM-00434,POST-0779,2025-07-10,This is exactly what student life feels like.,Positive,0.35,Relatable,Academic Pressure,Instagram
COM-00435,POST-0119,2025-01-17,I thought I was the only one dealing with this.,Positive,0.749,Relatable,Friendship,YouTube
COM-00436,POST-0310,2025-03-05,I will check this out.,Negative,-0.48,Neutral,Student Life,Instagram
COM-00437,POST-0057,2025-07-21,Finally someone said this out loud.,Positive,0.213,Relatable,Student Life,Instagram
COM-00438,POST-1148,2025-05-15,This is exactly what student life feels like.,Negative,-0.84,Relatable,Friendship,Instagram
COM-00439,POST-0151,2025-08-02,Finally someone said this out loud.,Positive,0.536,Relatable,Dating,Instagram
COM-00440,POST-0459,2025-11-27,This made me feel understood.,Positive,0.213,Relatable,Student Life,Instagram
COM-00441,POST-0029,2025-06-02,I have been struggling with this too.,Positive,0.845,Relatable,Student Life,YouTube
COM-00442,POST-0130,2025-05-05,I thought I was the only one dealing with this.,Positive,0.826,Relatable,Digital Burnout,YouTube
COM-00443,POST-0963,2025-11-20,Interesting perspective.,Positive,0.866,Neutral,Digital Burnout,YouTube
COM-00444,POST-0926,2025-10-05,Interesting perspective.,Neutral,-0.051,Neutral,Digital Burnout,YouTube
COM-00445,POST-0729,2025-07-31,Thanks for sharing this.,Positive,0.185,Neutral,Student Life,YouTube
COM-00446,POST-0065,2025-09-01,Thanks for sharing this.,Positive,0.936,Neutral,Dating,Instagram
COM-00447,POST-0035,2025-03-30,Finally someone said this out loud.,Neutral,0.033,Relatable,Academic Pressure,Instagram
COM-00448,POST-0059,2025-05-02,I have been struggling with this too.,Positive,0.674,Relatable,Social Anxiety,Instagram
COM-00449,POST-0717,2025-04-29,This made me feel understood.,Positive,0.431,Relatable,Friendship,YouTube
COM-00450,POST-0567,2025-05-19,I will check this out.,Neutral,0.031,Neutral,Career Anxiety,Instagram
COM-00451,POST-0330,2025-03-28,I have been struggling with this too.,Positive,0.24,Relatable,Digital Burnout,YouTube
COM-00452,POST-1081,2025-07-15,Nice post.,Neutral,0.047,Neutral,Friendship,Instagram
COM-00453,POST-0888,2025-10-10,Why does this describe me so perfectly?,Positive,0.339,Relatable,Career Anxiety,Instagram
COM-00454,POST-1037,2025-03-17,Thanks for sharing this.,Neutral,-0.087,Neutral,Student Life,Instagram
COM-00455,POST-0108,2025-08-22,Nice post.,Neutral,-0.028,Neutral,Student Life,Instagram
COM-00456,POST-0298,2025-06-06,This made me feel understood.,Positive,0.894,Relatable,Career Anxiety,Instagram
COM-00457,POST-0655,2025-06-24,This is exactly what student life feels like.,Positive,0.567,Relatable,Dating,Instagram
COM-00458,POST-1157,2025-04-21,This is exactly what student life feels like.,Neutral,-0.077,Relatable,Social Anxiety,Instagram
COM-00459,POST-0744,2025-06-06,This made me feel understood.,Positive,0.973,Relatable,Social Anxiety,Instagram
COM-00460,POST-0275,2025-12-31,Nice post.,Neutral,-0.007,Neutral,Career Anxiety,Instagram
COM-00461,POST-0966,2025-08-20,Nice post.,Neutral,0.063,Neutral,Academic Pressure,Instagram
COM-00462,POST-0377,2025-04-24,This made me feel understood.,Neutral,0.073,Relatable,Productivity,Instagram
COM-00463,POST-0049,2025-04-19,This made me feel understood.,Neutral,0.011,Relatable,Social Anxiety,YouTube
COM-00464,POST-0071,2025-04-28,I have been struggling with this too.,Positive,0.431,Relatable,Career Anxiety,YouTube
COM-00465,POST-0733,2025-08-20,Interesting perspective.,Positive,0.862,Neutral,Social Anxiety,Instagram
COM-00466,POST-1025,2025-03-06,Nice post.,Neutral,-0.07,Neutral,Dating,Instagram
COM-00467,POST-0702,2025-02-13,Good information.,Neutral,0.034,Neutral,Productivity,Instagram
COM-00468,POST-0197,2025-12-01,This made me feel understood.,Positive,0.897,Relatable,Friendship,YouTube
COM-00469,POST-0607,2025-10-30,This made me feel understood.,Positive,0.209,Relatable,Student Life,Instagram
COM-00470,POST-0433,2025-09-27,I thought I was the only one dealing with this.,Positive,0.389,Relatable,Friendship,YouTube
COM-00471,POST-0222,2025-03-14,Good information.,Neutral,-0.02,Neutral,Productivity,Instagram
COM-00472,POST-0944,2025-04-11,Good information.,Negative,-0.459,Neutral,Career Anxiety,Instagram
COM-00473,POST-1128,2025-09-04,Interesting perspective.,Neutral,0.011,Neutral,Productivity,Instagram
COM-00474,POST-0014,2025-06-08,This made me feel understood.,Neutral,0.015,Relatable,Productivity,YouTube
COM-00475,POST-0196,2025-01-30,Why does this describe me so perfectly?,Neutral,-0.02,Relatable,Dating,Instagram
COM-00476,POST-1197,2025-04-25,Nice post.,Neutral,-0.013,Neutral,Student Life,YouTube
COM-00477,POST-0475,2025-05-14,Nice post.,Positive,0.786,Neutral,Student Life,Instagram
COM-00478,POST-0339,2025-04-30,I thought I was the only one dealing with this.,Neutral,-0.061,Relatable,Academic Pressure,Instagram
COM-00479,POST-0098,2025-08-10,Nice post.,Neutral,0.021,Neutral,Social Anxiety,Instagram
COM-00480,POST-0013,2025-10-11,Good information.,Neutral,-0.014,Neutral,Student Life,Instagram
COM-00481,POST-0769,2025-04-30,This is exactly what student life feels like.,Positive,0.502,Relatable,Academic Pressure,Instagram
COM-00482,POST-0333,2025-05-02,I will check this out.,Neutral,-0.042,Neutral,Social Anxiety,YouTube
COM-00483,POST-0676,2025-10-19,Interesting perspective.,Positive,0.45,Neutral,Student Life,YouTube
COM-00484,POST-1161,2025-08-25,Interesting perspective.,Positive,0.363,Neutral,Digital Burnout,Instagram
COM-00485,POST-1183,2025-11-09,I will check this out.,Neutral,-0.071,Neutral,Academic Pressure,Instagram
COM-00486,POST-0058,2025-08-09,This made me feel understood.,Positive,0.615,Relatable,Dating,YouTube
COM-00487,POST-0819,2025-12-26,Why does this describe me so perfectly?,Neutral,0.028,Relatable,Social Anxiety,Instagram
COM-00488,POST-0601,2025-08-28,Why does this describe me so perfectly?,Negative,-0.291,Relatable,Friendship,YouTube
COM-00489,POST-0819,2025-12-26,I have been struggling with this too.,Positive,0.652,Relatable,Social Anxiety,Instagram
COM-00490,POST-0031,2025-03-13,This made me feel understood.,Neutral,0.098,Relatable,Academic Pressure,Instagram
COM-00491,POST-0019,2025-08-13,Good information.,Neutral,0.007,Neutral,Academic Pressure,Instagram
COM-00492,POST-0322,2025-09-18,Interesting perspective.,Neutral,-0.002,Neutral,Digital Burnout,Instagram
COM-00493,POST-1049,2025-11-05,Nice post.,Neutral,-0.019,Neutral,Student Life,Instagram
COM-00494,POST-0823,2025-03-09,Why does this describe me so perfectly?,Neutral,-0.047,Relatable,Academic Pressure,Instagram
COM-00495,POST-0805,2025-05-05,Interesting perspective.,Neutral,0.053,Neutral,Digital Burnout,YouTube
COM-00496,POST-0849,2025-11-05,This made me feel understood.,Positive,0.323,Relatable,Social Anxiety,Instagram
COM-00497,POST-0312,2025-08-07,This made me feel understood.,Neutral,0.039,Relatable,Social Anxiety,Instagram
COM-00498,POST-0573,2025-06-08,Nice post.,Neutral,0.021,Neutral,Digital Burnout,Instagram
COM-00499,POST-0720,2025-07-13,Thanks for sharing this.,Neutral,0.075,Neutral,Career Anxiety,YouTube
COM-00500,POST-0252,2025-03-15,This made me feel understood.,Positive,0.804,Relatable,Student Life,Instagram
COM-00501,POST-0568,2025-09-07,I will check this out.,Neutral,0.051,Neutral,Dating,YouTube
COM-00502,POST-0219,2025-09-17,Why does this describe me so perfectly?,Neutral,-0.014,Relatable,Digital Burnout,Instagram
COM-00503,POST-1167,2025-10-13,Finally someone said this out loud.,Positive,0.469,Relatable,Productivity,Instagram
COM-00504,POST-1102,2025-09-02,Nice post.,Neutral,-0.099,Neutral,Digital Burnout,Instagram
COM-00505,POST-0357,2025-10-09,Interesting perspective.,Negative,-0.553,Neutral,Career Anxiety,YouTube
COM-00506,POST-0557,2025-07-21,This made me feel understood.,Positive,0.55,Relatable,Social Anxiety,YouTube
COM-00507,POST-0170,2025-10-02,Interesting perspective.,Neutral,-0.097,Neutral,Academic Pressure,Instagram
COM-00508,POST-0562,2025-01-20,I will check this out.,Neutral,-0.017,Neutral,Dating,YouTube
COM-00509,POST-0689,2025-04-25,This is exactly what student life feels like.,Positive,0.93,Relatable,Social Anxiety,Instagram
COM-00510,POST-0073,2025-10-02,I have been struggling with this too.,Positive,0.886,Relatable,Career Anxiety,Instagram
COM-00511,POST-0053,2025-05-06,Why does this describe me so perfectly?,Positive,0.66,Relatable,Student Life,YouTube
COM-00512,POST-0841,2025-03-11,I thought I was the only one dealing with this.,Positive,0.153,Relatable,Digital Burnout,Instagram
COM-00513,POST-0259,2025-01-23,Why does this describe me so perfectly?,Positive,0.842,Relatable,Social Anxiety,Instagram
COM-00514,POST-0114,2025-08-23,I have been struggling with this too.,Positive,0.535,Relatable,Social Anxiety,Instagram
COM-00515,POST-0274,2025-08-09,Finally someone said this out loud.,Positive,0.963,Relatable,Dating,YouTube
COM-00516,POST-1190,2025-09-29,This made me feel understood.,Positive,0.285,Relatable,Digital Burnout,Instagram
COM-00517,POST-0319,2025-09-03,This made me feel understood.,Neutral,-0.087,Relatable,Career Anxiety,YouTube
COM-00518,POST-0402,2025-07-04,I will check this out.,Neutral,0.062,Neutral,Friendship,Instagram
COM-00519,POST-0866,2025-11-12,Interesting perspective.,Neutral,-0.022,Neutral,Friendship,YouTube
COM-00520,POST-0477,2025-12-10,This is exactly what student life feels like.,Positive,0.78,Relatable,Friendship,Instagram
COM-00521,POST-0948,2025-06-24,Why does this describe me so perfectly?,Neutral,0.035,Relatable,Productivity,Instagram
COM-00522,POST-0611,2025-11-26,Why does this describe me so perfectly?,Positive,0.895,Relatable,Dating,YouTube
COM-00523,POST-0305,2025-09-14,Interesting perspective.,Neutral,0.033,Neutral,Friendship,Instagram
COM-00524,POST-0238,2025-04-12,This made me feel understood.,Positive,0.193,Relatable,Student Life,Instagram
COM-00525,POST-0492,2025-07-19,This is exactly what student life feels like.,Positive,0.687,Relatable,Social Anxiety,YouTube
COM-00526,POST-0609,2025-08-01,I have been struggling with this too.,Positive,0.376,Relatable,Career Anxiety,Instagram
COM-00527,POST-0279,2025-08-27,I thought I was the only one dealing with this.,Neutral,0.03,Relatable,Dating,Instagram
COM-00528,POST-0826,2025-02-19,This is exactly what student life feels like.,Positive,0.753,Relatable,Academic Pressure,YouTube
COM-00529,POST-1113,2025-03-08,Finally someone said this out loud.,Positive,0.945,Relatable,Dating,Instagram
COM-00530,POST-1084,2025-01-21,Interesting perspective.,Positive,0.485,Neutral,Productivity,Instagram
COM-00531,POST-0091,2025-02-09,This is exactly what student life feels like.,Positive,0.383,Relatable,Dating,Instagram
COM-00532,POST-0188,2025-10-29,That is an interesting point.,Negative,-0.519,Neutral,Social Anxiety,Instagram
COM-00533,POST-0059,2025-05-02,Why does this describe me so perfectly?,Neutral,-0.035,Relatable,Social Anxiety,Instagram
COM-00534,POST-0356,2025-10-04,This is exactly what student life feels like.,Positive,0.894,Relatable,Social Anxiety,Instagram
COM-00535,POST-0326,2025-02-03,Nice post.,Neutral,-0.029,Neutral,Digital Burnout,Instagram
COM-00536,POST-1131,2025-09-01,Nice post.,Neutral,-0.041,Neutral,Academic Pressure,Instagram
COM-00537,POST-1161,2025-08-25,This is exactly what student life feels like.,Positive,0.467,Relatable,Digital Burnout,Instagram
COM-00538,POST-0042,2025-06-30,Thanks for sharing this.,Positive,0.155,Neutral,Digital Burnout,Instagram
COM-00539,POST-1072,2025-08-17,Good information.,Neutral,0.045,Neutral,Digital Burnout,Instagram
COM-00540,POST-0890,2025-11-14,I will check this out.,Positive,0.549,Neutral,Social Anxiety,YouTube
COM-00541,POST-0666,2025-06-03,That is an interesting point.,Positive,0.492,Neutral,Career Anxiety,YouTube
COM-00542,POST-0972,2025-11-17,Good information.,Positive,0.447,Neutral,Digital Burnout,Instagram
COM-00543,POST-0193,2025-01-21,This is exactly what student life feels like.,Negative,-0.439,Relatable,Friendship,YouTube
COM-00544,POST-0865,2025-01-31,Finally someone said this out loud.,Positive,0.552,Relatable,Friendship,Instagram
COM-00545,POST-0217,2025-11-02,Thanks for sharing this.,Neutral,-0.03,Neutral,Dating,Instagram
COM-00546,POST-0758,2025-11-11,I have been struggling with this too.,Positive,0.175,Relatable,Productivity,Instagram
COM-00547,POST-0016,2025-06-05,I thought I was the only one dealing with this.,Negative,-0.872,Relatable,Digital Burnout,Instagram
COM-00548,POST-0068,2025-05-14,I thought I was the only one dealing with this.,Positive,0.897,Relatable,Career Anxiety,Instagram
COM-00549,POST-0018,2025-11-21,Nice post.,Neutral,0.067,Neutral,Academic Pressure,Instagram
COM-00550,POST-0695,2025-08-02,Why does this describe me so perfectly?,Positive,0.433,Relatable,Digital Burnout,Instagram
COM-00551,POST-1151,2025-07-28,Interesting perspective.,Neutral,0.089,Neutral,Dating,YouTube
COM-00552,POST-0778,2025-02-11,Finally someone said this out loud.,Positive,0.539,Relatable,Academic Pressure,Instagram
COM-00553,POST-0807,2025-10-29,Nice post.,Negative,-0.307,Neutral,Friendship,Instagram
COM-00554,POST-0033,2025-04-24,Good information.,Positive,0.285,Neutral,Career Anxiety,YouTube
COM-00555,POST-0049,2025-04-19,Good information.,Neutral,-0.084,Neutral,Social Anxiety,YouTube
COM-00556,POST-0866,2025-11-12,This is exactly what student life feels like.,Neutral,0.016,Relatable,Friendship,YouTube
COM-00557,POST-0455,2025-05-23,I will check this out.,Neutral,-0.038,Neutral,Academic Pressure,YouTube
COM-00558,POST-0263,2025-02-16,I thought I was the only one dealing with this.,Positive,0.34,Relatable,Productivity,Instagram
COM-00559,POST-0125,2025-06-16,Why does this describe me so perfectly?,Neutral,-0.04,Relatable,Student Life,Instagram
COM-00560,POST-0073,2025-10-02,I have been struggling with this too.,Positive,0.927,Relatable,Career Anxiety,Instagram
COM-00561,POST-1006,2025-08-26,Finally someone said this out loud.,Positive,0.297,Relatable,Social Anxiety,Instagram
COM-00562,POST-0128,2025-07-13,Nice post.,Neutral,-0.081,Neutral,Academic Pressure,Instagram
COM-00563,POST-0507,2025-05-25,Why does this describe me so perfectly?,Positive,0.81,Relatable,Productivity,Instagram
COM-00564,POST-0750,2025-05-02,Why does this describe me so perfectly?,Positive,0.208,Relatable,Student Life,Instagram
COM-00565,POST-1023,2025-09-01,I thought I was the only one dealing with this.,Positive,0.635,Relatable,Social Anxiety,Instagram
COM-00566,POST-0387,2025-12-05,Why does this describe me so perfectly?,Neutral,0.064,Relatable,Social Anxiety,YouTube
COM-00567,POST-0561,2025-05-08,That is an interesting point.,Neutral,0.045,Neutral,Student Life,YouTube
COM-00568,POST-0762,2025-09-13,Good information.,Neutral,-0.019,Neutral,Dating,Instagram
COM-00569,POST-0874,2025-04-15,Why does this describe me so perfectly?,Positive,0.567,Relatable,Social Anxiety,Instagram
COM-00570,POST-0352,2025-10-09,I thought I was the only one dealing with this.,Neutral,0.083,Relatable,Dating,YouTube
COM-00571,POST-0621,2025-03-04,This is exactly what student life feels like.,Positive,0.169,Relatable,Academic Pressure,Instagram
COM-00572,POST-0378,2025-09-25,Nice post.,Negative,-0.839,Neutral,Student Life,Instagram
COM-00573,POST-0873,2025-11-10,Why does this describe me so perfectly?,Positive,0.377,Relatable,Digital Burnout,YouTube
COM-00574,POST-0729,2025-07-31,This made me feel understood.,Positive,0.87,Relatable,Student Life,YouTube
COM-00575,POST-1132,2025-12-30,Finally someone said this out loud.,Positive,0.251,Relatable,Student Life,Instagram
COM-00576,POST-0726,2025-03-20,This made me feel understood.,Neutral,-0.056,Relatable,Digital Burnout,YouTube
COM-00577,POST-1014,2025-02-01,Nice post.,Positive,0.566,Neutral,Career Anxiety,Instagram
COM-00578,POST-0036,2025-02-13,I have been struggling with this too.,Neutral,0.041,Relatable,Friendship,YouTube
COM-00579,POST-0954,2025-03-25,Why does this describe me so perfectly?,Positive,0.784,Relatable,Digital Burnout,YouTube
COM-00580,POST-0216,2025-12-27,That is an interesting point.,Positive,0.288,Neutral,Productivity,YouTube
COM-00581,POST-0750,2025-05-02,That is an interesting point.,Positive,0.527,Neutral,Student Life,Instagram
COM-00582,POST-0855,2025-07-05,Thanks for sharing this.,Neutral,-0.06,Neutral,Dating,YouTube
COM-00583,POST-0554,2025-11-06,This made me feel understood.,Positive,0.988,Relatable,Dating,Instagram
COM-00584,POST-0554,2025-11-06,Why does this describe me so perfectly?,Positive,0.533,Relatable,Dating,Instagram
COM-00585,POST-0387,2025-12-05,Why does this describe me so perfectly?,Neutral,-0.06,Relatable,Social Anxiety,YouTube
COM-00586,POST-0039,2025-03-23,Why does this describe me so perfectly?,Positive,0.685,Relatable,Digital Burnout,Instagram
COM-00587,POST-0529,2025-09-30,Why does this describe me so perfectly?,Positive,0.987,Relatable,Student Life,Instagram
COM-00588,POST-0500,2025-01-30,Why does this describe me so perfectly?,Neutral,-0.03,Relatable,Career Anxiety,Instagram
COM-00589,POST-1048,2025-07-07,I thought I was the only one dealing with this.,Negative,-0.801,Relatable,Student Life,YouTube
COM-00590,POST-0653,2025-03-28,This made me feel understood.,Positive,0.486,Relatable,Friendship,Instagram
COM-00591,POST-1132,2025-12-30,Finally someone said this out loud.,Neutral,-0.069,Relatable,Student Life,Instagram
COM-00592,POST-0592,2025-09-09,Nice post.,Positive,0.586,Neutral,Productivity,YouTube
COM-00593,POST-0966,2025-08-20,I thought I was the only one dealing with this.,Positive,0.454,Relatable,Academic Pressure,Instagram
COM-00594,POST-0527,2025-10-20,Interesting perspective.,Neutral,-0.027,Neutral,Student Life,YouTube
COM-00595,POST-0054,2025-02-06,Finally someone said this out loud.,Positive,0.768,Relatable,Career Anxiety,YouTube
COM-00596,POST-0737,2025-05-28,This is exactly what student life feels like.,Positive,0.396,Relatable,Career Anxiety,Instagram
COM-00597,POST-0801,2025-04-20,Nice post.,Neutral,0.044,Neutral,Productivity,Instagram
COM-00598,POST-0352,2025-10-09,I thought I was the only one dealing with this.,Neutral,-0.01,Relatable,Dating,YouTube
COM-00599,POST-0840,2025-07-16,This made me feel understood.,Positive,0.796,Relatable,Student Life,Instagram
COM-00600,POST-0613,2025-02-10,Thanks for sharing this.,Neutral,0.056,Neutral,Career Anxiety,Instagram
COM-00601,POST-1006,2025-08-26,I thought I was the only one dealing with this.,Positive,0.383,Relatable,Social Anxiety,Instagram
COM-00602,POST-0833,2025-09-27,Good information.,Neutral,-0.028,Neutral,Career Anxiety,Instagram
COM-00603,POST-0851,2025-07-28,Interesting perspective.,Neutral,0.052,Neutral,Friendship,Instagram
COM-00604,POST-0008,2025-04-23,I will check this out.,Positive,0.447,Neutral,Friendship,YouTube
COM-00605,POST-0196,2025-01-30,I have been struggling with this too.,Positive,0.879,Relatable,Dating,Instagram
COM-00606,POST-0356,2025-10-04,Interesting perspective.,Neutral,-0.019,Neutral,Social Anxiety,Instagram
COM-00607,POST-0149,2025-07-12,This is exactly what student life feels like.,Positive,0.212,Relatable,Academic Pressure,Instagram
COM-00608,POST-0799,2025-10-28,This made me feel understood.,Positive,0.722,Relatable,Productivity,Instagram
COM-00609,POST-1063,2025-02-12,Finally someone said this out loud.,Positive,0.863,Relatable,Productivity,YouTube
COM-00610,POST-0142,2025-06-09,Why does this describe me so perfectly?,Positive,0.408,Relatable,Digital Burnout,Instagram
COM-00611,POST-0266,2025-08-04,Thanks for sharing this.,Negative,-0.186,Neutral,Academic Pressure,Instagram
COM-00612,POST-0353,2025-11-12,Thanks for sharing this.,Positive,0.35,Neutral,Student Life,Instagram
COM-00613,POST-1072,2025-08-17,Finally someone said this out loud.,Positive,0.738,Relatable,Digital Burnout,Instagram
COM-00614,POST-0927,2025-09-29,This made me feel understood.,Neutral,0.079,Relatable,Career Anxiety,Instagram
COM-00615,POST-0235,2025-01-29,Finally someone said this out loud.,Neutral,-0.046,Relatable,Student Life,Instagram
COM-00616,POST-0032,2025-02-12,Nice post.,Neutral,-0.037,Neutral,Career Anxiety,YouTube
COM-00617,POST-0629,2025-05-03,I thought I was the only one dealing with this.,Positive,0.761,Relatable,Dating,YouTube
COM-00618,POST-0571,2025-12-08,Finally someone said this out loud.,Neutral,-0.015,Relatable,Social Anxiety,Instagram
COM-00619,POST-1018,2025-02-09,This is exactly what student life feels like.,Positive,0.609,Relatable,Academic Pressure,YouTube
COM-00620,POST-1109,2025-12-05,Interesting perspective.,Neutral,0.005,Neutral,Academic Pressure,Instagram
COM-00621,POST-0331,2025-03-21,That is an interesting point.,Neutral,0.011,Neutral,Dating,YouTube
COM-00622,POST-0641,2025-01-02,I will check this out.,Positive,0.298,Neutral,Productivity,Instagram
COM-00623,POST-0761,2025-09-26,This is exactly what student life feels like.,Positive,0.724,Relatable,Social Anxiety,Instagram
COM-00624,POST-0407,2025-01-07,Interesting perspective.,Neutral,-0.006,Neutral,Career Anxiety,Instagram
COM-00625,POST-0708,2025-01-21,Good information.,Neutral,-0.069,Neutral,Friendship,Instagram
COM-00626,POST-0059,2025-05-02,I have been struggling with this too.,Negative,-0.389,Relatable,Social Anxiety,Instagram
COM-00627,POST-0130,2025-05-05,This is exactly what student life feels like.,Neutral,-0.037,Relatable,Digital Burnout,YouTube
COM-00628,POST-0290,2025-01-22,I thought I was the only one dealing with this.,Positive,0.366,Relatable,Student Life,Instagram
COM-00629,POST-0565,2025-12-09,Why does this describe me so perfectly?,Negative,-0.255,Relatable,Productivity,Instagram
COM-00630,POST-0672,2025-12-08,Interesting perspective.,Neutral,-0.044,Neutral,Social Anxiety,YouTube
COM-00631,POST-0912,2025-02-16,This made me feel understood.,Neutral,0.041,Relatable,Student Life,Instagram
COM-00632,POST-0216,2025-12-27,Nice post.,Positive,0.908,Neutral,Productivity,YouTube
COM-00633,POST-0383,2025-06-18,I thought I was the only one dealing with this.,Neutral,-0.063,Relatable,Academic Pressure,Instagram
COM-00634,POST-0445,2025-08-10,This made me feel understood.,Neutral,0.002,Relatable,Digital Burnout,Instagram
COM-00635,POST-0531,2025-01-06,Thanks for sharing this.,Neutral,0.047,Neutral,Social Anxiety,Instagram
COM-00636,POST-0641,2025-01-02,Finally someone said this out loud.,Negative,-0.583,Relatable,Productivity,Instagram
COM-00637,POST-0332,2025-01-15,Why does this describe me so perfectly?,Positive,0.608,Relatable,Friendship,Instagram
COM-00638,POST-0432,2025-08-06,Thanks for sharing this.,Neutral,-0.038,Neutral,Friendship,Instagram
COM-00639,POST-0589,2025-12-17,Finally someone said this out loud.,Neutral,-0.015,Relatable,Dating,Instagram
COM-00640,POST-1092,2025-07-17,Why does this describe me so perfectly?,Neutral,-0.045,Relatable,Career Anxiety,YouTube
COM-00641,POST-0734,2025-06-09,Good information.,Neutral,-0.03,Neutral,Productivity,Instagram
COM-00642,POST-0582,2025-03-24,Interesting perspective.,Neutral,0.045,Neutral,Academic Pressure,Instagram
COM-00643,POST-0208,2025-02-20,I will check this out.,Neutral,0.043,Neutral,Friendship,YouTube
COM-00644,POST-1009,2025-05-09,This made me feel understood.,Positive,0.61,Relatable,Productivity,YouTube
COM-00645,POST-0195,2025-08-09,I thought I was the only one dealing with this.,Neutral,0.09,Relatable,Social Anxiety,Instagram
COM-00646,POST-0837,2025-12-24,I thought I was the only one dealing with this.,Positive,0.236,Relatable,Student Life,YouTube
COM-00647,POST-0623,2025-12-15,Finally someone said this out loud.,Neutral,-0.082,Relatable,Academic Pressure,Instagram
COM-00648,POST-1055,2025-07-20,I have been struggling with this too.,Positive,0.382,Relatable,Productivity,Instagram
COM-00649,POST-0464,2025-07-14,I thought I was the only one dealing with this.,Positive,0.508,Relatable,Academic Pressure,Instagram
COM-00650,POST-1183,2025-11-09,This made me feel understood.,Positive,0.822,Relatable,Academic Pressure,Instagram
COM-00651,POST-1006,2025-08-26,Good information.,Positive,0.917,Neutral,Social Anxiety,Instagram
COM-00652,POST-1085,2025-06-26,Thanks for sharing this.,Neutral,-0.008,Neutral,Productivity,YouTube
COM-00653,POST-0364,2025-07-14,This made me feel understood.,Positive,0.371,Relatable,Friendship,YouTube
COM-00654,POST-0206,2025-10-10,I thought I was the only one dealing with this.,Positive,0.321,Relatable,Career Anxiety,Instagram
COM-00655,POST-0209,2025-09-24,Interesting perspective.,Negative,-0.55,Neutral,Digital Burnout,Instagram
COM-00656,POST-0910,2025-05-13,Thanks for sharing this.,Neutral,0.079,Neutral,Digital Burnout,Instagram
COM-00657,POST-0745,2025-08-31,Interesting perspective.,Positive,0.201,Neutral,Career Anxiety,Instagram
COM-00658,POST-0042,2025-06-30,Good information.,Neutral,-0.099,Neutral,Digital Burnout,Instagram
COM-00659,POST-0826,2025-02-19,That is an interesting point.,Neutral,-0.002,Neutral,Academic Pressure,YouTube
COM-00660,POST-0008,2025-04-23,That is an interesting point.,Neutral,-0.076,Neutral,Friendship,YouTube
COM-00661,POST-0896,2025-04-05,Why does this describe me so perfectly?,Positive,0.658,Relatable,Social Anxiety,YouTube
COM-00662,POST-0649,2025-07-09,This is exactly what student life feels like.,Negative,-0.676,Relatable,Friendship,Instagram
COM-00663,POST-0443,2025-11-17,I have been struggling with this too.,Neutral,-0.012,Relatable,Student Life,Instagram
COM-00664,POST-0732,2025-12-26,That is an interesting point.,Positive,0.15,Neutral,Productivity,YouTube
COM-00665,POST-0507,2025-05-25,Finally someone said this out loud.,Neutral,0.071,Relatable,Productivity,Instagram
COM-00666,POST-0250,2025-06-13,Interesting perspective.,Neutral,-0.058,Neutral,Social Anxiety,YouTube
COM-00667,POST-0764,2025-12-13,I thought I was the only one dealing with this.,Neutral,0.034,Relatable,Student Life,Instagram
COM-00668,POST-0086,2025-04-24,I thought I was the only one dealing with this.,Positive,0.846,Relatable,Career Anxiety,YouTube
COM-00669,POST-0626,2025-12-27,Finally someone said this out loud.,Positive,0.554,Relatable,Digital Burnout,Instagram
COM-00670,POST-0560,2025-09-06,That is an interesting point.,Neutral,-0.09,Neutral,Digital Burnout,YouTube
COM-00671,POST-0277,2025-06-30,Why does this describe me so perfectly?,Positive,0.577,Relatable,Student Life,YouTube
COM-00672,POST-0454,2025-05-08,Why does this describe me so perfectly?,Positive,0.631,Relatable,Career Anxiety,Instagram
COM-00673,POST-1083,2025-11-21,This is exactly what student life feels like.,Neutral,-0.094,Relatable,Social Anxiety,Instagram
COM-00674,POST-0367,2025-05-08,This made me feel understood.,Positive,0.53,Relatable,Social Anxiety,Instagram
COM-00675,POST-0083,2025-10-24,That is an interesting point.,Neutral,0.019,Neutral,Digital Burnout,Instagram
COM-00676,POST-0214,2025-07-25,Why does this describe me so perfectly?,Neutral,0.086,Relatable,Productivity,YouTube
COM-00677,POST-0206,2025-10-10,That is an interesting point.,Neutral,-0.046,Neutral,Career Anxiety,Instagram
COM-00678,POST-1062,2025-02-17,I will check this out.,Positive,0.284,Neutral,Academic Pressure,Instagram
COM-00679,POST-0633,2025-05-27,Good information.,Positive,0.218,Neutral,Digital Burnout,Instagram
COM-00680,POST-0198,2025-04-13,Good information.,Negative,-0.347,Neutral,Career Anxiety,Instagram
COM-00681,POST-0890,2025-11-14,Thanks for sharing this.,Neutral,-0.093,Neutral,Social Anxiety,YouTube
COM-00682,POST-1145,2025-09-01,Finally someone said this out loud.,Positive,0.491,Relatable,Academic Pressure,Instagram
COM-00683,POST-0992,2025-03-31,This is exactly what student life feels like.,Positive,0.643,Relatable,Social Anxiety,Instagram
COM-00684,POST-0577,2025-03-29,I have been struggling with this too.,Neutral,-0.005,Relatable,Productivity,YouTube
COM-00685,POST-0454,2025-05-08,That is an interesting point.,Neutral,-0.093,Neutral,Career Anxiety,Instagram
COM-00686,POST-0010,2025-07-18,I will check this out.,Neutral,-0.056,Neutral,Digital Burnout,YouTube
COM-00687,POST-0171,2025-07-22,Nice post.,Neutral,0.039,Neutral,Social Anxiety,Instagram
COM-00688,POST-0371,2025-02-15,This is exactly what student life feels like.,Negative,-0.679,Relatable,Friendship,Instagram
COM-00689,POST-0515,2025-07-01,I have been struggling with this too.,Negative,-0.499,Relatable,Academic Pressure,Instagram
COM-00690,POST-0657,2025-01-13,Good information.,Neutral,0.041,Neutral,Dating,Instagram
COM-00691,POST-0693,2025-04-22,I will check this out.,Neutral,-0.036,Neutral,Digital Burnout,Instagram
COM-00692,POST-0241,2025-05-28,I have been struggling with this too.,Positive,0.815,Relatable,Academic Pressure,Instagram
COM-00693,POST-0672,2025-12-08,That is an interesting point.,Neutral,0.023,Neutral,Social Anxiety,YouTube
COM-00694,POST-1041,2025-10-08,This is exactly what student life feels like.,Positive,0.913,Relatable,Productivity,Instagram
COM-00695,POST-0328,2025-04-01,I will check this out.,Neutral,0.092,Neutral,Student Life,YouTube
COM-00696,POST-0026,2025-11-24,I have been struggling with this too.,Positive,0.209,Relatable,Career Anxiety,Instagram
COM-00697,POST-0161,2025-04-20,This made me feel understood.,Positive,0.738,Relatable,Career Anxiety,Instagram
COM-00698,POST-0386,2025-03-11,I thought I was the only one dealing with this.,Neutral,-0.005,Relatable,Career Anxiety,Instagram
COM-00699,POST-0176,2025-09-30,I will check this out.,Neutral,-0.036,Neutral,Friendship,Instagram
COM-00700,POST-1149,2025-08-06,Finally someone said this out loud.,Negative,-0.266,Relatable,Productivity,Instagram
COM-00701,POST-1198,2025-12-12,I have been struggling with this too.,Positive,0.832,Relatable,Dating,Instagram
COM-00702,POST-0981,2025-01-13,I have been struggling with this too.,Positive,0.854,Relatable,Social Anxiety,YouTube
COM-00703,POST-0034,2025-06-13,Good information.,Positive,0.307,Neutral,Digital Burnout,Instagram
COM-00704,POST-0671,2025-08-27,I thought I was the only one dealing with this.,Positive,0.694,Relatable,Friendship,Instagram
COM-00705,POST-1175,2025-10-28,This made me feel understood.,Positive,0.997,Relatable,Digital Burnout,YouTube
COM-00706,POST-0657,2025-01-13,I will check this out.,Positive,0.207,Neutral,Dating,Instagram
COM-00707,POST-0636,2025-07-26,I have been struggling with this too.,Positive,0.703,Relatable,Digital Burnout,YouTube
COM-00708,POST-0462,2025-09-19,I thought I was the only one dealing with this.,Neutral,0.019,Relatable,Academic Pressure,Instagram
COM-00709,POST-0311,2025-12-24,Why does this describe me so perfectly?,Neutral,-0.084,Relatable,Productivity,Instagram
COM-00710,POST-0066,2025-06-10,Interesting perspective.,Positive,0.46,Neutral,Career Anxiety,YouTube
COM-00711,POST-0129,2025-11-08,This made me feel understood.,Positive,0.823,Relatable,Productivity,Instagram
COM-00712,POST-0763,2025-12-02,Why does this describe me so perfectly?,Negative,-0.626,Relatable,Career Anxiety,Instagram
COM-00713,POST-0970,2025-10-24,Why does this describe me so perfectly?,Positive,0.512,Relatable,Dating,YouTube
COM-00714,POST-0858,2025-03-24,I have been struggling with this too.,Positive,0.817,Relatable,Academic Pressure,YouTube
COM-00715,POST-1086,2025-10-10,This made me feel understood.,Positive,0.906,Relatable,Friendship,Instagram
COM-00716,POST-0931,2025-09-01,This is exactly what student life feels like.,Positive,0.391,Relatable,Productivity,Instagram
COM-00717,POST-0620,2025-10-15,This is exactly what student life feels like.,Positive,0.492,Relatable,Friendship,Instagram
COM-00718,POST-0509,2025-07-04,Nice post.,Positive,0.487,Neutral,Dating,Instagram
COM-00719,POST-0764,2025-12-13,That is an interesting point.,Neutral,-0.045,Neutral,Student Life,Instagram
COM-00720,POST-0619,2025-09-09,I will check this out.,Negative,-0.263,Neutral,Career Anxiety,YouTube
COM-00721,POST-0343,2025-11-07,That is an interesting point.,Neutral,-0.028,Neutral,Dating,Instagram
COM-00722,POST-0379,2025-04-12,I thought I was the only one dealing with this.,Neutral,0.022,Relatable,Career Anxiety,Instagram
COM-00723,POST-0123,2025-05-05,This made me feel understood.,Positive,0.307,Relatable,Career Anxiety,Instagram
COM-00724,POST-1004,2025-10-06,I have been struggling with this too.,Negative,-0.897,Relatable,Career Anxiety,Instagram
COM-00725,POST-0739,2025-08-05,I thought I was the only one dealing with this.,Positive,0.905,Relatable,Social Anxiety,Instagram
COM-00726,POST-0911,2025-06-06,Nice post.,Neutral,0.098,Neutral,Dating,Instagram
COM-00727,POST-0281,2025-12-25,This made me feel understood.,Positive,0.994,Relatable,Career Anxiety,Instagram
COM-00728,POST-1106,2025-11-21,This is exactly what student life feels like.,Positive,0.838,Relatable,Productivity,Instagram
COM-00729,POST-1141,2025-01-23,Why does this describe me so perfectly?,Neutral,0.068,Relatable,Academic Pressure,Instagram
COM-00730,POST-0402,2025-07-04,Finally someone said this out loud.,Neutral,-0.02,Relatable,Friendship,Instagram
COM-00731,POST-0209,2025-09-24,This made me feel understood.,Neutral,0.017,Relatable,Digital Burnout,Instagram
COM-00732,POST-0933,2025-11-03,I thought I was the only one dealing with this.,Neutral,-0.059,Relatable,Dating,Instagram
COM-00733,POST-0819,2025-12-26,I thought I was the only one dealing with this.,Positive,0.249,Relatable,Social Anxiety,Instagram
COM-00734,POST-0916,2025-01-10,I have been struggling with this too.,Positive,0.633,Relatable,Productivity,Instagram
COM-00735,POST-0849,2025-11-05,This is exactly what student life feels like.,Neutral,0.019,Relatable,Social Anxiety,Instagram
COM-00736,POST-0515,2025-07-01,Why does this describe me so perfectly?,Neutral,0.087,Relatable,Academic Pressure,Instagram
COM-00737,POST-0541,2025-03-06,I have been struggling with this too.,Neutral,0.077,Relatable,Productivity,Instagram
COM-00738,POST-0325,2025-12-16,Interesting perspective.,Neutral,-0.007,Neutral,Digital Burnout,YouTube
COM-00739,POST-0605,2025-03-18,This made me feel understood.,Neutral,0.023,Relatable,Productivity,Instagram
COM-00740,POST-0466,2025-01-07,Nice post.,Neutral,0.086,Neutral,Social Anxiety,Instagram
COM-00741,POST-0608,2025-12-07,Good information.,Neutral,0.055,Neutral,Academic Pressure,YouTube
COM-00742,POST-1091,2025-08-26,This is exactly what student life feels like.,Positive,0.408,Relatable,Career Anxiety,YouTube
COM-00743,POST-0807,2025-10-29,Thanks for sharing this.,Negative,-0.837,Neutral,Friendship,Instagram
COM-00744,POST-0263,2025-02-16,I will check this out.,Neutral,-0.049,Neutral,Productivity,Instagram
COM-00745,POST-0930,2025-01-13,Finally someone said this out loud.,Positive,0.447,Relatable,Social Anxiety,YouTube
COM-00746,POST-0025,2025-01-05,Why does this describe me so perfectly?,Positive,0.525,Relatable,Dating,YouTube
COM-00747,POST-0795,2025-08-10,This made me feel understood.,Positive,0.328,Relatable,Productivity,Instagram
COM-00748,POST-0084,2025-06-19,Finally someone said this out loud.,Positive,0.454,Relatable,Career Anxiety,Instagram
COM-00749,POST-0455,2025-05-23,Finally someone said this out loud.,Negative,-0.787,Relatable,Academic Pressure,YouTube
COM-00750,POST-0399,2025-08-29,Thanks for sharing this.,Neutral,0.096,Neutral,Social Anxiety,YouTube
COM-00751,POST-0419,2025-07-03,I thought I was the only one dealing with this.,Positive,0.931,Relatable,Dating,Instagram
COM-00752,POST-0640,2025-04-24,This is exactly what student life feels like.,Neutral,0.012,Relatable,Dating,Instagram
COM-00753,POST-0700,2025-06-15,Interesting perspective.,Neutral,-0.057,Neutral,Career Anxiety,Instagram
COM-00754,POST-1006,2025-08-26,Interesting perspective.,Neutral,-0.003,Neutral,Social Anxiety,Instagram
COM-00755,POST-0646,2025-05-29,I will check this out.,Neutral,-0.031,Neutral,Friendship,Instagram
COM-00756,POST-0267,2025-04-05,Thanks for sharing this.,Positive,0.272,Neutral,Friendship,Instagram
COM-00757,POST-0892,2025-08-18,This made me feel understood.,Positive,0.931,Relatable,Career Anxiety,YouTube
COM-00758,POST-0859,2025-12-31,Nice post.,Neutral,0.009,Neutral,Student Life,Instagram
COM-00759,POST-0258,2025-09-22,This made me feel understood.,Positive,0.453,Relatable,Digital Burnout,Instagram
COM-00760,POST-0014,2025-06-08,Why does this describe me so perfectly?,Neutral,-0.085,Relatable,Productivity,YouTube
COM-00761,POST-0808,2025-06-01,Interesting perspective.,Neutral,-0.063,Neutral,Student Life,YouTube
COM-00762,POST-0662,2025-03-09,Thanks for sharing this.,Neutral,-0.059,Neutral,Productivity,Instagram
COM-00763,POST-0791,2025-11-03,This is exactly what student life feels like.,Negative,-0.965,Relatable,Digital Burnout,Instagram
COM-00764,POST-0299,2025-11-20,This made me feel understood.,Positive,0.829,Relatable,Dating,YouTube
COM-00765,POST-1186,2025-09-24,Nice post.,Neutral,-0.018,Neutral,Digital Burnout,Instagram
COM-00766,POST-0733,2025-08-20,This is exactly what student life feels like.,Positive,0.714,Relatable,Social Anxiety,Instagram
COM-00767,POST-0834,2025-04-11,That is an interesting point.,Neutral,0.047,Neutral,Social Anxiety,Instagram
COM-00768,POST-1093,2025-12-31,I will check this out.,Neutral,-0.088,Neutral,Academic Pressure,YouTube
COM-00769,POST-0021,2025-08-07,I have been struggling with this too.,Negative,-0.549,Relatable,Career Anxiety,Instagram
COM-00770,POST-0543,2025-02-02,Why does this describe me so perfectly?,Neutral,-0.057,Relatable,Friendship,Instagram
COM-00771,POST-1138,2025-01-25,Thanks for sharing this.,Negative,-0.51,Neutral,Academic Pressure,YouTube
COM-00772,POST-0978,2025-08-19,Thanks for sharing this.,Positive,0.237,Neutral,Academic Pressure,YouTube
COM-00773,POST-1057,2025-07-04,Finally someone said this out loud.,Neutral,-0.031,Relatable,Academic Pressure,YouTube
COM-00774,POST-0538,2025-10-21,Good information.,Neutral,-0.098,Neutral,Student Life,Instagram
COM-00775,POST-0583,2025-12-23,Finally someone said this out loud.,Positive,0.205,Relatable,Friendship,YouTube
COM-00776,POST-0640,2025-04-24,Good information.,Positive,0.352,Neutral,Dating,Instagram
COM-00777,POST-0845,2025-01-20,This is exactly what student life feels like.,Neutral,-0.024,Relatable,Friendship,Instagram
COM-00778,POST-1003,2025-07-15,Interesting perspective.,Positive,0.762,Neutral,Dating,Instagram
COM-00779,POST-0393,2025-02-18,This made me feel understood.,Positive,0.511,Relatable,Productivity,Instagram
COM-00780,POST-0517,2025-08-21,I thought I was the only one dealing with this.,Positive,0.703,Relatable,Dating,Instagram
COM-00781,POST-0892,2025-08-18,I will check this out.,Neutral,0.069,Neutral,Career Anxiety,YouTube
COM-00782,POST-1147,2025-01-07,This is exactly what student life feels like.,Positive,0.691,Relatable,Friendship,Instagram
COM-00783,POST-0834,2025-04-11,I have been struggling with this too.,Positive,0.775,Relatable,Social Anxiety,Instagram
COM-00784,POST-0304,2025-07-22,I have been struggling with this too.,Positive,0.876,Relatable,Productivity,YouTube
COM-00785,POST-0416,2025-10-31,Nice post.,Neutral,0.095,Neutral,Friendship,Instagram
COM-00786,POST-0500,2025-01-30,Why does this describe me so perfectly?,Positive,0.622,Relatable,Career Anxiety,Instagram
COM-00787,POST-0823,2025-03-09,I thought I was the only one dealing with this.,Positive,0.756,Relatable,Academic Pressure,Instagram
COM-00788,POST-0945,2025-10-23,Finally someone said this out loud.,Positive,0.411,Relatable,Dating,YouTube
COM-00789,POST-0152,2025-12-17,This is exactly what student life feels like.,Positive,0.7,Relatable,Productivity,YouTube
COM-00790,POST-0210,2025-07-16,I have been struggling with this too.,Positive,0.413,Relatable,Career Anxiety,Instagram
COM-00791,POST-0152,2025-12-17,I will check this out.,Positive,0.782,Neutral,Productivity,YouTube
COM-00792,POST-0853,2025-09-11,Why does this describe me so perfectly?,Positive,0.391,Relatable,Career Anxiety,YouTube
COM-00793,POST-0104,2025-09-29,Finally someone said this out loud.,Neutral,-0.018,Relatable,Social Anxiety,YouTube
COM-00794,POST-1190,2025-09-29,I will check this out.,Neutral,0.043,Neutral,Digital Burnout,Instagram
COM-00795,POST-0410,2025-01-28,This is exactly what student life feels like.,Neutral,-0.037,Relatable,Dating,YouTube
COM-00796,POST-0917,2025-07-10,Interesting perspective.,Neutral,-0.084,Neutral,Social Anxiety,YouTube
COM-00797,POST-0201,2025-03-10,Finally someone said this out loud.,Neutral,-0.076,Relatable,Student Life,Instagram
COM-00798,POST-0839,2025-12-07,Finally someone said this out loud.,Negative,-0.169,Relatable,Digital Burnout,Instagram
COM-00799,POST-0899,2025-06-08,I thought I was the only one dealing with this.,Neutral,-0.068,Relatable,Academic Pressure,YouTube
COM-00800,POST-0912,2025-02-16,This made me feel understood.,Neutral,0.095,Relatable,Student Life,Instagram
COM-00801,POST-0440,2025-11-28,Finally someone said this out loud.,Negative,-0.286,Relatable,Academic Pressure,Instagram
COM-00802,POST-0479,2025-05-31,This made me feel understood.,Positive,0.248,Relatable,Digital Burnout,Instagram
COM-00803,POST-0432,2025-08-06,That is an interesting point.,Positive,0.357,Neutral,Friendship,Instagram
COM-00804,POST-0903,2025-12-28,Finally someone said this out loud.,Positive,0.767,Relatable,Career Anxiety,Instagram
COM-00805,POST-0868,2025-08-06,I have been struggling with this too.,Neutral,0.034,Relatable,Academic Pressure,Instagram
COM-00806,POST-0663,2025-01-03,Good information.,Positive,0.248,Neutral,Friendship,Instagram
COM-00807,POST-0195,2025-08-09,Interesting perspective.,Neutral,-0.049,Neutral,Social Anxiety,Instagram
COM-00808,POST-0774,2025-07-25,Nice post.,Negative,-0.395,Neutral,Dating,YouTube
COM-00809,POST-0790,2025-03-16,This is exactly what student life feels like.,Positive,0.225,Relatable,Friendship,Instagram
COM-00810,POST-0104,2025-09-29,I have been struggling with this too.,Neutral,0.058,Relatable,Social Anxiety,YouTube
COM-00811,POST-0091,2025-02-09,Finally someone said this out loud.,Neutral,0.079,Relatable,Dating,Instagram
COM-00812,POST-0089,2025-03-28,Good information.,Neutral,-0.063,Neutral,Student Life,YouTube
COM-00813,POST-0745,2025-08-31,That is an interesting point.,Neutral,-0.02,Neutral,Career Anxiety,Instagram
COM-00814,POST-0884,2025-09-11,Interesting perspective.,Neutral,0.043,Neutral,Career Anxiety,Instagram
COM-00815,POST-0526,2025-11-29,Why does this describe me so perfectly?,Positive,0.604,Relatable,Student Life,Instagram
COM-00816,POST-0288,2025-05-05,Nice post.,Neutral,0.086,Neutral,Productivity,YouTube
COM-00817,POST-0401,2025-01-17,This is exactly what student life feels like.,Neutral,0.065,Relatable,Dating,Instagram
COM-00818,POST-0721,2025-01-03,Nice post.,Neutral,-0.008,Neutral,Social Anxiety,YouTube
COM-00819,POST-0090,2025-03-24,I thought I was the only one dealing with this.,Positive,0.926,Relatable,Career Anxiety,Instagram
COM-00820,POST-0223,2025-05-05,Interesting perspective.,Neutral,0.03,Neutral,Friendship,YouTube
COM-00821,POST-0736,2025-03-27,I will check this out.,Neutral,0.084,Neutral,Digital Burnout,Instagram
COM-00822,POST-0580,2025-07-15,This is exactly what student life feels like.,Positive,0.419,Relatable,Friendship,Instagram
COM-00823,POST-0656,2025-02-13,Finally someone said this out loud.,Neutral,-0.008,Relatable,Career Anxiety,YouTube
COM-00824,POST-0412,2025-03-27,Nice post.,Positive,0.315,Neutral,Career Anxiety,Instagram
COM-00825,POST-0329,2025-10-06,This made me feel understood.,Neutral,-0.024,Relatable,Dating,YouTube
COM-00826,POST-1125,2025-04-12,This made me feel understood.,Neutral,0.042,Relatable,Productivity,Instagram
COM-00827,POST-0610,2025-09-13,That is an interesting point.,Neutral,0.095,Neutral,Digital Burnout,Instagram
COM-00828,POST-0270,2025-06-22,Nice post.,Positive,0.436,Neutral,Social Anxiety,YouTube
COM-00829,POST-0526,2025-11-29,This made me feel understood.,Positive,0.596,Relatable,Student Life,Instagram
COM-00830,POST-0513,2025-02-21,I have been struggling with this too.,Positive,0.944,Relatable,Digital Burnout,Instagram
COM-00831,POST-0526,2025-11-29,I have been struggling with this too.,Positive,0.776,Relatable,Student Life,Instagram
COM-00832,POST-0138,2025-07-16,Why does this describe me so perfectly?,Neutral,-0.071,Relatable,Productivity,Instagram
COM-00833,POST-0477,2025-12-10,Nice post.,Positive,0.212,Neutral,Friendship,Instagram
COM-00834,POST-1183,2025-11-09,That is an interesting point.,Positive,0.237,Neutral,Academic Pressure,Instagram
COM-00835,POST-0647,2025-07-05,I have been struggling with this too.,Neutral,0.031,Relatable,Student Life,Instagram
COM-00836,POST-1002,2025-02-21,I will check this out.,Positive,0.798,Neutral,Career Anxiety,Instagram
COM-00837,POST-0802,2025-11-04,Finally someone said this out loud.,Positive,0.223,Relatable,Career Anxiety,Instagram
COM-00838,POST-0553,2025-10-28,Thanks for sharing this.,Neutral,0.042,Neutral,Friendship,Instagram
COM-00839,POST-0395,2025-01-09,I will check this out.,Neutral,-0.094,Neutral,Friendship,Instagram
COM-00840,POST-0228,2025-01-30,Why does this describe me so perfectly?,Neutral,0.059,Relatable,Social Anxiety,Instagram
COM-00841,POST-0952,2025-12-31,I will check this out.,Neutral,-0.039,Neutral,Academic Pressure,Instagram
COM-00842,POST-1066,2025-10-09,I have been struggling with this too.,Positive,0.378,Relatable,Student Life,YouTube
COM-00843,POST-0797,2025-11-12,Why does this describe me so perfectly?,Positive,0.793,Relatable,Career Anxiety,YouTube
COM-00844,POST-1172,2025-11-05,Finally someone said this out loud.,Neutral,-0.061,Relatable,Student Life,Instagram
COM-00845,POST-0576,2025-01-31,Why does this describe me so perfectly?,Positive,0.667,Relatable,Productivity,YouTube
COM-00846,POST-0676,2025-10-19,I have been struggling with this too.,Neutral,0.041,Relatable,Student Life,YouTube
COM-00847,POST-0681,2025-11-19,I will check this out.,Neutral,-0.024,Neutral,Academic Pressure,YouTube
COM-00848,POST-0705,2025-01-15,Finally someone said this out loud.,Positive,0.905,Relatable,Academic Pressure,Instagram
COM-00849,POST-0922,2025-12-13,Thanks for sharing this.,Positive,0.765,Neutral,Student Life,YouTube
COM-00850,POST-0872,2025-12-01,That is an interesting point.,Positive,0.549,Neutral,Academic Pressure,Instagram
COM-00851,POST-0240,2025-07-19,That is an interesting point.,Neutral,-0.035,Neutral,Digital Burnout,Instagram
COM-00852,POST-0939,2025-09-13,Why does this describe me so perfectly?,Neutral,-0.018,Relatable,Digital Burnout,Instagram
COM-00853,POST-0474,2025-04-06,I have been struggling with this too.,Neutral,0.04,Relatable,Friendship,YouTube
COM-00854,POST-1001,2025-12-17,This is exactly what student life feels like.,Positive,0.763,Relatable,Career Anxiety,Instagram
COM-00855,POST-0276,2025-05-26,I will check this out.,Neutral,-0.011,Neutral,Academic Pressure,Instagram
COM-00856,POST-0120,2025-10-28,This made me feel understood.,Negative,-0.798,Relatable,Dating,Instagram
COM-00857,POST-1132,2025-12-30,I thought I was the only one dealing with this.,Neutral,0.1,Relatable,Student Life,Instagram
COM-00858,POST-1088,2025-04-02,Interesting perspective.,Neutral,-0.052,Neutral,Digital Burnout,Instagram
COM-00859,POST-1008,2025-12-27,Finally someone said this out loud.,Positive,0.531,Relatable,Productivity,Instagram
COM-00860,POST-0707,2025-06-21,Nice post.,Neutral,0.035,Neutral,Social Anxiety,YouTube
COM-00861,POST-0931,2025-09-01,This made me feel understood.,Positive,0.383,Relatable,Productivity,Instagram
COM-00862,POST-0194,2025-02-15,This is exactly what student life feels like.,Positive,0.354,Relatable,Student Life,Instagram
COM-00863,POST-1006,2025-08-26,I have been struggling with this too.,Neutral,-0.078,Relatable,Social Anxiety,Instagram
COM-00864,POST-0722,2025-09-22,This is exactly what student life feels like.,Neutral,0.003,Relatable,Dating,Instagram
COM-00865,POST-1065,2025-11-10,I have been struggling with this too.,Neutral,-0.058,Relatable,Social Anxiety,Instagram
COM-00866,POST-1195,2025-01-27,I thought I was the only one dealing with this.,Positive,0.184,Relatable,Social Anxiety,Instagram
COM-00867,POST-0149,2025-07-12,Nice post.,Positive,0.243,Neutral,Academic Pressure,Instagram
COM-00868,POST-1138,2025-01-25,Thanks for sharing this.,Positive,0.956,Neutral,Academic Pressure,YouTube
COM-00869,POST-1014,2025-02-01,Why does this describe me so perfectly?,Positive,0.977,Relatable,Career Anxiety,Instagram
COM-00870,POST-0529,2025-09-30,Finally someone said this out loud.,Positive,0.189,Relatable,Student Life,Instagram
COM-00871,POST-0433,2025-09-27,Thanks for sharing this.,Neutral,0.017,Neutral,Friendship,YouTube
COM-00872,POST-0775,2025-03-13,Why does this describe me so perfectly?,Neutral,-0.03,Relatable,Productivity,YouTube
COM-00873,POST-0064,2025-09-20,Good information.,Neutral,0.095,Neutral,Dating,YouTube
COM-00874,POST-0208,2025-02-20,That is an interesting point.,Positive,0.667,Neutral,Friendship,YouTube
COM-00875,POST-0867,2025-06-23,This is exactly what student life feels like.,Neutral,-0.099,Relatable,Friendship,Instagram
COM-00876,POST-0042,2025-06-30,I have been struggling with this too.,Positive,0.256,Relatable,Digital Burnout,Instagram
COM-00877,POST-0226,2025-01-14,Finally someone said this out loud.,Neutral,-0.003,Relatable,Digital Burnout,Instagram
COM-00878,POST-0395,2025-01-09,Good information.,Neutral,0.05,Neutral,Friendship,Instagram
COM-00879,POST-1163,2025-03-22,Finally someone said this out loud.,Positive,0.382,Relatable,Student Life,Instagram
COM-00880,POST-1054,2025-02-12,This is exactly what student life feels like.,Neutral,-0.081,Relatable,Digital Burnout,YouTube
COM-00881,POST-0872,2025-12-01,Interesting perspective.,Neutral,-0.005,Neutral,Academic Pressure,Instagram
COM-00882,POST-0208,2025-02-20,I have been struggling with this too.,Neutral,0.057,Relatable,Friendship,YouTube
COM-00883,POST-0625,2025-12-16,Finally someone said this out loud.,Neutral,-0.079,Relatable,Productivity,Instagram
COM-00884,POST-0281,2025-12-25,That is an interesting point.,Neutral,0.018,Neutral,Career Anxiety,Instagram
COM-00885,POST-0646,2025-05-29,I have been struggling with this too.,Neutral,-0.023,Relatable,Friendship,Instagram
COM-00886,POST-0998,2025-01-30,This is exactly what student life feels like.,Positive,0.381,Relatable,Friendship,YouTube
COM-00887,POST-0955,2025-11-26,This made me feel understood.,Negative,-0.609,Relatable,Student Life,Instagram
COM-00888,POST-0378,2025-09-25,Finally someone said this out loud.,Positive,0.955,Relatable,Student Life,Instagram
COM-00889,POST-0346,2025-01-30,Finally someone said this out loud.,Neutral,-0.055,Relatable,Student Life,YouTube
COM-00890,POST-0461,2025-08-30,Thanks for sharing this.,Neutral,-0.037,Neutral,Social Anxiety,Instagram
COM-00891,POST-0708,2025-01-21,Interesting perspective.,Neutral,-0.043,Neutral,Friendship,Instagram
COM-00892,POST-0947,2025-08-31,Interesting perspective.,Positive,0.85,Neutral,Social Anxiety,YouTube
COM-00893,POST-0621,2025-03-04,This is exactly what student life feels like.,Positive,0.462,Relatable,Academic Pressure,Instagram
COM-00894,POST-0221,2025-10-22,This is exactly what student life feels like.,Neutral,-0.03,Relatable,Career Anxiety,Instagram
COM-00895,POST-0228,2025-01-30,I thought I was the only one dealing with this.,Neutral,0.074,Relatable,Social Anxiety,Instagram
COM-00896,POST-0228,2025-01-30,I thought I was the only one dealing with this.,Positive,0.243,Relatable,Social Anxiety,Instagram
COM-00897,POST-0462,2025-09-19,Interesting perspective.,Negative,-0.337,Neutral,Academic Pressure,Instagram
COM-00898,POST-0039,2025-03-23,This made me feel understood.,Neutral,-0.048,Relatable,Digital Burnout,Instagram
COM-00899,POST-0375,2025-05-20,Why does this describe me so perfectly?,Positive,0.549,Relatable,Social Anxiety,Instagram
COM-00900,POST-0320,2025-03-04,Thanks for sharing this.,Neutral,0.008,Neutral,Career Anxiety,Instagram
COM-00901,POST-0294,2025-03-22,I thought I was the only one dealing with this.,Neutral,-0.062,Relatable,Friendship,YouTube
COM-00902,POST-1037,2025-03-17,This made me feel understood.,Neutral,-0.094,Relatable,Student Life,Instagram
COM-00903,POST-0386,2025-03-11,This made me feel understood.,Positive,0.412,Relatable,Career Anxiety,Instagram
COM-00904,POST-0953,2025-06-14,Good information.,Neutral,0.025,Neutral,Student Life,YouTube
COM-00905,POST-0320,2025-03-04,Why does this describe me so perfectly?,Neutral,0.1,Relatable,Career Anxiety,Instagram
COM-00906,POST-0940,2025-06-01,I will check this out.,Positive,0.187,Neutral,Dating,YouTube
COM-00907,POST-1179,2025-02-23,Why does this describe me so perfectly?,Positive,0.158,Relatable,Digital Burnout,Instagram
COM-00908,POST-1188,2025-01-20,Interesting perspective.,Negative,-0.623,Neutral,Academic Pressure,YouTube
COM-00909,POST-0417,2025-08-14,I have been struggling with this too.,Positive,0.876,Relatable,Academic Pressure,Instagram
COM-00910,POST-0354,2025-06-07,This is exactly what student life feels like.,Negative,-0.468,Relatable,Digital Burnout,Instagram
COM-00911,POST-0364,2025-07-14,This made me feel understood.,Positive,0.82,Relatable,Friendship,YouTube
COM-00912,POST-0805,2025-05-05,This made me feel understood.,Neutral,0.069,Relatable,Digital Burnout,YouTube
COM-00913,POST-1068,2025-11-06,This is exactly what student life feels like.,Neutral,0.036,Relatable,Career Anxiety,Instagram
COM-00914,POST-0095,2025-10-13,Interesting perspective.,Neutral,-0.058,Neutral,Career Anxiety,Instagram
COM-00915,POST-0332,2025-01-15,I thought I was the only one dealing with this.,Neutral,-0.076,Relatable,Friendship,Instagram
COM-00916,POST-0856,2025-08-06,I thought I was the only one dealing with this.,Negative,-0.175,Relatable,Digital Burnout,YouTube
COM-00917,POST-0990,2025-05-23,I have been struggling with this too.,Positive,0.95,Relatable,Academic Pressure,Instagram
COM-00918,POST-0489,2025-04-04,I thought I was the only one dealing with this.,Neutral,-0.09,Relatable,Social Anxiety,Instagram
COM-00919,POST-1061,2025-01-06,This made me feel understood.,Positive,0.315,Relatable,Dating,Instagram
COM-00920,POST-0495,2025-08-03,This is exactly what student life feels like.,Positive,0.606,Relatable,Digital Burnout,YouTube
COM-00921,POST-0212,2025-01-08,Why does this describe me so perfectly?,Negative,-0.986,Relatable,Friendship,Instagram
COM-00922,POST-0568,2025-09-07,I will check this out.,Neutral,-0.069,Neutral,Dating,YouTube
COM-00923,POST-0942,2025-04-13,This is exactly what student life feels like.,Positive,0.154,Relatable,Friendship,Instagram
COM-00924,POST-0872,2025-12-01,Nice post.,Neutral,-0.038,Neutral,Academic Pressure,Instagram
COM-00925,POST-0640,2025-04-24,I have been struggling with this too.,Positive,0.336,Relatable,Dating,Instagram
COM-00926,POST-0536,2025-06-18,That is an interesting point.,Neutral,0.053,Neutral,Productivity,Instagram
COM-00927,POST-1057,2025-07-04,I will check this out.,Positive,0.388,Neutral,Academic Pressure,YouTube
COM-00928,POST-0120,2025-10-28,This is exactly what student life feels like.,Positive,0.838,Relatable,Dating,Instagram
COM-00929,POST-0682,2025-02-27,This made me feel understood.,Positive,0.574,Relatable,Career Anxiety,YouTube
COM-00930,POST-1034,2025-10-25,Thanks for sharing this.,Neutral,0.073,Neutral,Productivity,Instagram
COM-00931,POST-0260,2025-02-25,Nice post.,Neutral,-0.022,Neutral,Student Life,Instagram
COM-00932,POST-0729,2025-07-31,This made me feel understood.,Neutral,-0.06,Relatable,Student Life,YouTube
COM-00933,POST-0193,2025-01-21,Finally someone said this out loud.,Positive,0.261,Relatable,Friendship,YouTube
COM-00934,POST-1123,2025-05-05,This made me feel understood.,Positive,0.203,Relatable,Student Life,YouTube
COM-00935,POST-0635,2025-06-22,That is an interesting point.,Neutral,0.08,Neutral,Productivity,Instagram
COM-00936,POST-0913,2025-07-21,This made me feel understood.,Positive,0.375,Relatable,Academic Pressure,YouTube
COM-00937,POST-0770,2025-06-22,Good information.,Positive,0.652,Neutral,Career Anxiety,Instagram
COM-00938,POST-0916,2025-01-10,This is exactly what student life feels like.,Positive,0.348,Relatable,Productivity,Instagram
COM-00939,POST-1050,2025-08-26,That is an interesting point.,Positive,0.699,Neutral,Career Anxiety,YouTube
COM-00940,POST-1155,2025-11-26,I thought I was the only one dealing with this.,Positive,0.842,Relatable,Student Life,YouTube
COM-00941,POST-0647,2025-07-05,Good information.,Positive,0.269,Neutral,Student Life,Instagram
COM-00942,POST-0981,2025-01-13,Nice post.,Neutral,-0.023,Neutral,Social Anxiety,YouTube
COM-00943,POST-0387,2025-12-05,Finally someone said this out loud.,Positive,0.982,Relatable,Social Anxiety,YouTube
COM-00944,POST-0976,2025-11-03,I thought I was the only one dealing with this.,Neutral,-0.053,Relatable,Social Anxiety,Instagram
COM-00945,POST-0172,2025-10-22,I have been struggling with this too.,Positive,0.335,Relatable,Student Life,YouTube
COM-00946,POST-0767,2025-11-25,Good information.,Neutral,0.082,Neutral,Productivity,YouTube
COM-00947,POST-0601,2025-08-28,I have been struggling with this too.,Positive,0.815,Relatable,Friendship,YouTube
COM-00948,POST-1139,2025-11-06,I will check this out.,Neutral,-0.06,Neutral,Academic Pressure,Instagram
COM-00949,POST-0030,2025-02-26,Interesting perspective.,Neutral,-0.087,Neutral,Career Anxiety,Instagram
COM-00950,POST-0698,2025-02-09,That is an interesting point.,Neutral,-0.037,Neutral,Career Anxiety,Instagram
COM-00951,POST-0611,2025-11-26,I thought I was the only one dealing with this.,Neutral,-0.089,Relatable,Dating,YouTube
COM-00952,POST-0097,2025-06-24,I will check this out.,Neutral,0.095,Neutral,Friendship,Instagram
COM-00953,POST-1164,2025-07-07,This made me feel understood.,Negative,-0.647,Relatable,Dating,Instagram
COM-00954,POST-1123,2025-05-05,Interesting perspective.,Neutral,0.084,Neutral,Student Life,YouTube
COM-00955,POST-0111,2025-04-14,I will check this out.,Positive,0.216,Neutral,Academic Pressure,Instagram
COM-00956,POST-0067,2025-12-08,Nice post.,Positive,0.832,Neutral,Social Anxiety,YouTube
COM-00957,POST-0025,2025-01-05,Why does this describe me so perfectly?,Neutral,-0.069,Relatable,Dating,YouTube
COM-00958,POST-0246,2025-11-06,I thought I was the only one dealing with this.,Neutral,0.043,Relatable,Friendship,Instagram
COM-00959,POST-0097,2025-06-24,Interesting perspective.,Neutral,0.049,Neutral,Friendship,Instagram
COM-00960,POST-0051,2025-02-18,That is an interesting point.,Neutral,0.026,Neutral,Academic Pressure,Instagram
COM-00961,POST-0106,2025-03-27,I thought I was the only one dealing with this.,Negative,-0.233,Relatable,Friendship,YouTube
COM-00962,POST-0931,2025-09-01,This made me feel understood.,Neutral,-0.045,Relatable,Productivity,Instagram
COM-00963,POST-1132,2025-12-30,Interesting perspective.,Negative,-0.628,Neutral,Student Life,Instagram
COM-00964,POST-0755,2025-05-16,That is an interesting point.,Positive,0.926,Neutral,Academic Pressure,YouTube
COM-00965,POST-0205,2025-01-10,This made me feel understood.,Positive,0.327,Relatable,Digital Burnout,Instagram
COM-00966,POST-0746,2025-12-12,Interesting perspective.,Neutral,-0.059,Neutral,Career Anxiety,YouTube
COM-00967,POST-0627,2025-07-05,This made me feel understood.,Positive,0.993,Relatable,Academic Pressure,Instagram
COM-00968,POST-1030,2025-07-08,I have been struggling with this too.,Neutral,-0.065,Relatable,Student Life,Instagram
COM-00969,POST-0921,2025-11-14,Good information.,Negative,-0.176,Neutral,Academic Pressure,YouTube
COM-00970,POST-0944,2025-04-11,This made me feel understood.,Positive,0.335,Relatable,Career Anxiety,Instagram
COM-00971,POST-0448,2025-02-27,Good information.,Neutral,0.094,Neutral,Friendship,Instagram
COM-00972,POST-0654,2025-12-23,I thought I was the only one dealing with this.,Neutral,0.025,Relatable,Dating,YouTube
COM-00973,POST-0208,2025-02-20,Nice post.,Neutral,-0.073,Neutral,Friendship,YouTube
COM-00974,POST-0171,2025-07-22,Why does this describe me so perfectly?,Positive,0.677,Relatable,Social Anxiety,Instagram
COM-00975,POST-1134,2025-04-02,Good information.,Neutral,0.023,Neutral,Productivity,YouTube
COM-00976,POST-0259,2025-01-23,Nice post.,Neutral,-0.013,Neutral,Social Anxiety,Instagram
COM-00977,POST-0306,2025-07-07,That is an interesting point.,Neutral,0.002,Neutral,Productivity,Instagram
COM-00978,POST-0047,2025-12-06,Good information.,Neutral,0.001,Neutral,Digital Burnout,Instagram
COM-00979,POST-0900,2025-10-26,I thought I was the only one dealing with this.,Neutral,-0.093,Relatable,Academic Pressure,Instagram
COM-00980,POST-0906,2025-01-22,Why does this describe me so perfectly?,Positive,0.749,Relatable,Student Life,YouTube
COM-00981,POST-0285,2025-02-25,I thought I was the only one dealing with this.,Positive,0.671,Relatable,Academic Pressure,Instagram
COM-00982,POST-0526,2025-11-29,I have been struggling with this too.,Positive,0.694,Relatable,Student Life,Instagram
COM-00983,POST-0394,2025-03-19,This is exactly what student life feels like.,Positive,0.186,Relatable,Social Anxiety,Instagram
COM-00984,POST-0637,2025-10-17,Interesting perspective.,Neutral,0.013,Neutral,Dating,Instagram
COM-00985,POST-0975,2025-12-07,Thanks for sharing this.,Positive,0.942,Neutral,Dating,Instagram
COM-00986,POST-0455,2025-05-23,That is an interesting point.,Positive,0.823,Neutral,Academic Pressure,YouTube
COM-00987,POST-1116,2025-04-21,I thought I was the only one dealing with this.,Negative,-0.876,Relatable,Dating,Instagram
COM-00988,POST-0891,2025-01-04,I thought I was the only one dealing with this.,Positive,0.189,Relatable,Career Anxiety,YouTube
COM-00989,POST-0607,2025-10-30,I thought I was the only one dealing with this.,Neutral,-0.039,Relatable,Student Life,Instagram
COM-00990,POST-0422,2025-02-01,Nice post.,Negative,-0.968,Neutral,Academic Pressure,Instagram
COM-00991,POST-0003,2025-02-17,Interesting perspective.,Neutral,0.097,Neutral,Productivity,Instagram
COM-00992,POST-0384,2025-04-04,Good information.,Neutral,0.01,Neutral,Productivity,Instagram
COM-00993,POST-0442,2025-12-30,This made me feel understood.,Neutral,0.037,Relatable,Friendship,Instagram
COM-00994,POST-0136,2025-08-03,This is exactly what student life feels like.,Negative,-0.859,Relatable,Productivity,Instagram
COM-00995,POST-0566,2025-04-03,Interesting perspective.,Neutral,-0.091,Neutral,Student Life,Instagram
COM-00996,POST-0827,2025-01-29,Finally someone said this out loud.,Positive,0.326,Relatable,Career Anxiety,YouTube
COM-00997,POST-0335,2025-09-26,Interesting perspective.,Neutral,0.007,Neutral,Productivity,Instagram
COM-00998,POST-0805,2025-05-05,Good information.,Positive,0.823,Neutral,Digital Burnout,YouTube
COM-00999,POST-0534,2025-03-02,Interesting perspective.,Neutral,-0.073,Neutral,Student Life,YouTube
COM-01000,POST-0439,2025-04-09,I thought I was the only one dealing with this.,Neutral,-0.025,Relatable,Dating,Instagram
COM-01001,POST-0275,2025-12-31,Nice post.,Positive,0.214,Neutral,Career Anxiety,Instagram
COM-01002,POST-0489,2025-04-04,This is exactly what student life feels like.,Positive,0.591,Relatable,Social Anxiety,Instagram
COM-01003,POST-1053,2025-05-17,This is exactly what student life feels like.,Neutral,-0.07,Relatable,Friendship,Instagram
COM-01004,POST-0551,2025-04-10,Why does this describe me so perfectly?,Neutral,0.089,Relatable,Career Anxiety,Instagram
COM-01005,POST-0802,2025-11-04,This made me feel understood.,Positive,0.251,Relatable,Career Anxiety,Instagram
COM-01006,POST-0702,2025-02-13,Interesting perspective.,Neutral,0.071,Neutral,Productivity,Instagram
COM-01007,POST-0933,2025-11-03,Why does this describe me so perfectly?,Positive,0.246,Relatable,Dating,Instagram
COM-01008,POST-0769,2025-04-30,Nice post.,Neutral,0.054,Neutral,Academic Pressure,Instagram
COM-01009,POST-0415,2025-01-07,Why does this describe me so perfectly?,Neutral,0.098,Relatable,Student Life,Instagram
COM-01010,POST-0939,2025-09-13,This made me feel understood.,Neutral,0.087,Relatable,Digital Burnout,Instagram
COM-01011,POST-0859,2025-12-31,Thanks for sharing this.,Neutral,-0.099,Neutral,Student Life,Instagram
COM-01012,POST-0362,2025-02-27,This is exactly what student life feels like.,Neutral,-0.017,Relatable,Career Anxiety,Instagram
COM-01013,POST-0198,2025-04-13,Interesting perspective.,Positive,0.883,Neutral,Career Anxiety,Instagram
COM-01014,POST-0172,2025-10-22,Nice post.,Neutral,-0.093,Neutral,Student Life,YouTube
COM-01015,POST-0721,2025-01-03,I have been struggling with this too.,Positive,0.609,Relatable,Social Anxiety,YouTube
COM-01016,POST-0203,2025-06-24,I have been struggling with this too.,Positive,0.486,Relatable,Academic Pressure,Instagram
COM-01017,POST-0176,2025-09-30,This is exactly what student life feels like.,Neutral,-0.098,Relatable,Friendship,Instagram
COM-01018,POST-0907,2025-04-02,Thanks for sharing this.,Positive,0.812,Neutral,Productivity,Instagram
COM-01019,POST-0234,2025-04-10,Finally someone said this out loud.,Neutral,0.069,Relatable,Digital Burnout,Instagram
COM-01020,POST-0274,2025-08-09,Interesting perspective.,Positive,0.968,Neutral,Dating,YouTube
COM-01021,POST-0175,2025-06-09,That is an interesting point.,Neutral,-0.042,Neutral,Friendship,Instagram
COM-01022,POST-0417,2025-08-14,I have been struggling with this too.,Positive,0.477,Relatable,Academic Pressure,Instagram
COM-01023,POST-0467,2025-11-21,Good information.,Neutral,-0.022,Neutral,Friendship,Instagram
COM-01024,POST-0165,2025-10-20,This is exactly what student life feels like.,Negative,-0.371,Relatable,Social Anxiety,Instagram
COM-01025,POST-0914,2025-12-12,This made me feel understood.,Neutral,-0.074,Relatable,Productivity,YouTube
COM-01026,POST-0582,2025-03-24,I thought I was the only one dealing with this.,Positive,0.868,Relatable,Academic Pressure,Instagram
COM-01027,POST-1090,2025-01-15,Good information.,Neutral,-0.034,Neutral,Productivity,Instagram
COM-01028,POST-1045,2025-10-19,Interesting perspective.,Neutral,0.037,Neutral,Friendship,Instagram
COM-01029,POST-0813,2025-02-10,This made me feel understood.,Positive,0.593,Relatable,Career Anxiety,Instagram
COM-01030,POST-0925,2025-08-19,Good information.,Positive,0.22,Neutral,Dating,Instagram
COM-01031,POST-0313,2025-10-26,I have been struggling with this too.,Neutral,-0.076,Relatable,Academic Pressure,Instagram
COM-01032,POST-0079,2025-02-07,I thought I was the only one dealing with this.,Positive,0.818,Relatable,Dating,Instagram
COM-01033,POST-0651,2025-05-20,This is exactly what student life feels like.,Positive,0.354,Relatable,Social Anxiety,Instagram
COM-01034,POST-1005,2025-11-22,Nice post.,Positive,0.948,Neutral,Productivity,Instagram
COM-01035,POST-0196,2025-01-30,I have been struggling with this too.,Positive,0.369,Relatable,Dating,Instagram
COM-01036,POST-0993,2025-09-07,This made me feel understood.,Negative,-0.32,Relatable,Student Life,Instagram
COM-01037,POST-1147,2025-01-07,This is exactly what student life feels like.,Neutral,0.063,Relatable,Friendship,Instagram
COM-01038,POST-0528,2025-01-16,That is an interesting point.,Neutral,-0.083,Neutral,Academic Pressure,Instagram
COM-01039,POST-0031,2025-03-13,Nice post.,Negative,-0.444,Neutral,Academic Pressure,Instagram
COM-01040,POST-1011,2025-12-31,That is an interesting point.,Neutral,0.082,Neutral,Social Anxiety,Instagram
COM-01041,POST-0604,2025-06-16,Good information.,Neutral,0.095,Neutral,Academic Pressure,Instagram
COM-01042,POST-0114,2025-08-23,That is an interesting point.,Neutral,0.069,Neutral,Social Anxiety,Instagram
COM-01043,POST-0280,2025-03-22,I have been struggling with this too.,Positive,0.189,Relatable,Friendship,YouTube
COM-01044,POST-1142,2025-03-03,Why does this describe me so perfectly?,Positive,0.803,Relatable,Career Anxiety,Instagram
COM-01045,POST-0451,2025-03-19,This made me feel understood.,Neutral,-0.057,Relatable,Academic Pressure,Instagram
COM-01046,POST-0709,2025-03-01,Interesting perspective.,Negative,-0.398,Neutral,Dating,Instagram
COM-01047,POST-0391,2025-08-22,This is exactly what student life feels like.,Neutral,0.005,Relatable,Productivity,Instagram
COM-01048,POST-0848,2025-04-23,Why does this describe me so perfectly?,Neutral,0.063,Relatable,Social Anxiety,Instagram
COM-01049,POST-0605,2025-03-18,Finally someone said this out loud.,Positive,0.835,Relatable,Productivity,Instagram
COM-01050,POST-0099,2025-11-30,I thought I was the only one dealing with this.,Neutral,0.001,Relatable,Career Anxiety,Instagram
COM-01051,POST-1171,2025-02-27,I have been struggling with this too.,Positive,0.708,Relatable,Dating,YouTube
COM-01052,POST-0433,2025-09-27,I have been struggling with this too.,Positive,0.927,Relatable,Friendship,YouTube
COM-01053,POST-1078,2025-09-07,Why does this describe me so perfectly?,Negative,-0.221,Relatable,Academic Pressure,Instagram
COM-01054,POST-0259,2025-01-23,Why does this describe me so perfectly?,Negative,-0.33,Relatable,Social Anxiety,Instagram
COM-01055,POST-0963,2025-11-20,This made me feel understood.,Positive,0.865,Relatable,Digital Burnout,YouTube
COM-01056,POST-0181,2025-03-31,Why does this describe me so perfectly?,Positive,0.847,Relatable,Digital Burnout,Instagram
COM-01057,POST-0190,2025-07-16,That is an interesting point.,Neutral,-0.035,Neutral,Productivity,YouTube
COM-01058,POST-0647,2025-07-05,I thought I was the only one dealing with this.,Neutral,0.047,Relatable,Student Life,Instagram
COM-01059,POST-0835,2025-10-28,Why does this describe me so perfectly?,Positive,0.32,Relatable,Digital Burnout,Instagram
COM-01060,POST-0351,2025-08-15,This made me feel understood.,Neutral,-0.048,Relatable,Career Anxiety,Instagram
COM-01061,POST-0361,2025-04-16,I have been struggling with this too.,Negative,-0.643,Relatable,Productivity,Instagram
COM-01062,POST-1086,2025-10-10,Nice post.,Neutral,0.032,Neutral,Friendship,Instagram
COM-01063,POST-0040,2025-02-07,Interesting perspective.,Positive,0.259,Neutral,Dating,Instagram
COM-01064,POST-1046,2025-09-26,Finally someone said this out loud.,Positive,0.751,Relatable,Productivity,Instagram
COM-01065,POST-0267,2025-04-05,I will check this out.,Neutral,0.037,Neutral,Friendship,Instagram
COM-01066,POST-0410,2025-01-28,This is exactly what student life feels like.,Positive,0.355,Relatable,Dating,YouTube
COM-01067,POST-0671,2025-08-27,This made me feel understood.,Positive,0.989,Relatable,Friendship,Instagram
COM-01068,POST-0904,2025-08-12,I thought I was the only one dealing with this.,Positive,0.866,Relatable,Friendship,YouTube
COM-01069,POST-0172,2025-10-22,Nice post.,Neutral,-0.048,Neutral,Student Life,YouTube
COM-01070,POST-0334,2025-10-24,This is exactly what student life feels like.,Positive,0.603,Relatable,Digital Burnout,Instagram
COM-01071,POST-1101,2025-08-25,Finally someone said this out loud.,Negative,-0.483,Relatable,Productivity,YouTube
COM-01072,POST-0830,2025-02-07,Finally someone said this out loud.,Positive,0.936,Relatable,Student Life,Instagram
COM-01073,POST-0341,2025-12-21,Why does this describe me so perfectly?,Neutral,-0.012,Relatable,Social Anxiety,Instagram
COM-01074,POST-1021,2025-01-08,I have been struggling with this too.,Neutral,-0.004,Relatable,Academic Pressure,Instagram
COM-01075,POST-0258,2025-09-22,Thanks for sharing this.,Positive,0.794,Neutral,Digital Burnout,Instagram
COM-01076,POST-0948,2025-06-24,Finally someone said this out loud.,Positive,0.822,Relatable,Productivity,Instagram
COM-01077,POST-0161,2025-04-20,That is an interesting point.,Neutral,-0.027,Neutral,Career Anxiety,Instagram
COM-01078,POST-0130,2025-05-05,Why does this describe me so perfectly?,Neutral,-0.099,Relatable,Digital Burnout,YouTube
COM-01079,POST-1189,2025-06-17,I thought I was the only one dealing with this.,Positive,0.267,Relatable,Social Anxiety,YouTube
COM-01080,POST-0713,2025-04-06,I have been struggling with this too.,Neutral,-0.025,Relatable,Career Anxiety,Instagram
COM-01081,POST-1146,2025-04-17,This is exactly what student life feels like.,Positive,0.96,Relatable,Student Life,Instagram
COM-01082,POST-0264,2025-07-31,Nice post.,Neutral,-0.089,Neutral,Dating,Instagram
COM-01083,POST-1195,2025-01-27,I have been struggling with this too.,Positive,0.527,Relatable,Social Anxiety,Instagram
COM-01084,POST-0627,2025-07-05,I have been struggling with this too.,Neutral,0.081,Relatable,Academic Pressure,Instagram
COM-01085,POST-0816,2025-12-22,Why does this describe me so perfectly?,Positive,0.437,Relatable,Student Life,Instagram
COM-01086,POST-0984,2025-07-01,Good information.,Positive,0.848,Neutral,Career Anxiety,YouTube
COM-01087,POST-0641,2025-01-02,I thought I was the only one dealing with this.,Neutral,-0.043,Relatable,Productivity,Instagram
COM-01088,POST-0820,2025-10-14,Why does this describe me so perfectly?,Positive,0.7,Relatable,Dating,YouTube
COM-01089,POST-0234,2025-04-10,Finally someone said this out loud.,Positive,0.319,Relatable,Digital Burnout,Instagram
COM-01090,POST-0592,2025-09-09,Interesting perspective.,Neutral,0.055,Neutral,Productivity,YouTube
COM-01091,POST-1123,2025-05-05,Finally someone said this out loud.,Neutral,-0.098,Relatable,Student Life,YouTube
COM-01092,POST-0888,2025-10-10,This is exactly what student life feels like.,Positive,0.895,Relatable,Career Anxiety,Instagram
COM-01093,POST-0477,2025-12-10,I have been struggling with this too.,Positive,0.722,Relatable,Friendship,Instagram
COM-01094,POST-0869,2025-11-29,I thought I was the only one dealing with this.,Neutral,0.048,Relatable,Dating,Instagram
COM-01095,POST-0897,2025-07-13,Finally someone said this out loud.,Negative,-0.834,Relatable,Career Anxiety,YouTube
COM-01096,POST-0098,2025-08-10,I have been struggling with this too.,Positive,0.522,Relatable,Social Anxiety,Instagram
COM-01097,POST-0759,2025-06-22,Nice post.,Neutral,-0.035,Neutral,Digital Burnout,Instagram
COM-01098,POST-0575,2025-07-05,I will check this out.,Positive,0.154,Neutral,Student Life,YouTube
COM-01099,POST-0631,2025-10-16,I thought I was the only one dealing with this.,Positive,0.242,Relatable,Dating,Instagram
COM-01100,POST-0049,2025-04-19,This is exactly what student life feels like.,Positive,0.817,Relatable,Social Anxiety,YouTube
COM-01101,POST-0081,2025-12-12,I will check this out.,Positive,0.284,Neutral,Digital Burnout,Instagram
COM-01102,POST-0879,2025-04-15,Interesting perspective.,Neutral,0.088,Neutral,Career Anxiety,Instagram
COM-01103,POST-0151,2025-08-02,That is an interesting point.,Neutral,0.091,Neutral,Dating,Instagram
COM-01104,POST-0048,2025-11-07,This made me feel understood.,Neutral,0.025,Relatable,Career Anxiety,Instagram
COM-01105,POST-0122,2025-06-19,I have been struggling with this too.,Neutral,-0.047,Relatable,Academic Pressure,Instagram
COM-01106,POST-0057,2025-07-21,I have been struggling with this too.,Positive,0.906,Relatable,Student Life,Instagram
COM-01107,POST-0886,2025-04-07,Why does this describe me so perfectly?,Neutral,0.093,Relatable,Social Anxiety,Instagram
COM-01108,POST-0608,2025-12-07,This made me feel understood.,Neutral,0.027,Relatable,Academic Pressure,YouTube
COM-01109,POST-1132,2025-12-30,This made me feel understood.,Positive,0.708,Relatable,Student Life,Instagram
COM-01110,POST-1096,2025-10-01,This made me feel understood.,Neutral,0.02,Relatable,Dating,YouTube
COM-01111,POST-0564,2025-02-11,Good information.,Negative,-0.933,Neutral,Student Life,YouTube
COM-01112,POST-0278,2025-06-07,Why does this describe me so perfectly?,Neutral,0.096,Relatable,Dating,Instagram
COM-01113,POST-0513,2025-02-21,Interesting perspective.,Positive,0.17,Neutral,Digital Burnout,Instagram
COM-01114,POST-0164,2025-06-29,This is exactly what student life feels like.,Positive,0.624,Relatable,Student Life,Instagram
COM-01115,POST-0526,2025-11-29,Good information.,Neutral,-0.003,Neutral,Student Life,Instagram
COM-01116,POST-0780,2025-01-26,This is exactly what student life feels like.,Positive,0.263,Relatable,Digital Burnout,Instagram
COM-01117,POST-0306,2025-07-07,This is exactly what student life feels like.,Neutral,0.058,Relatable,Productivity,Instagram
COM-01118,POST-1078,2025-09-07,Finally someone said this out loud.,Positive,0.703,Relatable,Academic Pressure,Instagram
COM-01119,POST-0148,2025-10-17,Good information.,Neutral,0.067,Neutral,Productivity,Instagram
COM-01120,POST-0320,2025-03-04,I have been struggling with this too.,Positive,0.931,Relatable,Career Anxiety,Instagram
COM-01121,POST-0388,2025-04-29,I have been struggling with this too.,Neutral,0.071,Relatable,Social Anxiety,YouTube
COM-01122,POST-0151,2025-08-02,Nice post.,Positive,0.275,Neutral,Dating,Instagram
COM-01123,POST-0175,2025-06-09,Finally someone said this out loud.,Positive,0.371,Relatable,Friendship,Instagram
COM-01124,POST-0880,2025-11-10,That is an interesting point.,Negative,-0.978,Neutral,Career Anxiety,Instagram
COM-01125,POST-0430,2025-04-05,Why does this describe me so perfectly?,Positive,0.664,Relatable,Dating,Instagram
COM-01126,POST-1076,2025-04-02,I will check this out.,Neutral,-0.027,Neutral,Career Anxiety,YouTube
COM-01127,POST-0718,2025-12-18,This is exactly what student life feels like.,Positive,0.779,Relatable,Career Anxiety,YouTube
COM-01128,POST-0648,2025-11-04,I thought I was the only one dealing with this.,Negative,-0.936,Relatable,Academic Pressure,Instagram
COM-01129,POST-0238,2025-04-12,This made me feel understood.,Positive,0.552,Relatable,Student Life,Instagram
COM-01130,POST-0100,2025-01-02,That is an interesting point.,Neutral,0.062,Neutral,Friendship,Instagram
COM-01131,POST-0511,2025-07-19,This made me feel understood.,Positive,0.593,Relatable,Student Life,Instagram
COM-01132,POST-0087,2025-03-11,Thanks for sharing this.,Neutral,-0.011,Neutral,Dating,YouTube
COM-01133,POST-0925,2025-08-19,This is exactly what student life feels like.,Positive,0.406,Relatable,Dating,Instagram
COM-01134,POST-0972,2025-11-17,Why does this describe me so perfectly?,Neutral,0.043,Relatable,Digital Burnout,Instagram
COM-01135,POST-0963,2025-11-20,Why does this describe me so perfectly?,Positive,0.51,Relatable,Digital Burnout,YouTube
COM-01136,POST-1034,2025-10-25,Why does this describe me so perfectly?,Positive,0.289,Relatable,Productivity,Instagram
COM-01137,POST-0686,2025-10-30,Nice post.,Neutral,-0.01,Neutral,Academic Pressure,YouTube
COM-01138,POST-0491,2025-11-09,Nice post.,Neutral,-0.028,Neutral,Dating,Instagram
COM-01139,POST-1025,2025-03-06,I will check this out.,Neutral,0.0,Neutral,Dating,Instagram
COM-01140,POST-0893,2025-12-30,That is an interesting point.,Negative,-0.528,Neutral,Dating,YouTube
COM-01141,POST-0637,2025-10-17,Nice post.,Neutral,0.059,Neutral,Dating,Instagram
COM-01142,POST-0661,2025-07-21,I have been struggling with this too.,Neutral,-0.006,Relatable,Dating,Instagram
COM-01143,POST-0827,2025-01-29,Nice post.,Neutral,0.077,Neutral,Career Anxiety,YouTube
COM-01144,POST-0914,2025-12-12,Good information.,Neutral,0.047,Neutral,Productivity,YouTube
COM-01145,POST-1159,2025-01-26,Interesting perspective.,Neutral,-0.004,Neutral,Dating,Instagram
COM-01146,POST-0532,2025-03-17,I have been struggling with this too.,Positive,0.617,Relatable,Friendship,Instagram
COM-01147,POST-0324,2025-11-22,Good information.,Negative,-0.486,Neutral,Student Life,Instagram
COM-01148,POST-0113,2025-12-18,Finally someone said this out loud.,Positive,0.725,Relatable,Career Anxiety,Instagram
COM-01149,POST-0438,2025-04-17,Why does this describe me so perfectly?,Negative,-0.267,Relatable,Friendship,Instagram
COM-01150,POST-0512,2025-08-22,I will check this out.,Positive,0.173,Neutral,Social Anxiety,Instagram
COM-01151,POST-0639,2025-11-25,Finally someone said this out loud.,Positive,0.808,Relatable,Career Anxiety,Instagram
COM-01152,POST-1076,2025-04-02,Thanks for sharing this.,Neutral,0.052,Neutral,Career Anxiety,YouTube
COM-01153,POST-0556,2025-01-06,Interesting perspective.,Positive,0.967,Neutral,Social Anxiety,Instagram
COM-01154,POST-0028,2025-08-12,I have been struggling with this too.,Neutral,0.052,Relatable,Dating,YouTube
COM-01155,POST-0623,2025-12-15,Why does this describe me so perfectly?,Negative,-0.992,Relatable,Academic Pressure,Instagram
COM-01156,POST-0929,2025-03-26,Nice post.,Neutral,-0.091,Neutral,Student Life,Instagram
COM-01157,POST-0693,2025-04-22,Thanks for sharing this.,Negative,-0.158,Neutral,Digital Burnout,Instagram
COM-01158,POST-0841,2025-03-11,This made me feel understood.,Neutral,-0.013,Relatable,Digital Burnout,Instagram
COM-01159,POST-1100,2025-03-05,I will check this out.,Neutral,0.023,Neutral,Digital Burnout,Instagram
COM-01160,POST-0944,2025-04-11,This made me feel understood.,Positive,0.487,Relatable,Career Anxiety,Instagram
COM-01161,POST-0839,2025-12-07,Finally someone said this out loud.,Negative,-0.38,Relatable,Digital Burnout,Instagram
COM-01162,POST-1184,2025-10-12,Nice post.,Positive,0.382,Neutral,Social Anxiety,Instagram
COM-01163,POST-0149,2025-07-12,This made me feel understood.,Neutral,-0.031,Relatable,Academic Pressure,Instagram
COM-01164,POST-0732,2025-12-26,This made me feel understood.,Negative,-0.798,Relatable,Productivity,YouTube
COM-01165,POST-0456,2025-08-29,Nice post.,Neutral,-0.024,Neutral,Dating,Instagram
COM-01166,POST-0437,2025-12-15,Thanks for sharing this.,Neutral,-0.007,Neutral,Friendship,Instagram
COM-01167,POST-1043,2025-10-21,Finally someone said this out loud.,Positive,0.617,Relatable,Academic Pressure,YouTube
COM-01168,POST-1070,2025-03-07,That is an interesting point.,Negative,-0.752,Neutral,Student Life,Instagram
COM-01169,POST-0342,2025-02-06,This made me feel understood.,Positive,0.981,Relatable,Student Life,Instagram
COM-01170,POST-0089,2025-03-28,Why does this describe me so perfectly?,Positive,0.41,Relatable,Student Life,YouTube
COM-01171,POST-0174,2025-12-15,Good information.,Neutral,0.084,Neutral,Dating,YouTube
COM-01172,POST-0963,2025-11-20,I thought I was the only one dealing with this.,Positive,0.855,Relatable,Digital Burnout,YouTube
COM-01173,POST-0284,2025-07-21,Interesting perspective.,Neutral,0.079,Neutral,Friendship,Instagram
COM-01174,POST-1057,2025-07-04,Why does this describe me so perfectly?,Neutral,0.1,Relatable,Academic Pressure,YouTube
COM-01175,POST-0624,2025-02-03,I will check this out.,Negative,-0.333,Neutral,Social Anxiety,Instagram
COM-01176,POST-0445,2025-08-10,Thanks for sharing this.,Neutral,-0.054,Neutral,Digital Burnout,Instagram
COM-01177,POST-0009,2025-04-18,This is exactly what student life feels like.,Positive,0.251,Relatable,Friendship,Instagram
COM-01178,POST-0946,2025-09-19,This made me feel understood.,Positive,0.99,Relatable,Student Life,YouTube
COM-01179,POST-0086,2025-04-24,This is exactly what student life feels like.,Positive,0.37,Relatable,Career Anxiety,YouTube
COM-01180,POST-0897,2025-07-13,This is exactly what student life feels like.,Negative,-0.75,Relatable,Career Anxiety,YouTube
COM-01181,POST-0077,2025-04-07,Nice post.,Neutral,0.035,Neutral,Academic Pressure,Instagram
COM-01182,POST-0027,2025-10-20,I thought I was the only one dealing with this.,Neutral,-0.069,Relatable,Digital Burnout,Instagram
COM-01183,POST-0112,2025-09-29,This made me feel understood.,Positive,0.417,Relatable,Friendship,YouTube
COM-01184,POST-0734,2025-06-09,This made me feel understood.,Negative,-0.274,Relatable,Productivity,Instagram
COM-01185,POST-0099,2025-11-30,Why does this describe me so perfectly?,Positive,0.705,Relatable,Career Anxiety,Instagram
COM-01186,POST-0473,2025-04-26,Interesting perspective.,Positive,0.436,Neutral,Friendship,Instagram
COM-01187,POST-0799,2025-10-28,That is an interesting point.,Neutral,-0.074,Neutral,Productivity,Instagram
COM-01188,POST-1136,2025-12-24,Interesting perspective.,Negative,-0.628,Neutral,Digital Burnout,Instagram
COM-01189,POST-0656,2025-02-13,This is exactly what student life feels like.,Neutral,-0.04,Relatable,Career Anxiety,YouTube
COM-01190,POST-0581,2025-12-10,Why does this describe me so perfectly?,Neutral,0.043,Relatable,Friendship,YouTube
COM-01191,POST-0107,2025-12-11,I thought I was the only one dealing with this.,Positive,0.844,Relatable,Career Anxiety,YouTube
COM-01192,POST-0339,2025-04-30,This made me feel understood.,Neutral,-0.008,Relatable,Academic Pressure,Instagram
COM-01193,POST-0437,2025-12-15,That is an interesting point.,Positive,0.834,Neutral,Friendship,Instagram
COM-01194,POST-0317,2025-02-07,I have been struggling with this too.,Neutral,0.078,Relatable,Dating,Instagram
COM-01195,POST-0246,2025-11-06,Finally someone said this out loud.,Positive,0.294,Relatable,Friendship,Instagram
COM-01196,POST-0294,2025-03-22,I have been struggling with this too.,Negative,-0.404,Relatable,Friendship,YouTube
COM-01197,POST-0112,2025-09-29,Thanks for sharing this.,Neutral,0.035,Neutral,Friendship,YouTube
COM-01198,POST-0682,2025-02-27,Finally someone said this out loud.,Positive,0.841,Relatable,Career Anxiety,YouTube
COM-01199,POST-1177,2025-07-05,I have been struggling with this too.,Positive,0.821,Relatable,Dating,YouTube
COM-01200,POST-0677,2025-07-30,Nice post.,Neutral,-0.079,Neutral,Social Anxiety,Instagram
COM-01201,POST-0070,2025-02-08,Thanks for sharing this.,Neutral,0.027,Neutral,Dating,Instagram
COM-01202,POST-0705,2025-01-15,Finally someone said this out loud.,Positive,0.728,Relatable,Academic Pressure,Instagram
COM-01203,POST-0478,2025-11-15,Thanks for sharing this.,Neutral,-0.049,Neutral,Career Anxiety,Instagram
COM-01204,POST-0064,2025-09-20,Why does this describe me so perfectly?,Positive,0.313,Relatable,Dating,YouTube
COM-01205,POST-0966,2025-08-20,Why does this describe me so perfectly?,Positive,0.766,Relatable,Academic Pressure,Instagram
COM-01206,POST-0848,2025-04-23,I thought I was the only one dealing with this.,Positive,0.543,Relatable,Social Anxiety,Instagram
COM-01207,POST-0362,2025-02-27,I have been struggling with this too.,Positive,0.964,Relatable,Career Anxiety,Instagram
COM-01208,POST-0493,2025-12-12,Interesting perspective.,Negative,-0.348,Neutral,Student Life,Instagram
COM-01209,POST-0437,2025-12-15,This is exactly what student life feels like.,Positive,0.511,Relatable,Friendship,Instagram
COM-01210,POST-1125,2025-04-12,This made me feel understood.,Positive,0.169,Relatable,Productivity,Instagram
COM-01211,POST-0536,2025-06-18,Why does this describe me so perfectly?,Positive,0.563,Relatable,Productivity,Instagram
COM-01212,POST-0805,2025-05-05,Good information.,Neutral,0.062,Neutral,Digital Burnout,YouTube
COM-01213,POST-0415,2025-01-07,Interesting perspective.,Neutral,-0.094,Neutral,Student Life,Instagram
COM-01214,POST-0281,2025-12-25,This is exactly what student life feels like.,Positive,0.892,Relatable,Career Anxiety,Instagram
COM-01215,POST-1145,2025-09-01,This is exactly what student life feels like.,Neutral,-0.016,Relatable,Academic Pressure,Instagram
COM-01216,POST-1026,2025-06-18,Thanks for sharing this.,Neutral,-0.014,Neutral,Productivity,Instagram
COM-01217,POST-0874,2025-04-15,Thanks for sharing this.,Positive,0.354,Neutral,Social Anxiety,Instagram
COM-01218,POST-0559,2025-03-23,That is an interesting point.,Negative,-0.524,Neutral,Career Anxiety,Instagram
COM-01219,POST-0153,2025-01-14,I will check this out.,Neutral,-0.01,Neutral,Student Life,Instagram
COM-01220,POST-0420,2025-08-01,I thought I was the only one dealing with this.,Positive,0.604,Relatable,Career Anxiety,YouTube
COM-01221,POST-0737,2025-05-28,This made me feel understood.,Positive,0.164,Relatable,Career Anxiety,Instagram
COM-01222,POST-0399,2025-08-29,Nice post.,Positive,0.889,Neutral,Social Anxiety,YouTube
COM-01223,POST-0177,2025-02-13,Good information.,Neutral,-0.049,Neutral,Dating,Instagram
COM-01224,POST-0945,2025-10-23,That is an interesting point.,Neutral,0.052,Neutral,Dating,YouTube
COM-01225,POST-0493,2025-12-12,Why does this describe me so perfectly?,Positive,0.298,Relatable,Student Life,Instagram
COM-01226,POST-0884,2025-09-11,This made me feel understood.,Negative,-0.168,Relatable,Career Anxiety,Instagram
COM-01227,POST-0812,2025-07-22,Finally someone said this out loud.,Negative,-0.83,Relatable,Digital Burnout,Instagram
COM-01228,POST-0843,2025-10-14,Nice post.,Neutral,-0.04,Neutral,Academic Pressure,YouTube
COM-01229,POST-0509,2025-07-04,I thought I was the only one dealing with this.,Neutral,0.088,Relatable,Dating,Instagram
COM-01230,POST-0338,2025-11-11,Good information.,Neutral,-0.083,Neutral,Student Life,YouTube
COM-01231,POST-0606,2025-02-25,I will check this out.,Neutral,-0.069,Neutral,Digital Burnout,Instagram
COM-01232,POST-0595,2025-07-29,This is exactly what student life feels like.,Neutral,-0.02,Relatable,Digital Burnout,YouTube
COM-01233,POST-0576,2025-01-31,This is exactly what student life feels like.,Negative,-0.964,Relatable,Productivity,YouTube
COM-01234,POST-0905,2025-10-10,Good information.,Neutral,0.074,Neutral,Dating,Instagram
COM-01235,POST-0416,2025-10-31,I have been struggling with this too.,Positive,0.673,Relatable,Friendship,Instagram
COM-01236,POST-0378,2025-09-25,Why does this describe me so perfectly?,Positive,0.542,Relatable,Student Life,Instagram
COM-01237,POST-0329,2025-10-06,That is an interesting point.,Positive,0.726,Neutral,Dating,YouTube
COM-01238,POST-0243,2025-11-13,Why does this describe me so perfectly?,Positive,0.375,Relatable,Social Anxiety,Instagram
COM-01239,POST-0364,2025-07-14,Finally someone said this out loud.,Positive,0.81,Relatable,Friendship,YouTube
COM-01240,POST-0877,2025-09-12,Why does this describe me so perfectly?,Neutral,-0.062,Relatable,Dating,Instagram
COM-01241,POST-0466,2025-01-07,I will check this out.,Positive,0.931,Neutral,Social Anxiety,Instagram
COM-01242,POST-0294,2025-03-22,Why does this describe me so perfectly?,Positive,0.179,Relatable,Friendship,YouTube
COM-01243,POST-0931,2025-09-01,Nice post.,Neutral,-0.014,Neutral,Productivity,Instagram
COM-01244,POST-0225,2025-11-21,This made me feel understood.,Negative,-0.433,Relatable,Dating,Instagram
COM-01245,POST-0712,2025-10-11,Good information.,Negative,-0.221,Neutral,Digital Burnout,YouTube
COM-01246,POST-0514,2025-07-22,This made me feel understood.,Positive,0.674,Relatable,Dating,Instagram
COM-01247,POST-0178,2025-02-23,I will check this out.,Neutral,0.042,Neutral,Productivity,Instagram
COM-01248,POST-1191,2025-06-03,Thanks for sharing this.,Negative,-0.604,Neutral,Social Anxiety,YouTube
COM-01249,POST-0045,2025-01-15,This made me feel understood.,Positive,0.746,Relatable,Digital Burnout,Instagram
COM-01250,POST-0099,2025-11-30,I will check this out.,Positive,0.846,Neutral,Career Anxiety,Instagram
COM-01251,POST-0654,2025-12-23,I thought I was the only one dealing with this.,Neutral,0.059,Relatable,Dating,YouTube
COM-01252,POST-1143,2025-07-11,Good information.,Neutral,0.055,Neutral,Academic Pressure,Instagram
COM-01253,POST-0350,2025-07-18,Why does this describe me so perfectly?,Positive,0.99,Relatable,Dating,Instagram
COM-01254,POST-0632,2025-05-01,Finally someone said this out loud.,Negative,-0.73,Relatable,Career Anxiety,YouTube
COM-01255,POST-0265,2025-09-23,This is exactly what student life feels like.,Positive,0.203,Relatable,Friendship,Instagram
COM-01256,POST-0873,2025-11-10,Finally someone said this out loud.,Positive,0.654,Relatable,Digital Burnout,YouTube
COM-01257,POST-0630,2025-11-29,Finally someone said this out loud.,Positive,0.929,Relatable,Dating,YouTube
COM-01258,POST-0412,2025-03-27,Finally someone said this out loud.,Positive,0.26,Relatable,Career Anxiety,Instagram
COM-01259,POST-0765,2025-06-14,This is exactly what student life feels like.,Neutral,0.07,Relatable,Social Anxiety,YouTube
COM-01260,POST-0088,2025-05-22,That is an interesting point.,Neutral,0.048,Neutral,Academic Pressure,Instagram
COM-01261,POST-0228,2025-01-30,Thanks for sharing this.,Neutral,-0.037,Neutral,Social Anxiety,Instagram
COM-01262,POST-1050,2025-08-26,This made me feel understood.,Positive,0.517,Relatable,Career Anxiety,YouTube
COM-01263,POST-0008,2025-04-23,Finally someone said this out loud.,Neutral,0.048,Relatable,Friendship,YouTube
COM-01264,POST-0644,2025-01-19,I will check this out.,Positive,0.277,Neutral,Productivity,YouTube
COM-01265,POST-1080,2025-02-10,This made me feel understood.,Neutral,0.088,Relatable,Academic Pressure,YouTube
COM-01266,POST-0498,2025-03-07,Finally someone said this out loud.,Negative,-0.317,Relatable,Social Anxiety,YouTube
COM-01267,POST-0903,2025-12-28,Why does this describe me so perfectly?,Positive,0.891,Relatable,Career Anxiety,Instagram
COM-01268,POST-0222,2025-03-14,Finally someone said this out loud.,Positive,0.275,Relatable,Productivity,Instagram
COM-01269,POST-0882,2025-07-04,This is exactly what student life feels like.,Positive,0.887,Relatable,Social Anxiety,Instagram
COM-01270,POST-0242,2025-03-27,This made me feel understood.,Negative,-0.692,Relatable,Friendship,Instagram
COM-01271,POST-0775,2025-03-13,I thought I was the only one dealing with this.,Neutral,-0.099,Relatable,Productivity,YouTube
COM-01272,POST-0678,2025-07-13,Nice post.,Positive,0.879,Neutral,Digital Burnout,YouTube
COM-01273,POST-0998,2025-01-30,This is exactly what student life feels like.,Positive,0.76,Relatable,Friendship,YouTube
COM-01274,POST-0778,2025-02-11,Thanks for sharing this.,Neutral,0.092,Neutral,Academic Pressure,Instagram
COM-01275,POST-0167,2025-04-02,I will check this out.,Neutral,0.079,Neutral,Student Life,Instagram
COM-01276,POST-1194,2025-04-03,I thought I was the only one dealing with this.,Neutral,-0.046,Relatable,Digital Burnout,Instagram
COM-01277,POST-1175,2025-10-28,Good information.,Neutral,0.042,Neutral,Digital Burnout,YouTube
COM-01278,POST-0523,2025-05-01,This made me feel understood.,Positive,0.707,Relatable,Friendship,YouTube
COM-01279,POST-0293,2025-07-16,This is exactly what student life feels like.,Positive,0.334,Relatable,Friendship,Instagram
COM-01280,POST-0395,2025-01-09,I thought I was the only one dealing with this.,Negative,-0.388,Relatable,Friendship,Instagram
COM-01281,POST-0780,2025-01-26,Why does this describe me so perfectly?,Positive,0.408,Relatable,Digital Burnout,Instagram
COM-01282,POST-0145,2025-07-20,Why does this describe me so perfectly?,Positive,0.734,Relatable,Student Life,Instagram
COM-01283,POST-0672,2025-12-08,Interesting perspective.,Neutral,0.007,Neutral,Social Anxiety,YouTube
COM-01284,POST-0909,2025-05-07,Thanks for sharing this.,Neutral,0.046,Neutral,Productivity,Instagram
COM-01285,POST-0854,2025-01-20,This made me feel understood.,Positive,0.335,Relatable,Career Anxiety,Instagram
COM-01286,POST-0266,2025-08-04,This is exactly what student life feels like.,Negative,-0.838,Relatable,Academic Pressure,Instagram
COM-01287,POST-1179,2025-02-23,Why does this describe me so perfectly?,Neutral,-0.063,Relatable,Digital Burnout,Instagram
COM-01288,POST-1176,2025-10-17,Thanks for sharing this.,Positive,0.742,Neutral,Career Anxiety,YouTube
COM-01289,POST-0359,2025-03-14,This is exactly what student life feels like.,Positive,0.587,Relatable,Academic Pressure,Instagram
COM-01290,POST-0589,2025-12-17,Why does this describe me so perfectly?,Positive,0.526,Relatable,Dating,Instagram
COM-01291,POST-0739,2025-08-05,This made me feel understood.,Positive,0.794,Relatable,Social Anxiety,Instagram
COM-01292,POST-0652,2025-12-07,I have been struggling with this too.,Positive,0.688,Relatable,Productivity,YouTube
COM-01293,POST-1150,2025-11-24,This is exactly what student life feels like.,Neutral,0.068,Relatable,Career Anxiety,Instagram
COM-01294,POST-0853,2025-09-11,Finally someone said this out loud.,Positive,0.907,Relatable,Career Anxiety,YouTube
COM-01295,POST-1180,2025-10-21,Finally someone said this out loud.,Neutral,0.1,Relatable,Social Anxiety,Instagram
COM-01296,POST-0961,2025-08-10,I thought I was the only one dealing with this.,Neutral,-0.016,Relatable,Social Anxiety,YouTube
COM-01297,POST-0377,2025-04-24,I will check this out.,Neutral,0.014,Neutral,Productivity,Instagram
COM-01298,POST-1005,2025-11-22,I have been struggling with this too.,Neutral,-0.003,Relatable,Productivity,Instagram
COM-01299,POST-0815,2025-06-05,That is an interesting point.,Negative,-0.205,Neutral,Career Anxiety,Instagram
COM-01300,POST-1163,2025-03-22,I have been struggling with this too.,Positive,0.551,Relatable,Student Life,Instagram
COM-01301,POST-1074,2025-12-03,Nice post.,Positive,0.263,Neutral,Student Life,Instagram
COM-01302,POST-1176,2025-10-17,That is an interesting point.,Neutral,0.069,Neutral,Career Anxiety,YouTube
COM-01303,POST-0521,2025-10-17,I will check this out.,Neutral,0.013,Neutral,Dating,Instagram
COM-01304,POST-0983,2025-09-17,Finally someone said this out loud.,Positive,0.649,Relatable,Student Life,Instagram
COM-01305,POST-0723,2025-01-25,Thanks for sharing this.,Neutral,0.067,Neutral,Friendship,YouTube
COM-01306,POST-1001,2025-12-17,Finally someone said this out loud.,Negative,-0.741,Relatable,Career Anxiety,Instagram
COM-01307,POST-0666,2025-06-03,Interesting perspective.,Neutral,0.072,Neutral,Career Anxiety,YouTube
COM-01308,POST-1177,2025-07-05,I will check this out.,Neutral,0.038,Neutral,Dating,YouTube
COM-01309,POST-0484,2025-01-14,This is exactly what student life feels like.,Positive,0.192,Relatable,Career Anxiety,Instagram
COM-01310,POST-1110,2025-12-17,This is exactly what student life feels like.,Negative,-0.252,Relatable,Dating,Instagram
COM-01311,POST-1158,2025-02-21,Why does this describe me so perfectly?,Positive,0.312,Relatable,Career Anxiety,YouTube
COM-01312,POST-0127,2025-04-29,Good information.,Neutral,-0.075,Neutral,Career Anxiety,YouTube
COM-01313,POST-0143,2025-12-14,Nice post.,Neutral,-0.008,Neutral,Student Life,YouTube
COM-01314,POST-0479,2025-05-31,Good information.,Positive,0.519,Neutral,Digital Burnout,Instagram
COM-01315,POST-0593,2025-03-28,I have been struggling with this too.,Positive,0.999,Relatable,Student Life,Instagram
COM-01316,POST-1057,2025-07-04,Why does this describe me so perfectly?,Positive,0.745,Relatable,Academic Pressure,YouTube
COM-01317,POST-0755,2025-05-16,Why does this describe me so perfectly?,Neutral,-0.022,Relatable,Academic Pressure,YouTube
COM-01318,POST-0453,2025-10-28,I have been struggling with this too.,Neutral,-0.075,Relatable,Social Anxiety,YouTube
COM-01319,POST-0324,2025-11-22,Finally someone said this out loud.,Positive,0.208,Relatable,Student Life,Instagram
COM-01320,POST-0381,2025-06-22,I thought I was the only one dealing with this.,Neutral,-0.012,Relatable,Friendship,Instagram
COM-01321,POST-0405,2025-01-12,I thought I was the only one dealing with this.,Positive,0.445,Relatable,Career Anxiety,Instagram
COM-01322,POST-1000,2025-04-09,I thought I was the only one dealing with this.,Positive,0.911,Relatable,Student Life,Instagram
COM-01323,POST-0834,2025-04-11,Interesting perspective.,Neutral,-0.019,Neutral,Social Anxiety,Instagram
COM-01324,POST-0753,2025-01-20,I have been struggling with this too.,Positive,0.717,Relatable,Friendship,YouTube
COM-01325,POST-0700,2025-06-15,Why does this describe me so perfectly?,Positive,0.83,Relatable,Career Anxiety,Instagram
COM-01326,POST-0754,2025-02-20,Nice post.,Neutral,0.082,Neutral,Social Anxiety,Instagram
COM-01327,POST-0246,2025-11-06,Finally someone said this out loud.,Positive,0.265,Relatable,Friendship,Instagram
COM-01328,POST-0038,2025-06-02,That is an interesting point.,Neutral,-0.093,Neutral,Career Anxiety,Instagram
COM-01329,POST-0792,2025-06-15,That is an interesting point.,Neutral,-0.095,Neutral,Academic Pressure,YouTube
COM-01330,POST-0649,2025-07-09,This made me feel understood.,Neutral,0.028,Relatable,Friendship,Instagram
COM-01331,POST-0897,2025-07-13,Thanks for sharing this.,Neutral,0.064,Neutral,Career Anxiety,YouTube
COM-01332,POST-0393,2025-02-18,I have been struggling with this too.,Positive,0.998,Relatable,Productivity,Instagram
COM-01333,POST-0459,2025-11-27,Why does this describe me so perfectly?,Positive,0.405,Relatable,Student Life,Instagram
COM-01334,POST-0049,2025-04-19,This is exactly what student life feels like.,Positive,0.399,Relatable,Social Anxiety,YouTube
COM-01335,POST-1141,2025-01-23,This is exactly what student life feels like.,Neutral,-0.019,Relatable,Academic Pressure,Instagram
COM-01336,POST-1176,2025-10-17,I have been struggling with this too.,Positive,0.358,Relatable,Career Anxiety,YouTube
COM-01337,POST-0951,2025-09-20,This is exactly what student life feels like.,Positive,0.839,Relatable,Academic Pressure,Instagram
COM-01338,POST-0514,2025-07-22,I will check this out.,Negative,-0.887,Neutral,Dating,Instagram
COM-01339,POST-1137,2025-02-23,That is an interesting point.,Positive,0.541,Neutral,Student Life,Instagram
COM-01340,POST-0743,2025-05-23,Nice post.,Positive,0.991,Neutral,Dating,Instagram
COM-01341,POST-0030,2025-02-26,Good information.,Neutral,-0.06,Neutral,Career Anxiety,Instagram
COM-01342,POST-0029,2025-06-02,I have been struggling with this too.,Neutral,-0.054,Relatable,Student Life,YouTube
COM-01343,POST-1174,2025-12-26,I thought I was the only one dealing with this.,Positive,0.336,Relatable,Student Life,Instagram
COM-01344,POST-1162,2025-04-01,This made me feel understood.,Neutral,-0.092,Relatable,Dating,Instagram
COM-01345,POST-1057,2025-07-04,Why does this describe me so perfectly?,Neutral,-0.061,Relatable,Academic Pressure,YouTube
COM-01346,POST-0120,2025-10-28,Interesting perspective.,Neutral,-0.037,Neutral,Dating,Instagram
COM-01347,POST-0262,2025-11-04,I will check this out.,Neutral,-0.059,Neutral,Student Life,YouTube
COM-01348,POST-0434,2025-12-11,I will check this out.,Neutral,-0.005,Neutral,Digital Burnout,YouTube
COM-01349,POST-0159,2025-09-21,Nice post.,Neutral,0.091,Neutral,Digital Burnout,YouTube
COM-01350,POST-0483,2025-09-28,Good information.,Neutral,0.036,Neutral,Friendship,Instagram
COM-01351,POST-0432,2025-08-06,Why does this describe me so perfectly?,Neutral,0.065,Relatable,Friendship,Instagram
COM-01352,POST-0122,2025-06-19,Finally someone said this out loud.,Positive,0.967,Relatable,Academic Pressure,Instagram
COM-01353,POST-0511,2025-07-19,I have been struggling with this too.,Positive,0.88,Relatable,Student Life,Instagram
COM-01354,POST-0886,2025-04-07,I thought I was the only one dealing with this.,Neutral,-0.035,Relatable,Social Anxiety,Instagram
COM-01355,POST-0449,2025-11-28,I thought I was the only one dealing with this.,Neutral,-0.042,Relatable,Friendship,Instagram
COM-01356,POST-0626,2025-12-27,This made me feel understood.,Negative,-0.235,Relatable,Digital Burnout,Instagram
COM-01357,POST-0284,2025-07-21,Interesting perspective.,Neutral,-0.064,Neutral,Friendship,Instagram
COM-01358,POST-1042,2025-12-24,That is an interesting point.,Neutral,0.024,Neutral,Digital Burnout,Instagram
COM-01359,POST-0313,2025-10-26,This is exactly what student life feels like.,Neutral,-0.054,Relatable,Academic Pressure,Instagram
COM-01360,POST-0817,2025-11-22,Finally someone said this out loud.,Neutral,-0.048,Relatable,Dating,YouTube
COM-01361,POST-0425,2025-12-27,That is an interesting point.,Positive,0.664,Neutral,Digital Burnout,YouTube
COM-01362,POST-0684,2025-12-22,I thought I was the only one dealing with this.,Neutral,0.092,Relatable,Digital Burnout,Instagram
COM-01363,POST-0161,2025-04-20,This made me feel understood.,Neutral,-0.028,Relatable,Career Anxiety,Instagram
COM-01364,POST-0934,2025-06-14,That is an interesting point.,Neutral,0.082,Neutral,Dating,YouTube
COM-01365,POST-0369,2025-10-25,Why does this describe me so perfectly?,Positive,0.839,Relatable,Student Life,YouTube
COM-01366,POST-0318,2025-08-22,This is exactly what student life feels like.,Positive,0.956,Relatable,Social Anxiety,Instagram
COM-01367,POST-0791,2025-11-03,I thought I was the only one dealing with this.,Neutral,-0.03,Relatable,Digital Burnout,Instagram
COM-01368,POST-1108,2025-12-28,I will check this out.,Positive,0.431,Neutral,Academic Pressure,Instagram
COM-01369,POST-0801,2025-04-20,This made me feel understood.,Positive,0.648,Relatable,Productivity,Instagram
COM-01370,POST-1062,2025-02-17,I have been struggling with this too.,Positive,0.279,Relatable,Academic Pressure,Instagram
COM-01371,POST-0639,2025-11-25,Finally someone said this out loud.,Positive,0.87,Relatable,Career Anxiety,Instagram
COM-01372,POST-0663,2025-01-03,Interesting perspective.,Neutral,0.004,Neutral,Friendship,Instagram
COM-01373,POST-0151,2025-08-02,Why does this describe me so perfectly?,Negative,-0.528,Relatable,Dating,Instagram
COM-01374,POST-0365,2025-01-08,Thanks for sharing this.,Neutral,0.018,Neutral,Social Anxiety,Instagram
COM-01375,POST-0051,2025-02-18,Thanks for sharing this.,Neutral,0.01,Neutral,Academic Pressure,Instagram
COM-01376,POST-0831,2025-11-28,This made me feel understood.,Neutral,0.033,Relatable,Dating,Instagram
COM-01377,POST-1093,2025-12-31,I have been struggling with this too.,Positive,0.203,Relatable,Academic Pressure,YouTube
COM-01378,POST-0815,2025-06-05,Why does this describe me so perfectly?,Neutral,0.072,Relatable,Career Anxiety,Instagram
COM-01379,POST-0929,2025-03-26,Finally someone said this out loud.,Positive,0.402,Relatable,Student Life,Instagram
COM-01380,POST-0033,2025-04-24,Finally someone said this out loud.,Negative,-0.873,Relatable,Career Anxiety,YouTube
COM-01381,POST-1055,2025-07-20,That is an interesting point.,Neutral,0.06,Neutral,Productivity,Instagram
COM-01382,POST-1060,2025-03-25,I will check this out.,Neutral,0.026,Neutral,Digital Burnout,Instagram
COM-01383,POST-0347,2025-04-08,That is an interesting point.,Neutral,0.008,Neutral,Student Life,Instagram
COM-01384,POST-0649,2025-07-09,This made me feel understood.,Positive,0.5,Relatable,Friendship,Instagram
COM-01385,POST-0501,2025-07-09,This made me feel understood.,Neutral,-0.056,Relatable,Dating,Instagram
COM-01386,POST-1129,2025-03-20,Good information.,Negative,-0.489,Neutral,Friendship,Instagram
COM-01387,POST-0699,2025-01-24,Why does this describe me so perfectly?,Positive,0.706,Relatable,Career Anxiety,Instagram
COM-01388,POST-0248,2025-11-27,Why does this describe me so perfectly?,Negative,-0.868,Relatable,Student Life,Instagram
COM-01389,POST-0672,2025-12-08,This made me feel understood.,Positive,0.22,Relatable,Social Anxiety,YouTube
COM-01390,POST-0440,2025-11-28,Why does this describe me so perfectly?,Positive,0.774,Relatable,Academic Pressure,Instagram
COM-01391,POST-0646,2025-05-29,I have been struggling with this too.,Neutral,0.043,Relatable,Friendship,Instagram
COM-01392,POST-0670,2025-01-25,I will check this out.,Neutral,0.078,Neutral,Friendship,Instagram
COM-01393,POST-0320,2025-03-04,Why does this describe me so perfectly?,Positive,0.593,Relatable,Career Anxiety,Instagram
COM-01394,POST-1150,2025-11-24,I will check this out.,Neutral,0.018,Neutral,Career Anxiety,Instagram
COM-01395,POST-0322,2025-09-18,Thanks for sharing this.,Neutral,-0.0,Neutral,Digital Burnout,Instagram
COM-01396,POST-0749,2025-02-01,I thought I was the only one dealing with this.,Positive,0.598,Relatable,Academic Pressure,Instagram
COM-01397,POST-0137,2025-03-11,This is exactly what student life feels like.,Neutral,-0.067,Relatable,Student Life,Instagram
COM-01398,POST-0491,2025-11-09,This is exactly what student life feels like.,Neutral,-0.065,Relatable,Dating,Instagram
COM-01399,POST-0030,2025-02-26,Interesting perspective.,Neutral,0.012,Neutral,Career Anxiety,Instagram
COM-01400,POST-0892,2025-08-18,Why does this describe me so perfectly?,Neutral,-0.043,Relatable,Career Anxiety,YouTube
COM-01401,POST-0341,2025-12-21,I thought I was the only one dealing with this.,Positive,0.353,Relatable,Social Anxiety,Instagram
COM-01402,POST-1179,2025-02-23,This is exactly what student life feels like.,Positive,0.206,Relatable,Digital Burnout,Instagram
COM-01403,POST-0693,2025-04-22,Why does this describe me so perfectly?,Positive,0.7,Relatable,Digital Burnout,Instagram
COM-01404,POST-0845,2025-01-20,Nice post.,Neutral,0.002,Neutral,Friendship,Instagram
COM-01405,POST-1188,2025-01-20,I thought I was the only one dealing with this.,Neutral,-0.003,Relatable,Academic Pressure,YouTube
COM-01406,POST-0777,2025-09-01,I will check this out.,Neutral,0.005,Neutral,Digital Burnout,Instagram
COM-01407,POST-1149,2025-08-06,Interesting perspective.,Neutral,-0.086,Neutral,Productivity,Instagram
COM-01408,POST-0650,2025-01-21,This is exactly what student life feels like.,Neutral,0.036,Relatable,Productivity,YouTube
COM-01409,POST-0495,2025-08-03,That is an interesting point.,Neutral,0.037,Neutral,Digital Burnout,YouTube
COM-01410,POST-0960,2025-06-02,I thought I was the only one dealing with this.,Neutral,0.086,Relatable,Friendship,Instagram
COM-01411,POST-1080,2025-02-10,I have been struggling with this too.,Positive,0.694,Relatable,Academic Pressure,YouTube
COM-01412,POST-0407,2025-01-07,I thought I was the only one dealing with this.,Positive,0.684,Relatable,Career Anxiety,Instagram
COM-01413,POST-0944,2025-04-11,I will check this out.,Neutral,0.016,Neutral,Career Anxiety,Instagram
COM-01414,POST-0413,2025-11-03,I thought I was the only one dealing with this.,Neutral,0.079,Relatable,Digital Burnout,YouTube
COM-01415,POST-0225,2025-11-21,Interesting perspective.,Neutral,-0.049,Neutral,Dating,Instagram
COM-01416,POST-1197,2025-04-25,Finally someone said this out loud.,Positive,0.945,Relatable,Student Life,YouTube
COM-01417,POST-0764,2025-12-13,Interesting perspective.,Neutral,-0.056,Neutral,Student Life,Instagram
COM-01418,POST-0328,2025-04-01,This made me feel understood.,Positive,0.628,Relatable,Student Life,YouTube
COM-01419,POST-0269,2025-01-14,That is an interesting point.,Neutral,0.027,Neutral,Career Anxiety,Instagram
COM-01420,POST-0771,2025-05-23,Finally someone said this out loud.,Positive,0.271,Relatable,Productivity,Instagram
COM-01421,POST-0113,2025-12-18,I have been struggling with this too.,Neutral,-0.058,Relatable,Career Anxiety,Instagram
COM-01422,POST-0652,2025-12-07,This made me feel understood.,Negative,-0.599,Relatable,Productivity,YouTube
COM-01423,POST-0733,2025-08-20,Why does this describe me so perfectly?,Neutral,-0.026,Relatable,Social Anxiety,Instagram
COM-01424,POST-0269,2025-01-14,Why does this describe me so perfectly?,Positive,0.431,Relatable,Career Anxiety,Instagram
COM-01425,POST-0635,2025-06-22,I will check this out.,Negative,-0.938,Neutral,Productivity,Instagram
COM-01426,POST-0146,2025-07-10,Why does this describe me so perfectly?,Neutral,-0.062,Relatable,Digital Burnout,Instagram
COM-01427,POST-0141,2025-02-04,I thought I was the only one dealing with this.,Positive,0.246,Relatable,Dating,YouTube
COM-01428,POST-0244,2025-12-07,Thanks for sharing this.,Neutral,-0.073,Neutral,Student Life,Instagram
COM-01429,POST-0513,2025-02-21,Interesting perspective.,Neutral,-0.046,Neutral,Digital Burnout,Instagram
COM-01430,POST-0420,2025-08-01,I have been struggling with this too.,Neutral,0.079,Relatable,Career Anxiety,YouTube
COM-01431,POST-0403,2025-02-28,This is exactly what student life feels like.,Positive,0.834,Relatable,Student Life,Instagram
COM-01432,POST-0787,2025-04-17,I have been struggling with this too.,Positive,0.798,Relatable,Friendship,YouTube
COM-01433,POST-0857,2025-05-12,This is exactly what student life feels like.,Positive,0.502,Relatable,Digital Burnout,YouTube
COM-01434,POST-0332,2025-01-15,Good information.,Positive,0.945,Neutral,Friendship,Instagram
COM-01435,POST-0107,2025-12-11,I thought I was the only one dealing with this.,Negative,-0.9,Relatable,Career Anxiety,YouTube
COM-01436,POST-0664,2025-07-24,Why does this describe me so perfectly?,Positive,0.215,Relatable,Dating,Instagram
COM-01437,POST-1071,2025-07-27,This made me feel understood.,Positive,0.167,Relatable,Dating,Instagram
COM-01438,POST-1193,2025-11-28,Interesting perspective.,Neutral,-0.042,Neutral,Career Anxiety,Instagram
COM-01439,POST-0068,2025-05-14,Why does this describe me so perfectly?,Positive,0.325,Relatable,Career Anxiety,Instagram
COM-01440,POST-0863,2025-11-02,This made me feel understood.,Neutral,0.076,Relatable,Student Life,YouTube
COM-01441,POST-0421,2025-01-29,Thanks for sharing this.,Negative,-0.901,Neutral,Student Life,Instagram
COM-01442,POST-0666,2025-06-03,I have been struggling with this too.,Positive,0.506,Relatable,Career Anxiety,YouTube
COM-01443,POST-0291,2025-11-19,That is an interesting point.,Neutral,-0.015,Neutral,Academic Pressure,Instagram
COM-01444,POST-0475,2025-05-14,I have been struggling with this too.,Negative,-0.355,Relatable,Student Life,Instagram
COM-01445,POST-0136,2025-08-03,I have been struggling with this too.,Neutral,-0.079,Relatable,Productivity,Instagram
COM-01446,POST-0675,2025-06-09,Finally someone said this out loud.,Positive,0.385,Relatable,Digital Burnout,Instagram
COM-01447,POST-0186,2025-06-09,Thanks for sharing this.,Neutral,0.055,Neutral,Social Anxiety,Instagram
COM-01448,POST-0942,2025-04-13,Finally someone said this out loud.,Positive,0.251,Relatable,Friendship,Instagram
COM-01449,POST-0561,2025-05-08,Good information.,Neutral,0.081,Neutral,Student Life,YouTube
COM-01450,POST-0296,2025-03-22,Thanks for sharing this.,Positive,0.337,Neutral,Academic Pressure,Instagram
COM-01451,POST-0654,2025-12-23,This made me feel understood.,Positive,0.35,Relatable,Dating,YouTube
COM-01452,POST-0529,2025-09-30,Interesting perspective.,Positive,0.612,Neutral,Student Life,Instagram
COM-01453,POST-0595,2025-07-29,Thanks for sharing this.,Neutral,-0.04,Neutral,Digital Burnout,YouTube
COM-01454,POST-1125,2025-04-12,This made me feel understood.,Neutral,0.092,Relatable,Productivity,Instagram
COM-01455,POST-0966,2025-08-20,Why does this describe me so perfectly?,Positive,0.317,Relatable,Academic Pressure,Instagram
COM-01456,POST-0904,2025-08-12,This made me feel understood.,Neutral,-0.09,Relatable,Friendship,YouTube
COM-01457,POST-0801,2025-04-20,I have been struggling with this too.,Positive,0.875,Relatable,Productivity,Instagram
COM-01458,POST-0218,2025-05-01,Finally someone said this out loud.,Neutral,-0.03,Relatable,Student Life,Instagram
COM-01459,POST-1135,2025-10-23,I have been struggling with this too.,Negative,-0.292,Relatable,Academic Pressure,Instagram
COM-01460,POST-0116,2025-03-05,Thanks for sharing this.,Neutral,0.085,Neutral,Dating,Instagram
COM-01461,POST-0894,2025-09-12,I have been struggling with this too.,Positive,0.44,Relatable,Friendship,Instagram
COM-01462,POST-0874,2025-04-15,Interesting perspective.,Neutral,0.092,Neutral,Social Anxiety,Instagram
COM-01463,POST-0169,2025-06-22,Finally someone said this out loud.,Positive,0.298,Relatable,Digital Burnout,YouTube
COM-01464,POST-0159,2025-09-21,This made me feel understood.,Positive,0.748,Relatable,Digital Burnout,YouTube
COM-01465,POST-1148,2025-05-15,Nice post.,Neutral,-0.081,Neutral,Friendship,Instagram
COM-01466,POST-0269,2025-01-14,I thought I was the only one dealing with this.,Positive,0.468,Relatable,Career Anxiety,Instagram
COM-01467,POST-0295,2025-07-26,Good information.,Positive,0.448,Neutral,Digital Burnout,YouTube
COM-01468,POST-0580,2025-07-15,I will check this out.,Neutral,-0.058,Neutral,Friendship,Instagram
COM-01469,POST-0807,2025-10-29,Finally someone said this out loud.,Neutral,0.018,Relatable,Friendship,Instagram
COM-01470,POST-0621,2025-03-04,Nice post.,Neutral,-0.003,Neutral,Academic Pressure,Instagram
COM-01471,POST-0781,2025-06-25,This made me feel understood.,Positive,0.495,Relatable,Career Anxiety,Instagram
COM-01472,POST-0257,2025-12-30,I will check this out.,Neutral,-0.079,Neutral,Friendship,YouTube
COM-01473,POST-0565,2025-12-09,This made me feel understood.,Negative,-0.601,Relatable,Productivity,Instagram
COM-01474,POST-0197,2025-12-01,This made me feel understood.,Positive,0.936,Relatable,Friendship,YouTube
COM-01475,POST-1197,2025-04-25,This made me feel understood.,Neutral,0.061,Relatable,Student Life,YouTube
COM-01476,POST-0366,2025-07-05,Nice post.,Negative,-0.558,Neutral,Productivity,Instagram
COM-01477,POST-0970,2025-10-24,I thought I was the only one dealing with this.,Neutral,0.038,Relatable,Dating,YouTube
COM-01478,POST-0237,2025-07-13,I have been struggling with this too.,Negative,-0.532,Relatable,Student Life,Instagram
COM-01479,POST-0871,2025-07-28,Why does this describe me so perfectly?,Neutral,0.048,Relatable,Dating,YouTube
COM-01480,POST-0220,2025-10-27,This is exactly what student life feels like.,Neutral,-0.079,Relatable,Academic Pressure,Instagram
COM-01481,POST-0657,2025-01-13,Finally someone said this out loud.,Negative,-0.639,Relatable,Dating,Instagram
COM-01482,POST-0781,2025-06-25,That is an interesting point.,Positive,0.785,Neutral,Career Anxiety,Instagram
COM-01483,POST-0819,2025-12-26,I have been struggling with this too.,Positive,0.38,Relatable,Social Anxiety,Instagram
COM-01484,POST-0780,2025-01-26,I thought I was the only one dealing with this.,Neutral,0.082,Relatable,Digital Burnout,Instagram
COM-01485,POST-0820,2025-10-14,Why does this describe me so perfectly?,Positive,0.682,Relatable,Dating,YouTube
COM-01486,POST-0815,2025-06-05,Good information.,Neutral,-0.044,Neutral,Career Anxiety,Instagram
COM-01487,POST-0515,2025-07-01,Finally someone said this out loud.,Positive,0.563,Relatable,Academic Pressure,Instagram
COM-01488,POST-0028,2025-08-12,Nice post.,Neutral,0.015,Neutral,Dating,YouTube
COM-01489,POST-0711,2025-08-05,This is exactly what student life feels like.,Positive,0.784,Relatable,Career Anxiety,Instagram
COM-01490,POST-0094,2025-04-17,I have been struggling with this too.,Positive,0.825,Relatable,Friendship,Instagram
COM-01491,POST-0298,2025-06-06,Nice post.,Positive,0.666,Neutral,Career Anxiety,Instagram
COM-01492,POST-1042,2025-12-24,Nice post.,Positive,0.626,Neutral,Digital Burnout,Instagram
COM-01493,POST-0531,2025-01-06,Finally someone said this out loud.,Neutral,0.002,Relatable,Social Anxiety,Instagram
COM-01494,POST-0873,2025-11-10,Good information.,Negative,-0.839,Neutral,Digital Burnout,YouTube
COM-01495,POST-0218,2025-05-01,Finally someone said this out loud.,Positive,0.521,Relatable,Student Life,Instagram
COM-01496,POST-0268,2025-06-29,I thought I was the only one dealing with this.,Positive,0.326,Relatable,Social Anxiety,Instagram
COM-01497,POST-1186,2025-09-24,Thanks for sharing this.,Neutral,-0.064,Neutral,Digital Burnout,Instagram
COM-01498,POST-0737,2025-05-28,Why does this describe me so perfectly?,Positive,0.255,Relatable,Career Anxiety,Instagram
COM-01499,POST-1100,2025-03-05,I will check this out.,Neutral,0.033,Neutral,Digital Burnout,Instagram
COM-01500,POST-0588,2025-06-12,This is exactly what student life feels like.,Neutral,-0.063,Relatable,Social Anxiety,Instagram
COM-01501,POST-1167,2025-10-13,This made me feel understood.,Negative,-0.433,Relatable,Productivity,Instagram
COM-01502,POST-0029,2025-06-02,I have been struggling with this too.,Positive,0.524,Relatable,Student Life,YouTube
COM-01503,POST-0979,2025-01-21,Interesting perspective.,Neutral,-0.024,Neutral,Digital Burnout,Instagram
COM-01504,POST-0126,2025-10-08,Good information.,Neutral,-0.004,Neutral,Dating,YouTube
COM-01505,POST-1180,2025-10-21,Finally someone said this out loud.,Positive,0.507,Relatable,Social Anxiety,Instagram
COM-01506,POST-1067,2025-02-24,This made me feel understood.,Neutral,0.006,Relatable,Social Anxiety,YouTube
COM-01507,POST-0780,2025-01-26,Nice post.,Neutral,-0.017,Neutral,Digital Burnout,Instagram
COM-01508,POST-0176,2025-09-30,Why does this describe me so perfectly?,Positive,0.781,Relatable,Friendship,Instagram
COM-01509,POST-0731,2025-09-14,This is exactly what student life feels like.,Positive,0.765,Relatable,Digital Burnout,Instagram
COM-01510,POST-0615,2025-12-24,I thought I was the only one dealing with this.,Positive,0.411,Relatable,Productivity,Instagram
COM-01511,POST-1073,2025-05-27,This is exactly what student life feels like.,Neutral,0.086,Relatable,Dating,Instagram
COM-01512,POST-0055,2025-02-17,Why does this describe me so perfectly?,Positive,0.31,Relatable,Friendship,Instagram
COM-01513,POST-0945,2025-10-23,Thanks for sharing this.,Positive,0.668,Neutral,Dating,YouTube
COM-01514,POST-0511,2025-07-19,Nice post.,Negative,-0.959,Neutral,Student Life,Instagram
COM-01515,POST-0126,2025-10-08,This made me feel understood.,Neutral,-0.07,Relatable,Dating,YouTube
COM-01516,POST-0117,2025-04-04,I have been struggling with this too.,Positive,0.335,Relatable,Career Anxiety,Instagram
COM-01517,POST-0812,2025-07-22,I thought I was the only one dealing with this.,Neutral,0.076,Relatable,Digital Burnout,Instagram
COM-01518,POST-0301,2025-03-22,That is an interesting point.,Neutral,0.015,Neutral,Productivity,Instagram
COM-01519,POST-1042,2025-12-24,This made me feel understood.,Positive,0.625,Relatable,Digital Burnout,Instagram
COM-01520,POST-0990,2025-05-23,I thought I was the only one dealing with this.,Positive,0.879,Relatable,Academic Pressure,Instagram
COM-01521,POST-0955,2025-11-26,Finally someone said this out loud.,Neutral,0.07,Relatable,Student Life,Instagram
COM-01522,POST-0266,2025-08-04,I thought I was the only one dealing with this.,Neutral,-0.024,Relatable,Academic Pressure,Instagram
COM-01523,POST-0200,2025-12-21,Interesting perspective.,Neutral,-0.077,Neutral,Student Life,Instagram
COM-01524,POST-0509,2025-07-04,That is an interesting point.,Neutral,-0.079,Neutral,Dating,Instagram
COM-01525,POST-0389,2025-08-07,Thanks for sharing this.,Neutral,-0.054,Neutral,Digital Burnout,YouTube
COM-01526,POST-0663,2025-01-03,This made me feel understood.,Positive,0.686,Relatable,Friendship,Instagram
COM-01527,POST-0115,2025-05-05,I have been struggling with this too.,Neutral,-0.055,Relatable,Career Anxiety,YouTube
COM-01528,POST-0524,2025-04-01,This made me feel understood.,Positive,0.255,Relatable,Friendship,YouTube
COM-01529,POST-0077,2025-04-07,I thought I was the only one dealing with this.,Positive,0.427,Relatable,Academic Pressure,Instagram
COM-01530,POST-0835,2025-10-28,I thought I was the only one dealing with this.,Positive,0.468,Relatable,Digital Burnout,Instagram
COM-01531,POST-0809,2025-11-07,Why does this describe me so perfectly?,Neutral,0.01,Relatable,Social Anxiety,Instagram
COM-01532,POST-1147,2025-01-07,I thought I was the only one dealing with this.,Neutral,0.089,Relatable,Friendship,Instagram
COM-01533,POST-0943,2025-11-24,Finally someone said this out loud.,Positive,0.768,Relatable,Dating,Instagram
COM-01534,POST-0662,2025-03-09,Nice post.,Neutral,0.022,Neutral,Productivity,Instagram
COM-01535,POST-0129,2025-11-08,I have been struggling with this too.,Neutral,-0.054,Relatable,Productivity,Instagram
COM-01536,POST-0645,2025-09-12,I thought I was the only one dealing with this.,Neutral,-0.03,Relatable,Career Anxiety,Instagram
COM-01537,POST-0148,2025-10-17,Finally someone said this out loud.,Positive,0.38,Relatable,Productivity,Instagram
COM-01538,POST-0161,2025-04-20,Interesting perspective.,Neutral,0.033,Neutral,Career Anxiety,Instagram
COM-01539,POST-0805,2025-05-05,This is exactly what student life feels like.,Positive,0.578,Relatable,Digital Burnout,YouTube
COM-01540,POST-0648,2025-11-04,Nice post.,Neutral,-0.004,Neutral,Academic Pressure,Instagram
COM-01541,POST-0636,2025-07-26,I have been struggling with this too.,Positive,0.975,Relatable,Digital Burnout,YouTube
COM-01542,POST-0424,2025-02-07,Interesting perspective.,Positive,0.921,Neutral,Social Anxiety,Instagram
COM-01543,POST-1176,2025-10-17,This is exactly what student life feels like.,Positive,0.264,Relatable,Career Anxiety,YouTube
COM-01544,POST-0489,2025-04-04,I have been struggling with this too.,Positive,0.728,Relatable,Social Anxiety,Instagram
COM-01545,POST-1104,2025-09-08,Why does this describe me so perfectly?,Negative,-0.483,Relatable,Career Anxiety,Instagram
COM-01546,POST-0130,2025-05-05,I will check this out.,Neutral,0.097,Neutral,Digital Burnout,YouTube
COM-01547,POST-0115,2025-05-05,I thought I was the only one dealing with this.,Negative,-0.9,Relatable,Career Anxiety,YouTube
COM-01548,POST-0570,2025-09-15,Thanks for sharing this.,Negative,-0.801,Neutral,Student Life,YouTube
COM-01549,POST-1060,2025-03-25,Thanks for sharing this.,Neutral,0.072,Neutral,Digital Burnout,Instagram
COM-01550,POST-0841,2025-03-11,Interesting perspective.,Positive,0.878,Neutral,Digital Burnout,Instagram
COM-01551,POST-0199,2025-03-01,Why does this describe me so perfectly?,Neutral,-0.049,Relatable,Academic Pressure,Instagram
COM-01552,POST-0485,2025-08-29,Good information.,Neutral,0.093,Neutral,Dating,YouTube
COM-01553,POST-0497,2025-07-30,I thought I was the only one dealing with this.,Neutral,0.072,Relatable,Career Anxiety,YouTube
COM-01554,POST-0388,2025-04-29,I thought I was the only one dealing with this.,Neutral,0.068,Relatable,Social Anxiety,YouTube
COM-01555,POST-0750,2025-05-02,Good information.,Neutral,-0.044,Neutral,Student Life,Instagram
COM-01556,POST-0272,2025-09-05,Why does this describe me so perfectly?,Neutral,0.027,Relatable,Productivity,Instagram
COM-01557,POST-0111,2025-04-14,I thought I was the only one dealing with this.,Neutral,-0.007,Relatable,Academic Pressure,Instagram
COM-01558,POST-0799,2025-10-28,Thanks for sharing this.,Neutral,0.008,Neutral,Productivity,Instagram
COM-01559,POST-0073,2025-10-02,Nice post.,Positive,0.757,Neutral,Career Anxiety,Instagram
COM-01560,POST-0108,2025-08-22,I thought I was the only one dealing with this.,Positive,0.258,Relatable,Student Life,Instagram
COM-01561,POST-0036,2025-02-13,I thought I was the only one dealing with this.,Neutral,-0.087,Relatable,Friendship,YouTube
COM-01562,POST-1017,2025-02-27,Why does this describe me so perfectly?,Positive,0.436,Relatable,Friendship,Instagram
COM-01563,POST-0774,2025-07-25,Why does this describe me so perfectly?,Positive,0.905,Relatable,Dating,YouTube
COM-01564,POST-0221,2025-10-22,Finally someone said this out loud.,Positive,0.757,Relatable,Career Anxiety,Instagram
COM-01565,POST-0793,2025-07-05,Why does this describe me so perfectly?,Positive,0.484,Relatable,Student Life,Instagram
COM-01566,POST-0751,2025-07-04,I thought I was the only one dealing with this.,Neutral,0.037,Relatable,Productivity,YouTube
COM-01567,POST-0801,2025-04-20,Why does this describe me so perfectly?,Positive,0.163,Relatable,Productivity,Instagram
COM-01568,POST-1028,2025-01-28,I thought I was the only one dealing with this.,Positive,0.513,Relatable,Dating,Instagram
COM-01569,POST-0342,2025-02-06,Nice post.,Positive,0.712,Neutral,Student Life,Instagram
COM-01570,POST-1180,2025-10-21,Nice post.,Neutral,-0.048,Neutral,Social Anxiety,Instagram
COM-01571,POST-0261,2025-08-28,Finally someone said this out loud.,Positive,0.349,Relatable,Friendship,Instagram
COM-01572,POST-1061,2025-01-06,I have been struggling with this too.,Neutral,0.038,Relatable,Dating,Instagram
COM-01573,POST-0785,2025-01-20,Interesting perspective.,Neutral,-0.009,Neutral,Academic Pressure,Instagram
COM-01574,POST-1119,2025-05-04,I thought I was the only one dealing with this.,Positive,0.881,Relatable,Dating,Instagram
COM-01575,POST-0654,2025-12-23,Nice post.,Neutral,0.078,Neutral,Dating,YouTube
COM-01576,POST-1029,2025-04-27,That is an interesting point.,Neutral,0.059,Neutral,Academic Pressure,YouTube
COM-01577,POST-0704,2025-03-23,Nice post.,Neutral,0.031,Neutral,Dating,Instagram
COM-01578,POST-0270,2025-06-22,I thought I was the only one dealing with this.,Neutral,0.03,Relatable,Social Anxiety,YouTube
COM-01579,POST-0365,2025-01-08,I thought I was the only one dealing with this.,Negative,-0.696,Relatable,Social Anxiety,Instagram
COM-01580,POST-0184,2025-12-18,Why does this describe me so perfectly?,Neutral,0.021,Relatable,Academic Pressure,Instagram
COM-01581,POST-1178,2025-08-03,Finally someone said this out loud.,Positive,0.497,Relatable,Student Life,YouTube
COM-01582,POST-0782,2025-02-05,I have been struggling with this too.,Positive,0.963,Relatable,Career Anxiety,YouTube
COM-01583,POST-0776,2025-08-25,Nice post.,Positive,0.395,Neutral,Productivity,YouTube
COM-01584,POST-1162,2025-04-01,Finally someone said this out loud.,Negative,-0.885,Relatable,Dating,Instagram
COM-01585,POST-0900,2025-10-26,Finally someone said this out loud.,Positive,0.308,Relatable,Academic Pressure,Instagram
COM-01586,POST-0419,2025-07-03,Thanks for sharing this.,Negative,-0.305,Neutral,Dating,Instagram
COM-01587,POST-0265,2025-09-23,Finally someone said this out loud.,Neutral,-0.092,Relatable,Friendship,Instagram
COM-01588,POST-0326,2025-02-03,Thanks for sharing this.,Neutral,-0.095,Neutral,Digital Burnout,Instagram
COM-01589,POST-0550,2025-12-11,Interesting perspective.,Neutral,0.008,Neutral,Friendship,Instagram
COM-01590,POST-0847,2025-11-11,Finally someone said this out loud.,Positive,0.281,Relatable,Friendship,Instagram
COM-01591,POST-0224,2025-09-18,I thought I was the only one dealing with this.,Negative,-0.878,Relatable,Digital Burnout,Instagram
COM-01592,POST-0505,2025-06-01,I have been struggling with this too.,Negative,-0.656,Relatable,Academic Pressure,Instagram
COM-01593,POST-0933,2025-11-03,I thought I was the only one dealing with this.,Negative,-0.98,Relatable,Dating,Instagram
COM-01594,POST-0775,2025-03-13,That is an interesting point.,Neutral,0.075,Neutral,Productivity,YouTube
COM-01595,POST-0205,2025-01-10,Thanks for sharing this.,Neutral,-0.021,Neutral,Digital Burnout,Instagram
COM-01596,POST-0211,2025-09-23,Good information.,Neutral,0.01,Neutral,Student Life,YouTube
COM-01597,POST-0175,2025-06-09,Good information.,Neutral,-0.03,Neutral,Friendship,Instagram
COM-01598,POST-0385,2025-08-29,This is exactly what student life feels like.,Negative,-0.742,Relatable,Digital Burnout,Instagram
COM-01599,POST-0859,2025-12-31,I will check this out.,Neutral,-0.027,Neutral,Student Life,Instagram
COM-01600,POST-1120,2025-09-16,That is an interesting point.,Positive,0.406,Neutral,Dating,YouTube
COM-01601,POST-0483,2025-09-28,Interesting perspective.,Negative,-0.292,Neutral,Friendship,Instagram
COM-01602,POST-0448,2025-02-27,This made me feel understood.,Positive,0.293,Relatable,Friendship,Instagram
COM-01603,POST-1004,2025-10-06,I will check this out.,Neutral,-0.004,Neutral,Career Anxiety,Instagram
COM-01604,POST-1092,2025-07-17,Finally someone said this out loud.,Positive,0.585,Relatable,Career Anxiety,YouTube
COM-01605,POST-0377,2025-04-24,Interesting perspective.,Positive,0.664,Neutral,Productivity,Instagram
COM-01606,POST-0155,2025-02-05,Why does this describe me so perfectly?,Positive,0.676,Relatable,Career Anxiety,YouTube
COM-01607,POST-0081,2025-12-12,Nice post.,Neutral,-0.001,Neutral,Digital Burnout,Instagram
COM-01608,POST-0802,2025-11-04,I will check this out.,Neutral,0.028,Neutral,Career Anxiety,Instagram
COM-01609,POST-0704,2025-03-23,This made me feel understood.,Negative,-0.468,Relatable,Dating,Instagram
COM-01610,POST-0859,2025-12-31,Interesting perspective.,Neutral,-0.081,Neutral,Student Life,Instagram
COM-01611,POST-0818,2025-01-28,Finally someone said this out loud.,Neutral,-0.081,Relatable,Social Anxiety,YouTube
COM-01612,POST-0621,2025-03-04,Interesting perspective.,Neutral,-0.032,Neutral,Academic Pressure,Instagram
COM-01613,POST-0760,2025-09-22,That is an interesting point.,Neutral,0.037,Neutral,Academic Pressure,Instagram
COM-01614,POST-0570,2025-09-15,I thought I was the only one dealing with this.,Positive,0.866,Relatable,Student Life,YouTube
COM-01615,POST-1014,2025-02-01,Interesting perspective.,Positive,0.221,Neutral,Career Anxiety,Instagram
COM-01616,POST-0597,2025-06-28,This made me feel understood.,Neutral,-0.032,Relatable,Friendship,Instagram
COM-01617,POST-0361,2025-04-16,I will check this out.,Positive,0.71,Neutral,Productivity,Instagram
COM-01618,POST-0754,2025-02-20,Finally someone said this out loud.,Positive,0.819,Relatable,Social Anxiety,Instagram
COM-01619,POST-1001,2025-12-17,Good information.,Neutral,0.07,Neutral,Career Anxiety,Instagram
COM-01620,POST-1070,2025-03-07,That is an interesting point.,Positive,0.922,Neutral,Student Life,Instagram
COM-01621,POST-0767,2025-11-25,Why does this describe me so perfectly?,Positive,0.58,Relatable,Productivity,YouTube
COM-01622,POST-1113,2025-03-08,Good information.,Neutral,0.057,Neutral,Dating,Instagram
COM-01623,POST-0697,2025-03-13,This is exactly what student life feels like.,Positive,0.213,Relatable,Digital Burnout,Instagram
COM-01624,POST-0206,2025-10-10,Finally someone said this out loud.,Neutral,0.081,Relatable,Career Anxiety,Instagram
COM-01625,POST-0426,2025-11-29,I thought I was the only one dealing with this.,Neutral,-0.097,Relatable,Productivity,Instagram
COM-01626,POST-1098,2025-09-19,I have been struggling with this too.,Positive,0.284,Relatable,Academic Pressure,YouTube
COM-01627,POST-0560,2025-09-06,Why does this describe me so perfectly?,Negative,-0.594,Relatable,Digital Burnout,YouTube
COM-01628,POST-0826,2025-02-19,This made me feel understood.,Neutral,-0.057,Relatable,Academic Pressure,YouTube
COM-01629,POST-0550,2025-12-11,Finally someone said this out loud.,Neutral,-0.038,Relatable,Friendship,Instagram
COM-01630,POST-0244,2025-12-07,Why does this describe me so perfectly?,Positive,0.776,Relatable,Student Life,Instagram
COM-01631,POST-0966,2025-08-20,I thought I was the only one dealing with this.,Positive,0.253,Relatable,Academic Pressure,Instagram
COM-01632,POST-0205,2025-01-10,Why does this describe me so perfectly?,Neutral,-0.004,Relatable,Digital Burnout,Instagram
COM-01633,POST-0563,2025-03-18,This is exactly what student life feels like.,Positive,0.293,Relatable,Social Anxiety,Instagram
COM-01634,POST-1195,2025-01-27,This is exactly what student life feels like.,Negative,-0.244,Relatable,Social Anxiety,Instagram
COM-01635,POST-0672,2025-12-08,I will check this out.,Neutral,0.041,Neutral,Social Anxiety,YouTube
COM-01636,POST-0742,2025-05-24,I have been struggling with this too.,Positive,0.225,Relatable,Digital Burnout,Instagram
COM-01637,POST-1143,2025-07-11,I will check this out.,Neutral,-0.004,Neutral,Academic Pressure,Instagram
COM-01638,POST-0774,2025-07-25,Finally someone said this out loud.,Neutral,0.044,Relatable,Dating,YouTube
COM-01639,POST-0485,2025-08-29,Good information.,Neutral,0.005,Neutral,Dating,YouTube
COM-01640,POST-0033,2025-04-24,I will check this out.,Negative,-0.307,Neutral,Career Anxiety,YouTube
COM-01641,POST-0272,2025-09-05,That is an interesting point.,Neutral,-0.068,Neutral,Productivity,Instagram
COM-01642,POST-0659,2025-06-10,I will check this out.,Negative,-0.559,Neutral,Career Anxiety,Instagram
COM-01643,POST-1097,2025-08-09,Good information.,Positive,0.825,Neutral,Friendship,Instagram
COM-01644,POST-0886,2025-04-07,I have been struggling with this too.,Neutral,-0.049,Relatable,Social Anxiety,Instagram
COM-01645,POST-0404,2025-01-12,This is exactly what student life feels like.,Positive,0.834,Relatable,Career Anxiety,YouTube
COM-01646,POST-1022,2025-11-01,Nice post.,Negative,-0.576,Neutral,Social Anxiety,Instagram
COM-01647,POST-1056,2025-03-22,Finally someone said this out loud.,Positive,0.996,Relatable,Friendship,YouTube
COM-01648,POST-1084,2025-01-21,Finally someone said this out loud.,Positive,0.39,Relatable,Productivity,Instagram
COM-01649,POST-0054,2025-02-06,I thought I was the only one dealing with this.,Positive,0.868,Relatable,Career Anxiety,YouTube
COM-01650,POST-0237,2025-07-13,That is an interesting point.,Neutral,-0.01,Neutral,Student Life,Instagram
COM-01651,POST-0745,2025-08-31,I will check this out.,Neutral,0.065,Neutral,Career Anxiety,Instagram
COM-01652,POST-0516,2025-07-19,This made me feel understood.,Neutral,0.027,Relatable,Student Life,Instagram
COM-01653,POST-0400,2025-12-11,This made me feel understood.,Negative,-0.295,Relatable,Student Life,Instagram
COM-01654,POST-0964,2025-01-27,Why does this describe me so perfectly?,Positive,0.189,Relatable,Productivity,Instagram
COM-01655,POST-0725,2025-10-06,Thanks for sharing this.,Neutral,0.075,Neutral,Student Life,Instagram
COM-01656,POST-0274,2025-08-09,Good information.,Neutral,0.019,Neutral,Dating,YouTube
COM-01657,POST-0509,2025-07-04,I will check this out.,Neutral,-0.072,Neutral,Dating,Instagram
COM-01658,POST-0314,2025-11-10,I thought I was the only one dealing with this.,Neutral,0.023,Relatable,Dating,Instagram
COM-01659,POST-0792,2025-06-15,Thanks for sharing this.,Neutral,0.032,Neutral,Academic Pressure,YouTube
COM-01660,POST-0314,2025-11-10,This is exactly what student life feels like.,Positive,0.773,Relatable,Dating,Instagram
COM-01661,POST-1019,2025-08-25,Why does this describe me so perfectly?,Positive,0.954,Relatable,Digital Burnout,YouTube
COM-01662,POST-0587,2025-12-16,Finally someone said this out loud.,Positive,0.703,Relatable,Student Life,Instagram
COM-01663,POST-1024,2025-04-09,Finally someone said this out loud.,Negative,-0.848,Relatable,Social Anxiety,Instagram
COM-01664,POST-0860,2025-03-30,Finally someone said this out loud.,Neutral,-0.06,Relatable,Student Life,Instagram
COM-01665,POST-0237,2025-07-13,This made me feel understood.,Neutral,0.098,Relatable,Student Life,Instagram
COM-01666,POST-0036,2025-02-13,I have been struggling with this too.,Positive,0.586,Relatable,Friendship,YouTube
COM-01667,POST-0145,2025-07-20,I thought I was the only one dealing with this.,Neutral,0.074,Relatable,Student Life,Instagram
COM-01668,POST-0407,2025-01-07,Good information.,Neutral,0.087,Neutral,Career Anxiety,Instagram
COM-01669,POST-1157,2025-04-21,Interesting perspective.,Neutral,0.073,Neutral,Social Anxiety,Instagram
COM-01670,POST-0447,2025-04-27,Why does this describe me so perfectly?,Positive,0.536,Relatable,Digital Burnout,Instagram
COM-01671,POST-0464,2025-07-14,That is an interesting point.,Positive,0.588,Neutral,Academic Pressure,Instagram
COM-01672,POST-0173,2025-01-08,That is an interesting point.,Neutral,0.0,Neutral,Friendship,Instagram
COM-01673,POST-1104,2025-09-08,I have been struggling with this too.,Neutral,0.04,Relatable,Career Anxiety,Instagram
COM-01674,POST-1188,2025-01-20,Thanks for sharing this.,Neutral,-0.067,Neutral,Academic Pressure,YouTube
COM-01675,POST-0871,2025-07-28,Why does this describe me so perfectly?,Positive,0.648,Relatable,Dating,YouTube
COM-01676,POST-0118,2025-08-05,This is exactly what student life feels like.,Neutral,-0.049,Relatable,Student Life,Instagram
COM-01677,POST-1104,2025-09-08,Why does this describe me so perfectly?,Neutral,-0.071,Relatable,Career Anxiety,Instagram
COM-01678,POST-0229,2025-07-26,Finally someone said this out loud.,Positive,0.153,Relatable,Student Life,Instagram
COM-01679,POST-0623,2025-12-15,Why does this describe me so perfectly?,Neutral,-0.008,Relatable,Academic Pressure,Instagram
COM-01680,POST-0077,2025-04-07,This is exactly what student life feels like.,Neutral,-0.007,Relatable,Academic Pressure,Instagram
COM-01681,POST-0836,2025-09-11,Why does this describe me so perfectly?,Positive,0.368,Relatable,Friendship,Instagram
COM-01682,POST-0303,2025-09-19,Why does this describe me so perfectly?,Neutral,0.023,Relatable,Career Anxiety,Instagram
COM-01683,POST-0671,2025-08-27,Interesting perspective.,Neutral,0.094,Neutral,Friendship,Instagram
COM-01684,POST-0348,2025-10-19,That is an interesting point.,Neutral,-0.029,Neutral,Academic Pressure,YouTube
COM-01685,POST-0551,2025-04-10,I thought I was the only one dealing with this.,Positive,0.366,Relatable,Career Anxiety,Instagram
COM-01686,POST-0471,2025-07-21,That is an interesting point.,Neutral,0.007,Neutral,Social Anxiety,YouTube
COM-01687,POST-0666,2025-06-03,That is an interesting point.,Neutral,0.006,Neutral,Career Anxiety,YouTube
COM-01688,POST-0105,2025-12-02,This made me feel understood.,Positive,0.361,Relatable,Student Life,YouTube
COM-01689,POST-0435,2025-04-02,Why does this describe me so perfectly?,Positive,0.867,Relatable,Productivity,Instagram
COM-01690,POST-1092,2025-07-17,I thought I was the only one dealing with this.,Positive,0.153,Relatable,Career Anxiety,YouTube
COM-01691,POST-0419,2025-07-03,Interesting perspective.,Neutral,0.068,Neutral,Dating,Instagram
COM-01692,POST-0997,2025-01-06,Why does this describe me so perfectly?,Neutral,0.087,Relatable,Academic Pressure,YouTube
COM-01693,POST-0110,2025-06-04,Good information.,Neutral,0.058,Neutral,Career Anxiety,YouTube
COM-01694,POST-0480,2025-10-16,I have been struggling with this too.,Positive,0.496,Relatable,Career Anxiety,YouTube
COM-01695,POST-0803,2025-03-24,Nice post.,Positive,0.547,Neutral,Friendship,Instagram
COM-01696,POST-0017,2025-02-26,I thought I was the only one dealing with this.,Neutral,0.03,Relatable,Academic Pressure,YouTube
COM-01697,POST-0704,2025-03-23,Good information.,Positive,0.382,Neutral,Dating,Instagram
COM-01698,POST-0732,2025-12-26,Why does this describe me so perfectly?,Neutral,0.025,Relatable,Productivity,YouTube
COM-01699,POST-0595,2025-07-29,Why does this describe me so perfectly?,Negative,-0.194,Relatable,Digital Burnout,YouTube
COM-01700,POST-1165,2025-09-10,Finally someone said this out loud.,Neutral,-0.037,Relatable,Academic Pressure,Instagram
COM-01701,POST-0818,2025-01-28,This is exactly what student life feels like.,Neutral,-0.086,Relatable,Social Anxiety,YouTube
COM-01702,POST-0385,2025-08-29,I have been struggling with this too.,Neutral,-0.017,Relatable,Digital Burnout,Instagram
COM-01703,POST-0750,2025-05-02,I thought I was the only one dealing with this.,Neutral,-0.043,Relatable,Student Life,Instagram
COM-01704,POST-1145,2025-09-01,This is exactly what student life feels like.,Neutral,-0.013,Relatable,Academic Pressure,Instagram
COM-01705,POST-1122,2025-11-13,This made me feel understood.,Neutral,0.056,Relatable,Career Anxiety,Instagram
COM-01706,POST-0609,2025-08-01,Nice post.,Positive,0.504,Neutral,Career Anxiety,Instagram
COM-01707,POST-1054,2025-02-12,Good information.,Neutral,0.042,Neutral,Digital Burnout,YouTube
COM-01708,POST-0530,2025-09-06,Why does this describe me so perfectly?,Positive,0.339,Relatable,Dating,Instagram
COM-01709,POST-1082,2025-11-22,Why does this describe me so perfectly?,Positive,0.458,Relatable,Friendship,Instagram
COM-01710,POST-0669,2025-01-23,I have been struggling with this too.,Negative,-0.295,Relatable,Digital Burnout,Instagram
COM-01711,POST-0267,2025-04-05,This made me feel understood.,Positive,0.839,Relatable,Friendship,Instagram
COM-01712,POST-1039,2025-12-18,Nice post.,Neutral,-0.033,Neutral,Friendship,YouTube
COM-01713,POST-0213,2025-10-17,Nice post.,Positive,0.95,Neutral,Dating,YouTube
COM-01714,POST-0347,2025-04-08,Finally someone said this out loud.,Neutral,0.073,Relatable,Student Life,Instagram
COM-01715,POST-0731,2025-09-14,Interesting perspective.,Neutral,-0.02,Neutral,Digital Burnout,Instagram
COM-01716,POST-0445,2025-08-10,Why does this describe me so perfectly?,Positive,0.363,Relatable,Digital Burnout,Instagram
COM-01717,POST-0204,2025-09-27,Thanks for sharing this.,Positive,0.846,Neutral,Friendship,Instagram
COM-01718,POST-0397,2025-09-22,This made me feel understood.,Positive,0.753,Relatable,Productivity,Instagram
COM-01719,POST-0430,2025-04-05,That is an interesting point.,Neutral,0.075,Neutral,Dating,Instagram
COM-01720,POST-0629,2025-05-03,I will check this out.,Neutral,0.082,Neutral,Dating,YouTube
COM-01721,POST-0484,2025-01-14,I will check this out.,Neutral,0.032,Neutral,Career Anxiety,Instagram
COM-01722,POST-0199,2025-03-01,This is exactly what student life feels like.,Positive,0.922,Relatable,Academic Pressure,Instagram
COM-01723,POST-0971,2025-01-10,Nice post.,Neutral,0.039,Neutral,Dating,YouTube
COM-01724,POST-0297,2025-01-15,Why does this describe me so perfectly?,Positive,0.803,Relatable,Friendship,Instagram
COM-01725,POST-0811,2025-05-31,I will check this out.,Positive,0.425,Neutral,Digital Burnout,Instagram
COM-01726,POST-0162,2025-11-01,Finally someone said this out loud.,Positive,0.715,Relatable,Dating,Instagram
COM-01727,POST-0899,2025-06-08,This is exactly what student life feels like.,Neutral,0.015,Relatable,Academic Pressure,YouTube
COM-01728,POST-0861,2025-10-27,I have been struggling with this too.,Positive,0.768,Relatable,Friendship,Instagram
COM-01729,POST-1083,2025-11-21,This made me feel understood.,Positive,0.789,Relatable,Social Anxiety,Instagram
COM-01730,POST-0663,2025-01-03,I have been struggling with this too.,Neutral,-0.08,Relatable,Friendship,Instagram
COM-01731,POST-0054,2025-02-06,I have been struggling with this too.,Negative,-0.823,Relatable,Career Anxiety,YouTube
COM-01732,POST-0088,2025-05-22,Finally someone said this out loud.,Neutral,0.063,Relatable,Academic Pressure,Instagram
COM-01733,POST-0745,2025-08-31,Interesting perspective.,Neutral,-0.095,Neutral,Career Anxiety,Instagram
COM-01734,POST-0339,2025-04-30,Finally someone said this out loud.,Positive,0.747,Relatable,Academic Pressure,Instagram
COM-01735,POST-0592,2025-09-09,This is exactly what student life feels like.,Positive,0.204,Relatable,Productivity,YouTube
COM-01736,POST-0421,2025-01-29,Good information.,Positive,0.488,Neutral,Student Life,Instagram
COM-01737,POST-0849,2025-11-05,Thanks for sharing this.,Positive,0.234,Neutral,Social Anxiety,Instagram
COM-01738,POST-0283,2025-01-05,I thought I was the only one dealing with this.,Positive,0.445,Relatable,Career Anxiety,Instagram
COM-01739,POST-0568,2025-09-07,I have been struggling with this too.,Positive,0.46,Relatable,Dating,YouTube
COM-01740,POST-1123,2025-05-05,Good information.,Neutral,0.089,Neutral,Student Life,YouTube
COM-01741,POST-0477,2025-12-10,I have been struggling with this too.,Negative,-0.642,Relatable,Friendship,Instagram
COM-01742,POST-0203,2025-06-24,Finally someone said this out loud.,Positive,0.52,Relatable,Academic Pressure,Instagram
COM-01743,POST-0838,2025-02-24,Good information.,Neutral,0.069,Neutral,Dating,YouTube
COM-01744,POST-0570,2025-09-15,I have been struggling with this too.,Positive,0.192,Relatable,Student Life,YouTube
COM-01745,POST-0830,2025-02-07,I have been struggling with this too.,Positive,0.981,Relatable,Student Life,Instagram
COM-01746,POST-1038,2025-09-21,Nice post.,Neutral,0.082,Neutral,Student Life,Instagram
COM-01747,POST-0447,2025-04-27,This made me feel understood.,Positive,0.999,Relatable,Digital Burnout,Instagram
COM-01748,POST-0281,2025-12-25,Good information.,Neutral,-0.085,Neutral,Career Anxiety,Instagram
COM-01749,POST-0923,2025-08-24,Interesting perspective.,Positive,0.972,Neutral,Career Anxiety,Instagram
COM-01750,POST-1159,2025-01-26,I will check this out.,Neutral,0.046,Neutral,Dating,Instagram
COM-01751,POST-0581,2025-12-10,That is an interesting point.,Positive,0.41,Neutral,Friendship,YouTube
COM-01752,POST-0443,2025-11-17,This made me feel understood.,Neutral,-0.033,Relatable,Student Life,Instagram
COM-01753,POST-0146,2025-07-10,I thought I was the only one dealing with this.,Positive,0.17,Relatable,Digital Burnout,Instagram
COM-01754,POST-0265,2025-09-23,Good information.,Positive,0.889,Neutral,Friendship,Instagram
COM-01755,POST-0075,2025-02-27,This is exactly what student life feels like.,Neutral,-0.039,Relatable,Friendship,YouTube
COM-01756,POST-0701,2025-05-16,Thanks for sharing this.,Positive,0.606,Neutral,Student Life,Instagram
COM-01757,POST-0250,2025-06-13,I thought I was the only one dealing with this.,Positive,0.86,Relatable,Social Anxiety,YouTube
COM-01758,POST-0027,2025-10-20,Interesting perspective.,Neutral,0.031,Neutral,Digital Burnout,Instagram
COM-01759,POST-0859,2025-12-31,Finally someone said this out loud.,Positive,0.938,Relatable,Student Life,Instagram
COM-01760,POST-0632,2025-05-01,Good information.,Positive,0.652,Neutral,Career Anxiety,YouTube
COM-01761,POST-1184,2025-10-12,This is exactly what student life feels like.,Positive,0.956,Relatable,Social Anxiety,Instagram
COM-01762,POST-0745,2025-08-31,That is an interesting point.,Negative,-0.267,Neutral,Career Anxiety,Instagram
COM-01763,POST-0616,2025-12-30,Good information.,Neutral,-0.043,Neutral,Friendship,Instagram
COM-01764,POST-0987,2025-03-18,I have been struggling with this too.,Neutral,-0.005,Relatable,Social Anxiety,Instagram
COM-01765,POST-0204,2025-09-27,Good information.,Neutral,0.07,Neutral,Friendship,Instagram
COM-01766,POST-0249,2025-03-30,This made me feel understood.,Positive,0.619,Relatable,Career Anxiety,Instagram
COM-01767,POST-0100,2025-01-02,Interesting perspective.,Positive,0.645,Neutral,Friendship,Instagram
COM-01768,POST-0291,2025-11-19,I will check this out.,Neutral,-0.098,Neutral,Academic Pressure,Instagram
COM-01769,POST-0813,2025-02-10,I thought I was the only one dealing with this.,Positive,0.18,Relatable,Career Anxiety,Instagram
COM-01770,POST-1175,2025-10-28,Thanks for sharing this.,Neutral,-0.018,Neutral,Digital Burnout,YouTube
COM-01771,POST-0462,2025-09-19,This made me feel understood.,Positive,0.321,Relatable,Academic Pressure,Instagram
COM-01772,POST-0433,2025-09-27,I will check this out.,Neutral,-0.095,Neutral,Friendship,YouTube
COM-01773,POST-0894,2025-09-12,Nice post.,Neutral,0.078,Neutral,Friendship,Instagram
COM-01774,POST-0008,2025-04-23,Thanks for sharing this.,Neutral,-0.008,Neutral,Friendship,YouTube
COM-01775,POST-0609,2025-08-01,This made me feel understood.,Negative,-0.375,Relatable,Career Anxiety,Instagram
COM-01776,POST-1191,2025-06-03,I have been struggling with this too.,Neutral,0.015,Relatable,Social Anxiety,YouTube
COM-01777,POST-1030,2025-07-08,I have been struggling with this too.,Neutral,-0.001,Relatable,Student Life,Instagram
COM-01778,POST-1109,2025-12-05,This is exactly what student life feels like.,Neutral,0.092,Relatable,Academic Pressure,Instagram
COM-01779,POST-0059,2025-05-02,Nice post.,Neutral,-0.02,Neutral,Social Anxiety,Instagram
COM-01780,POST-0714,2025-04-15,Finally someone said this out loud.,Positive,0.595,Relatable,Social Anxiety,Instagram
COM-01781,POST-0809,2025-11-07,That is an interesting point.,Neutral,-0.098,Neutral,Social Anxiety,Instagram
COM-01782,POST-0006,2025-09-21,Good information.,Negative,-0.574,Neutral,Productivity,Instagram
COM-01783,POST-1060,2025-03-25,Why does this describe me so perfectly?,Negative,-0.434,Relatable,Digital Burnout,Instagram
COM-01784,POST-0959,2025-08-29,Interesting perspective.,Negative,-0.322,Neutral,Productivity,Instagram
COM-01785,POST-1122,2025-11-13,Why does this describe me so perfectly?,Negative,-0.902,Relatable,Career Anxiety,Instagram
COM-01786,POST-0534,2025-03-02,Thanks for sharing this.,Neutral,-0.077,Neutral,Student Life,YouTube
COM-01787,POST-0220,2025-10-27,This is exactly what student life feels like.,Positive,0.593,Relatable,Academic Pressure,Instagram
COM-01788,POST-0036,2025-02-13,I have been struggling with this too.,Neutral,0.076,Relatable,Friendship,YouTube
COM-01789,POST-0941,2025-07-26,I thought I was the only one dealing with this.,Positive,0.597,Relatable,Digital Burnout,Instagram
COM-01790,POST-0231,2025-02-27,This is exactly what student life feels like.,Neutral,0.093,Relatable,Dating,Instagram
COM-01791,POST-1041,2025-10-08,I have been struggling with this too.,Neutral,0.092,Relatable,Productivity,Instagram
COM-01792,POST-0956,2025-01-21,I have been struggling with this too.,Positive,0.168,Relatable,Career Anxiety,YouTube
COM-01793,POST-0603,2025-08-18,I thought I was the only one dealing with this.,Positive,0.799,Relatable,Social Anxiety,Instagram
COM-01794,POST-0012,2025-10-09,Interesting perspective.,Positive,0.421,Neutral,Dating,Instagram
COM-01795,POST-0013,2025-10-11,I will check this out.,Positive,0.215,Neutral,Student Life,Instagram
COM-01796,POST-0888,2025-10-10,This made me feel understood.,Positive,0.815,Relatable,Career Anxiety,Instagram
COM-01797,POST-0600,2025-12-08,Good information.,Neutral,0.071,Neutral,Career Anxiety,YouTube
COM-01798,POST-0934,2025-06-14,This made me feel understood.,Negative,-0.833,Relatable,Dating,YouTube
COM-01799,POST-1064,2025-05-07,This made me feel understood.,Neutral,-0.02,Relatable,Productivity,Instagram
COM-01800,POST-0383,2025-06-18,This is exactly what student life feels like.,Neutral,-0.003,Relatable,Academic Pressure,Instagram
COM-01801,POST-0110,2025-06-04,This is exactly what student life feels like.,Positive,0.833,Relatable,Career Anxiety,YouTube
COM-01802,POST-1131,2025-09-01,Good information.,Neutral,0.014,Neutral,Academic Pressure,Instagram
COM-01803,POST-1011,2025-12-31,That is an interesting point.,Neutral,-0.016,Neutral,Social Anxiety,Instagram
COM-01804,POST-0114,2025-08-23,I thought I was the only one dealing with this.,Neutral,-0.088,Relatable,Social Anxiety,Instagram
COM-01805,POST-0832,2025-04-12,Thanks for sharing this.,Neutral,0.085,Neutral,Career Anxiety,Instagram
COM-01806,POST-0020,2025-06-08,Finally someone said this out loud.,Positive,0.239,Relatable,Academic Pressure,Instagram
COM-01807,POST-0814,2025-05-29,Interesting perspective.,Positive,0.225,Neutral,Friendship,Instagram
COM-01808,POST-0529,2025-09-30,I thought I was the only one dealing with this.,Positive,0.831,Relatable,Student Life,Instagram
COM-01809,POST-0902,2025-11-12,This made me feel understood.,Positive,0.866,Relatable,Academic Pressure,YouTube
COM-01810,POST-0268,2025-06-29,This made me feel understood.,Positive,0.344,Relatable,Social Anxiety,Instagram
COM-01811,POST-0896,2025-04-05,I have been struggling with this too.,Positive,0.353,Relatable,Social Anxiety,YouTube
COM-01812,POST-0468,2025-09-01,This made me feel understood.,Positive,0.342,Relatable,Academic Pressure,YouTube
COM-01813,POST-0938,2025-09-24,This made me feel understood.,Neutral,0.025,Relatable,Digital Burnout,YouTube
COM-01814,POST-0295,2025-07-26,This is exactly what student life feels like.,Negative,-0.197,Relatable,Digital Burnout,YouTube
COM-01815,POST-0241,2025-05-28,I have been struggling with this too.,Positive,0.79,Relatable,Academic Pressure,Instagram
COM-01816,POST-0198,2025-04-13,Thanks for sharing this.,Neutral,-0.055,Neutral,Career Anxiety,Instagram
COM-01817,POST-0383,2025-06-18,I have been struggling with this too.,Negative,-0.609,Relatable,Academic Pressure,Instagram
COM-01818,POST-0512,2025-08-22,I thought I was the only one dealing with this.,Neutral,-0.092,Relatable,Social Anxiety,Instagram
COM-01819,POST-0386,2025-03-11,Why does this describe me so perfectly?,Neutral,-0.045,Relatable,Career Anxiety,Instagram
COM-01820,POST-1109,2025-12-05,Thanks for sharing this.,Neutral,0.057,Neutral,Academic Pressure,Instagram
COM-01821,POST-0653,2025-03-28,Why does this describe me so perfectly?,Neutral,-0.048,Relatable,Friendship,Instagram
COM-01822,POST-1180,2025-10-21,Thanks for sharing this.,Neutral,-0.025,Neutral,Social Anxiety,Instagram
COM-01823,POST-0906,2025-01-22,Why does this describe me so perfectly?,Positive,0.761,Relatable,Student Life,YouTube
COM-01824,POST-1073,2025-05-27,Why does this describe me so perfectly?,Positive,0.812,Relatable,Dating,Instagram
COM-01825,POST-0083,2025-10-24,I have been struggling with this too.,Neutral,-0.03,Relatable,Digital Burnout,Instagram
COM-01826,POST-0423,2025-12-21,This is exactly what student life feels like.,Neutral,0.008,Relatable,Friendship,Instagram
COM-01827,POST-0315,2025-02-08,That is an interesting point.,Neutral,0.059,Neutral,Student Life,Instagram
COM-01828,POST-0982,2025-09-12,This is exactly what student life feels like.,Positive,0.838,Relatable,Digital Burnout,YouTube
COM-01829,POST-0999,2025-02-24,I thought I was the only one dealing with this.,Neutral,0.071,Relatable,Social Anxiety,Instagram
COM-01830,POST-0865,2025-01-31,That is an interesting point.,Negative,-0.935,Neutral,Friendship,Instagram
COM-01831,POST-0221,2025-10-22,This is exactly what student life feels like.,Positive,0.97,Relatable,Career Anxiety,Instagram
COM-01832,POST-1118,2025-03-26,This made me feel understood.,Positive,0.685,Relatable,Academic Pressure,Instagram
COM-01833,POST-0840,2025-07-16,This made me feel understood.,Positive,0.625,Relatable,Student Life,Instagram
COM-01834,POST-0649,2025-07-09,Finally someone said this out loud.,Positive,0.555,Relatable,Friendship,Instagram
COM-01835,POST-0836,2025-09-11,Thanks for sharing this.,Neutral,-0.001,Neutral,Friendship,Instagram
COM-01836,POST-0414,2025-02-05,That is an interesting point.,Neutral,0.083,Neutral,Social Anxiety,YouTube
COM-01837,POST-0511,2025-07-19,I thought I was the only one dealing with this.,Positive,0.771,Relatable,Student Life,Instagram
COM-01838,POST-0927,2025-09-29,This is exactly what student life feels like.,Neutral,-0.048,Relatable,Career Anxiety,Instagram
COM-01839,POST-0256,2025-03-26,Finally someone said this out loud.,Positive,0.469,Relatable,Productivity,Instagram
COM-01840,POST-0376,2025-01-27,Finally someone said this out loud.,Positive,0.228,Relatable,Friendship,Instagram
COM-01841,POST-1158,2025-02-21,Why does this describe me so perfectly?,Neutral,-0.082,Relatable,Career Anxiety,YouTube
COM-01842,POST-0623,2025-12-15,This made me feel understood.,Negative,-0.429,Relatable,Academic Pressure,Instagram
COM-01843,POST-0267,2025-04-05,This is exactly what student life feels like.,Positive,0.782,Relatable,Friendship,Instagram
COM-01844,POST-0115,2025-05-05,This is exactly what student life feels like.,Negative,-0.844,Relatable,Career Anxiety,YouTube
COM-01845,POST-0841,2025-03-11,I thought I was the only one dealing with this.,Positive,0.446,Relatable,Digital Burnout,Instagram
COM-01846,POST-1108,2025-12-28,Interesting perspective.,Neutral,0.057,Neutral,Academic Pressure,Instagram
COM-01847,POST-0996,2025-12-26,I have been struggling with this too.,Positive,0.492,Relatable,Career Anxiety,Instagram
COM-01848,POST-0826,2025-02-19,Thanks for sharing this.,Negative,-0.327,Neutral,Academic Pressure,YouTube
COM-01849,POST-1103,2025-04-07,Interesting perspective.,Negative,-0.717,Neutral,Student Life,Instagram
COM-01850,POST-0190,2025-07-16,I will check this out.,Neutral,0.03,Neutral,Productivity,YouTube
COM-01851,POST-1176,2025-10-17,Finally someone said this out loud.,Positive,0.183,Relatable,Career Anxiety,YouTube
COM-01852,POST-0075,2025-02-27,Finally someone said this out loud.,Positive,0.772,Relatable,Friendship,YouTube
COM-01853,POST-1142,2025-03-03,I thought I was the only one dealing with this.,Negative,-0.968,Relatable,Career Anxiety,Instagram
COM-01854,POST-0901,2025-07-16,Good information.,Neutral,0.027,Neutral,Career Anxiety,YouTube
COM-01855,POST-0798,2025-03-03,I thought I was the only one dealing with this.,Negative,-0.789,Relatable,Career Anxiety,Instagram
COM-01856,POST-1055,2025-07-20,Interesting perspective.,Neutral,-0.009,Neutral,Productivity,Instagram
COM-01857,POST-0650,2025-01-21,I thought I was the only one dealing with this.,Positive,0.313,Relatable,Productivity,YouTube
COM-01858,POST-1084,2025-01-21,Why does this describe me so perfectly?,Positive,0.666,Relatable,Productivity,Instagram
COM-01859,POST-0537,2025-10-03,Interesting perspective.,Neutral,0.084,Neutral,Productivity,Instagram
COM-01860,POST-0323,2025-08-28,I thought I was the only one dealing with this.,Neutral,-0.085,Relatable,Social Anxiety,YouTube
COM-01861,POST-0830,2025-02-07,Nice post.,Positive,0.826,Neutral,Student Life,Instagram
COM-01862,POST-0526,2025-11-29,Good information.,Neutral,-0.044,Neutral,Student Life,Instagram
COM-01863,POST-0781,2025-06-25,Why does this describe me so perfectly?,Positive,0.537,Relatable,Career Anxiety,Instagram
COM-01864,POST-0524,2025-04-01,I thought I was the only one dealing with this.,Positive,0.721,Relatable,Friendship,YouTube
COM-01865,POST-0232,2025-04-17,This is exactly what student life feels like.,Neutral,-0.065,Relatable,Productivity,Instagram
COM-01866,POST-0002,2025-10-04,Thanks for sharing this.,Negative,-0.577,Neutral,Social Anxiety,Instagram
COM-01867,POST-0840,2025-07-16,Why does this describe me so perfectly?,Positive,0.259,Relatable,Student Life,Instagram
COM-01868,POST-0996,2025-12-26,I will check this out.,Positive,0.806,Neutral,Career Anxiety,Instagram
COM-01869,POST-0700,2025-06-15,I have been struggling with this too.,Negative,-0.834,Relatable,Career Anxiety,Instagram
COM-01870,POST-0626,2025-12-27,Thanks for sharing this.,Positive,0.788,Neutral,Digital Burnout,Instagram
COM-01871,POST-1040,2025-03-23,Thanks for sharing this.,Neutral,-0.053,Neutral,Dating,Instagram
COM-01872,POST-0844,2025-11-26,I will check this out.,Neutral,-0.061,Neutral,Social Anxiety,Instagram
COM-01873,POST-0298,2025-06-06,That is an interesting point.,Negative,-0.991,Neutral,Career Anxiety,Instagram
COM-01874,POST-1083,2025-11-21,This is exactly what student life feels like.,Negative,-0.273,Relatable,Social Anxiety,Instagram
COM-01875,POST-1080,2025-02-10,Nice post.,Positive,0.557,Neutral,Academic Pressure,YouTube
COM-01876,POST-0781,2025-06-25,I will check this out.,Negative,-0.524,Neutral,Career Anxiety,Instagram
COM-01877,POST-0940,2025-06-01,I have been struggling with this too.,Negative,-0.72,Relatable,Dating,YouTube
COM-01878,POST-0341,2025-12-21,Good information.,Negative,-0.379,Neutral,Social Anxiety,Instagram
COM-01879,POST-0811,2025-05-31,Interesting perspective.,Neutral,-0.098,Neutral,Digital Burnout,Instagram
COM-01880,POST-1026,2025-06-18,Why does this describe me so perfectly?,Neutral,0.056,Relatable,Productivity,Instagram
COM-01881,POST-0876,2025-12-24,I have been struggling with this too.,Neutral,0.056,Relatable,Academic Pressure,Instagram
COM-01882,POST-0726,2025-03-20,This made me feel understood.,Negative,-0.846,Relatable,Digital Burnout,YouTube
COM-01883,POST-0303,2025-09-19,Nice post.,Neutral,0.076,Neutral,Career Anxiety,Instagram
COM-01884,POST-0636,2025-07-26,Interesting perspective.,Neutral,-0.023,Neutral,Digital Burnout,YouTube
COM-01885,POST-0188,2025-10-29,I thought I was the only one dealing with this.,Positive,0.785,Relatable,Social Anxiety,Instagram
COM-01886,POST-0475,2025-05-14,This is exactly what student life feels like.,Positive,0.732,Relatable,Student Life,Instagram
COM-01887,POST-0961,2025-08-10,I have been struggling with this too.,Neutral,0.051,Relatable,Social Anxiety,YouTube
COM-01888,POST-0158,2025-01-16,Why does this describe me so perfectly?,Positive,0.892,Relatable,Social Anxiety,Instagram
COM-01889,POST-1169,2025-04-21,I have been struggling with this too.,Negative,-0.383,Relatable,Productivity,Instagram
COM-01890,POST-0866,2025-11-12,This made me feel understood.,Positive,0.162,Relatable,Friendship,YouTube
COM-01891,POST-0044,2025-06-23,This is exactly what student life feels like.,Neutral,-0.015,Relatable,Social Anxiety,Instagram
COM-01892,POST-0589,2025-12-17,That is an interesting point.,Neutral,-0.068,Neutral,Dating,Instagram
COM-01893,POST-0747,2025-09-19,Why does this describe me so perfectly?,Positive,0.5,Relatable,Social Anxiety,YouTube
COM-01894,POST-0941,2025-07-26,That is an interesting point.,Neutral,0.093,Neutral,Digital Burnout,Instagram
COM-01895,POST-0783,2025-08-01,Why does this describe me so perfectly?,Negative,-0.767,Relatable,Career Anxiety,Instagram
COM-01896,POST-0767,2025-11-25,This made me feel understood.,Positive,0.78,Relatable,Productivity,YouTube
COM-01897,POST-0715,2025-06-27,I will check this out.,Negative,-0.756,Neutral,Friendship,Instagram
COM-01898,POST-1136,2025-12-24,I have been struggling with this too.,Neutral,-0.03,Relatable,Digital Burnout,Instagram
COM-01899,POST-0793,2025-07-05,Why does this describe me so perfectly?,Neutral,0.081,Relatable,Student Life,Instagram
COM-01900,POST-0801,2025-04-20,Nice post.,Neutral,-0.055,Neutral,Productivity,Instagram
COM-01901,POST-0238,2025-04-12,This made me feel understood.,Neutral,-0.077,Relatable,Student Life,Instagram
COM-01902,POST-0951,2025-09-20,I will check this out.,Neutral,-0.058,Neutral,Academic Pressure,Instagram
COM-01903,POST-0197,2025-12-01,Why does this describe me so perfectly?,Neutral,0.074,Relatable,Friendship,YouTube
COM-01904,POST-0879,2025-04-15,This is exactly what student life feels like.,Positive,0.201,Relatable,Career Anxiety,Instagram
COM-01905,POST-1167,2025-10-13,Interesting perspective.,Neutral,0.042,Neutral,Productivity,Instagram
COM-01906,POST-0610,2025-09-13,I will check this out.,Neutral,-0.023,Neutral,Digital Burnout,Instagram
COM-01907,POST-0408,2025-11-18,Why does this describe me so perfectly?,Positive,0.55,Relatable,Dating,YouTube
COM-01908,POST-0500,2025-01-30,I will check this out.,Neutral,0.079,Neutral,Career Anxiety,Instagram
COM-01909,POST-0408,2025-11-18,Nice post.,Neutral,0.08,Neutral,Dating,YouTube
COM-01910,POST-0072,2025-02-23,Finally someone said this out loud.,Positive,0.305,Relatable,Social Anxiety,Instagram
COM-01911,POST-0698,2025-02-09,I thought I was the only one dealing with this.,Neutral,0.015,Relatable,Career Anxiety,Instagram
COM-01912,POST-1072,2025-08-17,Nice post.,Neutral,0.078,Neutral,Digital Burnout,Instagram
COM-01913,POST-0332,2025-01-15,I thought I was the only one dealing with this.,Neutral,0.08,Relatable,Friendship,Instagram
COM-01914,POST-0003,2025-02-17,This made me feel understood.,Positive,0.279,Relatable,Productivity,Instagram
COM-01915,POST-0786,2025-02-24,Good information.,Positive,0.833,Neutral,Dating,Instagram
COM-01916,POST-0070,2025-02-08,I thought I was the only one dealing with this.,Neutral,-0.093,Relatable,Dating,Instagram
COM-01917,POST-1197,2025-04-25,This made me feel understood.,Neutral,-0.059,Relatable,Student Life,YouTube
COM-01918,POST-0808,2025-06-01,Thanks for sharing this.,Neutral,0.042,Neutral,Student Life,YouTube
COM-01919,POST-1087,2025-11-19,This is exactly what student life feels like.,Negative,-0.597,Relatable,Digital Burnout,YouTube
COM-01920,POST-0555,2025-12-06,That is an interesting point.,Positive,0.483,Neutral,Digital Burnout,YouTube
COM-01921,POST-0256,2025-03-26,I will check this out.,Neutral,0.047,Neutral,Productivity,Instagram
COM-01922,POST-0917,2025-07-10,This made me feel understood.,Positive,0.485,Relatable,Social Anxiety,YouTube
COM-01923,POST-0453,2025-10-28,I have been struggling with this too.,Positive,0.749,Relatable,Social Anxiety,YouTube
COM-01924,POST-0560,2025-09-06,That is an interesting point.,Positive,0.87,Neutral,Digital Burnout,YouTube
COM-01925,POST-0668,2025-06-15,Finally someone said this out loud.,Positive,0.305,Relatable,Career Anxiety,YouTube
COM-01926,POST-0298,2025-06-06,This made me feel understood.,Positive,0.204,Relatable,Career Anxiety,Instagram
COM-01927,POST-0266,2025-08-04,That is an interesting point.,Negative,-0.977,Neutral,Academic Pressure,Instagram
COM-01928,POST-0854,2025-01-20,Why does this describe me so perfectly?,Positive,0.984,Relatable,Career Anxiety,Instagram
COM-01929,POST-0730,2025-11-20,I have been struggling with this too.,Positive,0.989,Relatable,Productivity,YouTube
COM-01930,POST-0387,2025-12-05,I thought I was the only one dealing with this.,Positive,0.834,Relatable,Social Anxiety,YouTube
COM-01931,POST-0722,2025-09-22,Interesting perspective.,Positive,0.638,Neutral,Dating,Instagram
COM-01932,POST-1136,2025-12-24,This is exactly what student life feels like.,Positive,0.487,Relatable,Digital Burnout,Instagram
COM-01933,POST-0900,2025-10-26,Why does this describe me so perfectly?,Positive,0.232,Relatable,Academic Pressure,Instagram
COM-01934,POST-0965,2025-05-02,Why does this describe me so perfectly?,Positive,0.522,Relatable,Student Life,YouTube
COM-01935,POST-0287,2025-01-31,Why does this describe me so perfectly?,Negative,-0.299,Relatable,Productivity,Instagram
COM-01936,POST-0559,2025-03-23,This is exactly what student life feels like.,Negative,-0.993,Relatable,Career Anxiety,Instagram
COM-01937,POST-1134,2025-04-02,This is exactly what student life feels like.,Neutral,0.015,Relatable,Productivity,YouTube
COM-01938,POST-1038,2025-09-21,Finally someone said this out loud.,Neutral,0.056,Relatable,Student Life,Instagram
COM-01939,POST-0436,2025-05-22,Nice post.,Positive,0.613,Neutral,Productivity,Instagram
COM-01940,POST-1064,2025-05-07,I have been struggling with this too.,Positive,0.972,Relatable,Productivity,Instagram
COM-01941,POST-1115,2025-01-06,I have been struggling with this too.,Positive,0.607,Relatable,Academic Pressure,Instagram
COM-01942,POST-0295,2025-07-26,That is an interesting point.,Neutral,-0.079,Neutral,Digital Burnout,YouTube
COM-01943,POST-0477,2025-12-10,I thought I was the only one dealing with this.,Negative,-0.522,Relatable,Friendship,Instagram
COM-01944,POST-0469,2025-05-19,I will check this out.,Neutral,0.08,Neutral,Digital Burnout,YouTube
COM-01945,POST-0391,2025-08-22,Good information.,Neutral,-0.05,Neutral,Productivity,Instagram
COM-01946,POST-0738,2025-07-02,This is exactly what student life feels like.,Positive,0.872,Relatable,Social Anxiety,YouTube
COM-01947,POST-0624,2025-02-03,I will check this out.,Neutral,-0.005,Neutral,Social Anxiety,Instagram
COM-01948,POST-0680,2025-06-02,I have been struggling with this too.,Negative,-0.702,Relatable,Student Life,Instagram
COM-01949,POST-0865,2025-01-31,Thanks for sharing this.,Neutral,0.029,Neutral,Friendship,Instagram
COM-01950,POST-0633,2025-05-27,This is exactly what student life feels like.,Positive,0.692,Relatable,Digital Burnout,Instagram
COM-01951,POST-0217,2025-11-02,I will check this out.,Neutral,-0.028,Neutral,Dating,Instagram
COM-01952,POST-0585,2025-04-26,Why does this describe me so perfectly?,Positive,0.789,Relatable,Academic Pressure,Instagram
COM-01953,POST-0379,2025-04-12,This is exactly what student life feels like.,Neutral,0.089,Relatable,Career Anxiety,Instagram
COM-01954,POST-0194,2025-02-15,Why does this describe me so perfectly?,Neutral,0.059,Relatable,Student Life,Instagram
COM-01955,POST-0201,2025-03-10,Nice post.,Neutral,0.081,Neutral,Student Life,Instagram
COM-01956,POST-0808,2025-06-01,This is exactly what student life feels like.,Neutral,-0.002,Relatable,Student Life,YouTube
COM-01957,POST-0925,2025-08-19,Why does this describe me so perfectly?,Neutral,-0.072,Relatable,Dating,Instagram
COM-01958,POST-0231,2025-02-27,This is exactly what student life feels like.,Positive,0.341,Relatable,Dating,Instagram
COM-01959,POST-0184,2025-12-18,That is an interesting point.,Neutral,-0.061,Neutral,Academic Pressure,Instagram
COM-01960,POST-0758,2025-11-11,I will check this out.,Neutral,0.0,Neutral,Productivity,Instagram
COM-01961,POST-0829,2025-04-23,This made me feel understood.,Positive,0.263,Relatable,Student Life,YouTube
COM-01962,POST-0952,2025-12-31,Good information.,Neutral,0.044,Neutral,Academic Pressure,Instagram
COM-01963,POST-0699,2025-01-24,This made me feel understood.,Positive,0.855,Relatable,Career Anxiety,Instagram
COM-01964,POST-0491,2025-11-09,This made me feel understood.,Positive,0.192,Relatable,Dating,Instagram
COM-01965,POST-0912,2025-02-16,I have been struggling with this too.,Positive,0.356,Relatable,Student Life,Instagram
COM-01966,POST-0923,2025-08-24,I will check this out.,Negative,-0.492,Neutral,Career Anxiety,Instagram
COM-01967,POST-0109,2025-12-28,Thanks for sharing this.,Negative,-0.778,Neutral,Student Life,Instagram
COM-01968,POST-0805,2025-05-05,This is exactly what student life feels like.,Positive,0.765,Relatable,Digital Burnout,YouTube
COM-01969,POST-0963,2025-11-20,That is an interesting point.,Neutral,-0.011,Neutral,Digital Burnout,YouTube
COM-01970,POST-0075,2025-02-27,Why does this describe me so perfectly?,Neutral,-0.055,Relatable,Friendship,YouTube
COM-01971,POST-0790,2025-03-16,That is an interesting point.,Neutral,-0.074,Neutral,Friendship,Instagram
COM-01972,POST-0205,2025-01-10,Thanks for sharing this.,Positive,0.75,Neutral,Digital Burnout,Instagram
COM-01973,POST-0858,2025-03-24,Why does this describe me so perfectly?,Neutral,-0.0,Relatable,Academic Pressure,YouTube
COM-01974,POST-0763,2025-12-02,This made me feel understood.,Neutral,0.045,Relatable,Career Anxiety,Instagram
COM-01975,POST-0127,2025-04-29,Finally someone said this out loud.,Positive,0.292,Relatable,Career Anxiety,YouTube
COM-01976,POST-0463,2025-02-10,Why does this describe me so perfectly?,Neutral,0.019,Relatable,Friendship,Instagram
COM-01977,POST-0566,2025-04-03,Why does this describe me so perfectly?,Neutral,0.099,Relatable,Student Life,Instagram
COM-01978,POST-1192,2025-09-06,I have been struggling with this too.,Positive,0.869,Relatable,Student Life,Instagram
COM-01979,POST-0196,2025-01-30,This made me feel understood.,Negative,-0.374,Relatable,Dating,Instagram
COM-01980,POST-0573,2025-06-08,This is exactly what student life feels like.,Negative,-0.473,Relatable,Digital Burnout,Instagram
COM-01981,POST-0756,2025-12-29,Why does this describe me so perfectly?,Neutral,0.008,Relatable,Career Anxiety,Instagram
COM-01982,POST-0682,2025-02-27,I thought I was the only one dealing with this.,Positive,0.52,Relatable,Career Anxiety,YouTube
COM-01983,POST-0961,2025-08-10,Good information.,Neutral,0.021,Neutral,Social Anxiety,YouTube
COM-01984,POST-0618,2025-09-26,Nice post.,Negative,-0.55,Neutral,Dating,Instagram
COM-01985,POST-0640,2025-04-24,Why does this describe me so perfectly?,Neutral,0.016,Relatable,Dating,Instagram
COM-01986,POST-0022,2025-09-21,Good information.,Neutral,-0.078,Neutral,Dating,Instagram
COM-01987,POST-0922,2025-12-13,Interesting perspective.,Positive,0.288,Neutral,Student Life,YouTube
COM-01988,POST-0208,2025-02-20,That is an interesting point.,Neutral,0.095,Neutral,Friendship,YouTube
COM-01989,POST-0759,2025-06-22,That is an interesting point.,Neutral,0.036,Neutral,Digital Burnout,Instagram
COM-01990,POST-0824,2025-03-27,Nice post.,Negative,-0.482,Neutral,Student Life,YouTube
COM-01991,POST-0695,2025-08-02,Thanks for sharing this.,Neutral,0.005,Neutral,Digital Burnout,Instagram
COM-01992,POST-0758,2025-11-11,I have been struggling with this too.,Positive,0.837,Relatable,Productivity,Instagram
COM-01993,POST-0030,2025-02-26,Finally someone said this out loud.,Positive,0.376,Relatable,Career Anxiety,Instagram
COM-01994,POST-0598,2025-05-18,Why does this describe me so perfectly?,Positive,0.546,Relatable,Student Life,Instagram
COM-01995,POST-0019,2025-08-13,I have been struggling with this too.,Negative,-0.526,Relatable,Academic Pressure,Instagram
COM-01996,POST-0238,2025-04-12,Good information.,Positive,0.974,Neutral,Student Life,Instagram
COM-01997,POST-0802,2025-11-04,Good information.,Positive,0.372,Neutral,Career Anxiety,Instagram
COM-01998,POST-0727,2025-06-24,I thought I was the only one dealing with this.,Neutral,0.03,Relatable,Social Anxiety,Instagram
COM-01999,POST-0297,2025-01-15,I thought I was the only one dealing with this.,Positive,0.513,Relatable,Friendship,Instagram
COM-02000,POST-0641,2025-01-02,This made me feel understood.,Negative,-0.269,Relatable,Productivity,Instagram
COM-02001,POST-0040,2025-02-07,This made me feel understood.,Neutral,-0.001,Relatable,Dating,Instagram
COM-02002,POST-0481,2025-12-03,I have been struggling with this too.,Neutral,-0.087,Relatable,Friendship,Instagram
COM-02003,POST-0071,2025-04-28,Interesting perspective.,Neutral,0.022,Neutral,Career Anxiety,YouTube
COM-02004,POST-0697,2025-03-13,Interesting perspective.,Neutral,0.092,Neutral,Digital Burnout,Instagram
COM-02005,POST-1014,2025-02-01,I thought I was the only one dealing with this.,Positive,0.635,Relatable,Career Anxiety,Instagram
COM-02006,POST-0357,2025-10-09,Finally someone said this out loud.,Positive,0.4,Relatable,Career Anxiety,YouTube
COM-02007,POST-0766,2025-04-01,Interesting perspective.,Positive,0.879,Neutral,Career Anxiety,Instagram
COM-02008,POST-0622,2025-01-19,Interesting perspective.,Neutral,0.053,Neutral,Dating,Instagram
COM-02009,POST-0299,2025-11-20,Why does this describe me so perfectly?,Positive,0.322,Relatable,Dating,YouTube
COM-02010,POST-0395,2025-01-09,I will check this out.,Neutral,-0.046,Neutral,Friendship,Instagram
COM-02011,POST-0273,2025-01-03,I thought I was the only one dealing with this.,Positive,0.759,Relatable,Student Life,Instagram
COM-02012,POST-0397,2025-09-22,This is exactly what student life feels like.,Neutral,0.095,Relatable,Productivity,Instagram
COM-02013,POST-0053,2025-05-06,Interesting perspective.,Neutral,-0.083,Neutral,Student Life,YouTube
COM-02014,POST-0085,2025-10-23,Why does this describe me so perfectly?,Positive,0.965,Relatable,Productivity,Instagram
COM-02015,POST-1149,2025-08-06,I thought I was the only one dealing with this.,Neutral,0.008,Relatable,Productivity,Instagram
COM-02016,POST-0789,2025-07-06,Good information.,Neutral,-0.058,Neutral,Academic Pressure,YouTube
COM-02017,POST-0866,2025-11-12,I have been struggling with this too.,Neutral,-0.094,Relatable,Friendship,YouTube
COM-02018,POST-0895,2025-11-10,I thought I was the only one dealing with this.,Positive,0.898,Relatable,Digital Burnout,Instagram
COM-02019,POST-0433,2025-09-27,This is exactly what student life feels like.,Positive,0.905,Relatable,Friendship,YouTube
COM-02020,POST-0410,2025-01-28,This made me feel understood.,Positive,0.6,Relatable,Dating,YouTube
COM-02021,POST-1037,2025-03-17,Interesting perspective.,Neutral,0.096,Neutral,Student Life,Instagram
COM-02022,POST-0021,2025-08-07,I thought I was the only one dealing with this.,Positive,0.606,Relatable,Career Anxiety,Instagram
COM-02023,POST-0206,2025-10-10,Nice post.,Neutral,0.008,Neutral,Career Anxiety,Instagram
COM-02024,POST-0819,2025-12-26,Finally someone said this out loud.,Positive,0.775,Relatable,Social Anxiety,Instagram
COM-02025,POST-0607,2025-10-30,This is exactly what student life feels like.,Positive,0.185,Relatable,Student Life,Instagram
COM-02026,POST-0386,2025-03-11,I have been struggling with this too.,Positive,0.359,Relatable,Career Anxiety,Instagram
COM-02027,POST-0920,2025-06-23,This made me feel understood.,Positive,0.151,Relatable,Dating,Instagram
COM-02028,POST-0347,2025-04-08,Nice post.,Positive,0.506,Neutral,Student Life,Instagram
COM-02029,POST-0900,2025-10-26,I have been struggling with this too.,Positive,0.812,Relatable,Academic Pressure,Instagram
COM-02030,POST-0104,2025-09-29,I will check this out.,Positive,0.661,Neutral,Social Anxiety,YouTube
COM-02031,POST-1188,2025-01-20,Why does this describe me so perfectly?,Negative,-0.152,Relatable,Academic Pressure,YouTube
COM-02032,POST-1168,2025-08-30,Thanks for sharing this.,Neutral,-0.02,Neutral,Social Anxiety,YouTube
COM-02033,POST-0644,2025-01-19,I have been struggling with this too.,Negative,-0.464,Relatable,Productivity,YouTube
COM-02034,POST-1111,2025-05-20,Thanks for sharing this.,Neutral,0.036,Neutral,Career Anxiety,Instagram
COM-02035,POST-0530,2025-09-06,This made me feel understood.,Positive,0.788,Relatable,Dating,Instagram
COM-02036,POST-0639,2025-11-25,I have been struggling with this too.,Positive,0.517,Relatable,Career Anxiety,Instagram
COM-02037,POST-0565,2025-12-09,I have been struggling with this too.,Positive,0.909,Relatable,Productivity,Instagram
COM-02038,POST-0075,2025-02-27,Nice post.,Neutral,-0.008,Neutral,Friendship,YouTube
COM-02039,POST-0015,2025-02-21,Finally someone said this out loud.,Neutral,0.013,Relatable,Digital Burnout,YouTube
COM-02040,POST-0126,2025-10-08,I have been struggling with this too.,Positive,0.457,Relatable,Dating,YouTube
COM-02041,POST-0860,2025-03-30,I thought I was the only one dealing with this.,Neutral,-0.036,Relatable,Student Life,Instagram
COM-02042,POST-0026,2025-11-24,Finally someone said this out loud.,Positive,0.168,Relatable,Career Anxiety,Instagram
COM-02043,POST-0286,2025-04-10,I will check this out.,Positive,0.782,Neutral,Student Life,YouTube
COM-02044,POST-0602,2025-01-07,This made me feel understood.,Positive,0.303,Relatable,Student Life,Instagram
COM-02045,POST-0010,2025-07-18,I have been struggling with this too.,Positive,0.498,Relatable,Digital Burnout,YouTube
COM-02046,POST-0361,2025-04-16,I thought I was the only one dealing with this.,Negative,-0.222,Relatable,Productivity,Instagram
COM-02047,POST-0955,2025-11-26,I have been struggling with this too.,Positive,0.3,Relatable,Student Life,Instagram
COM-02048,POST-0482,2025-09-19,Why does this describe me so perfectly?,Neutral,0.028,Relatable,Academic Pressure,Instagram
COM-02049,POST-0897,2025-07-13,This is exactly what student life feels like.,Positive,0.792,Relatable,Career Anxiety,YouTube
COM-02050,POST-0681,2025-11-19,I thought I was the only one dealing with this.,Neutral,-0.098,Relatable,Academic Pressure,YouTube
COM-02051,POST-0008,2025-04-23,I thought I was the only one dealing with this.,Neutral,-0.082,Relatable,Friendship,YouTube
COM-02052,POST-0270,2025-06-22,Why does this describe me so perfectly?,Positive,0.395,Relatable,Social Anxiety,YouTube
COM-02053,POST-0723,2025-01-25,I will check this out.,Neutral,-0.051,Neutral,Friendship,YouTube
COM-02054,POST-0252,2025-03-15,I thought I was the only one dealing with this.,Negative,-0.481,Relatable,Student Life,Instagram
COM-02055,POST-0902,2025-11-12,This made me feel understood.,Neutral,0.095,Relatable,Academic Pressure,YouTube
COM-02056,POST-0269,2025-01-14,This is exactly what student life feels like.,Neutral,-0.023,Relatable,Career Anxiety,Instagram
COM-02057,POST-0662,2025-03-09,This is exactly what student life feels like.,Positive,0.175,Relatable,Productivity,Instagram
COM-02058,POST-0794,2025-08-20,This made me feel understood.,Positive,0.544,Relatable,Friendship,Instagram
COM-02059,POST-0093,2025-10-24,I have been struggling with this too.,Positive,0.94,Relatable,Dating,Instagram
COM-02060,POST-0787,2025-04-17,I thought I was the only one dealing with this.,Neutral,0.071,Relatable,Friendship,YouTube
COM-02061,POST-1055,2025-07-20,Thanks for sharing this.,Neutral,0.022,Neutral,Productivity,Instagram
COM-02062,POST-0208,2025-02-20,Finally someone said this out loud.,Neutral,0.015,Relatable,Friendship,YouTube
COM-02063,POST-0825,2025-09-06,Thanks for sharing this.,Positive,0.527,Neutral,Productivity,Instagram
COM-02064,POST-0005,2025-03-20,Why does this describe me so perfectly?,Neutral,0.093,Relatable,Social Anxiety,Instagram
COM-02065,POST-0583,2025-12-23,Thanks for sharing this.,Positive,0.266,Neutral,Friendship,YouTube
COM-02066,POST-1141,2025-01-23,I have been struggling with this too.,Neutral,-0.065,Relatable,Academic Pressure,Instagram
COM-02067,POST-0229,2025-07-26,I thought I was the only one dealing with this.,Negative,-0.637,Relatable,Student Life,Instagram
COM-02068,POST-0093,2025-10-24,This is exactly what student life feels like.,Negative,-0.42,Relatable,Dating,Instagram
COM-02069,POST-1032,2025-12-06,Finally someone said this out loud.,Neutral,0.047,Relatable,Student Life,Instagram
COM-02070,POST-0647,2025-07-05,Nice post.,Neutral,-0.068,Neutral,Student Life,Instagram
COM-02071,POST-1154,2025-12-30,I will check this out.,Neutral,0.054,Neutral,Friendship,Instagram
COM-02072,POST-0856,2025-08-06,I will check this out.,Neutral,-0.075,Neutral,Digital Burnout,YouTube
COM-02073,POST-0834,2025-04-11,I have been struggling with this too.,Negative,-0.552,Relatable,Social Anxiety,Instagram
COM-02074,POST-0871,2025-07-28,This is exactly what student life feels like.,Negative,-0.544,Relatable,Dating,YouTube
COM-02075,POST-0611,2025-11-26,I thought I was the only one dealing with this.,Positive,0.94,Relatable,Dating,YouTube
COM-02076,POST-0088,2025-05-22,That is an interesting point.,Positive,0.83,Neutral,Academic Pressure,Instagram
COM-02077,POST-0950,2025-02-05,This is exactly what student life feels like.,Positive,0.833,Relatable,Academic Pressure,Instagram
COM-02078,POST-0468,2025-09-01,That is an interesting point.,Neutral,0.089,Neutral,Academic Pressure,YouTube
COM-02079,POST-0688,2025-06-29,Why does this describe me so perfectly?,Positive,0.528,Relatable,Dating,Instagram
COM-02080,POST-0396,2025-11-29,I thought I was the only one dealing with this.,Positive,0.37,Relatable,Dating,Instagram
COM-02081,POST-1160,2025-04-22,Why does this describe me so perfectly?,Neutral,-0.084,Relatable,Career Anxiety,YouTube
COM-02082,POST-0182,2025-03-13,That is an interesting point.,Neutral,-0.086,Neutral,Digital Burnout,YouTube
COM-02083,POST-0559,2025-03-23,This is exactly what student life feels like.,Negative,-0.152,Relatable,Career Anxiety,Instagram
COM-02084,POST-1009,2025-05-09,I thought I was the only one dealing with this.,Positive,0.341,Relatable,Productivity,YouTube
COM-02085,POST-0029,2025-06-02,I have been struggling with this too.,Neutral,-0.01,Relatable,Student Life,YouTube
COM-02086,POST-0216,2025-12-27,Nice post.,Positive,0.661,Neutral,Productivity,YouTube
COM-02087,POST-0059,2025-05-02,Finally someone said this out loud.,Positive,0.369,Relatable,Social Anxiety,Instagram
COM-02088,POST-0190,2025-07-16,I will check this out.,Neutral,-0.071,Neutral,Productivity,YouTube
COM-02089,POST-0970,2025-10-24,This made me feel understood.,Positive,0.592,Relatable,Dating,YouTube
COM-02090,POST-0405,2025-01-12,That is an interesting point.,Negative,-0.796,Neutral,Career Anxiety,Instagram
COM-02091,POST-0772,2025-03-13,This is exactly what student life feels like.,Positive,0.72,Relatable,Productivity,Instagram
COM-02092,POST-0970,2025-10-24,I will check this out.,Neutral,-0.06,Neutral,Dating,YouTube
COM-02093,POST-0538,2025-10-21,I have been struggling with this too.,Positive,0.937,Relatable,Student Life,Instagram
COM-02094,POST-0696,2025-01-17,Thanks for sharing this.,Neutral,0.066,Neutral,Friendship,Instagram
COM-02095,POST-1103,2025-04-07,This is exactly what student life feels like.,Neutral,0.076,Relatable,Student Life,Instagram
COM-02096,POST-0351,2025-08-15,I have been struggling with this too.,Positive,0.54,Relatable,Career Anxiety,Instagram
COM-02097,POST-0375,2025-05-20,I thought I was the only one dealing with this.,Positive,0.716,Relatable,Social Anxiety,Instagram
COM-02098,POST-0293,2025-07-16,This made me feel understood.,Positive,0.59,Relatable,Friendship,Instagram
COM-02099,POST-0290,2025-01-22,This made me feel understood.,Neutral,0.003,Relatable,Student Life,Instagram
COM-02100,POST-0035,2025-03-30,This made me feel understood.,Neutral,0.04,Relatable,Academic Pressure,Instagram
COM-02101,POST-0251,2025-12-07,I thought I was the only one dealing with this.,Negative,-0.766,Relatable,Social Anxiety,Instagram
COM-02102,POST-0394,2025-03-19,Why does this describe me so perfectly?,Neutral,-0.03,Relatable,Social Anxiety,Instagram
COM-02103,POST-0452,2025-05-05,This made me feel understood.,Positive,0.472,Relatable,Career Anxiety,Instagram
COM-02104,POST-1130,2025-02-07,Thanks for sharing this.,Negative,-0.18,Neutral,Dating,Instagram
COM-02105,POST-0508,2025-03-13,Why does this describe me so perfectly?,Neutral,-0.001,Relatable,Dating,YouTube
COM-02106,POST-0687,2025-06-26,I will check this out.,Positive,0.372,Neutral,Digital Burnout,Instagram
COM-02107,POST-0859,2025-12-31,This made me feel understood.,Neutral,0.019,Relatable,Student Life,Instagram
COM-02108,POST-0822,2025-04-07,Why does this describe me so perfectly?,Neutral,-0.062,Relatable,Social Anxiety,Instagram
COM-02109,POST-1185,2025-06-10,I have been struggling with this too.,Positive,0.323,Relatable,Career Anxiety,YouTube
COM-02110,POST-0448,2025-02-27,That is an interesting point.,Neutral,0.035,Neutral,Friendship,Instagram
COM-02111,POST-0325,2025-12-16,This made me feel understood.,Neutral,0.067,Relatable,Digital Burnout,YouTube
COM-02112,POST-1012,2025-05-11,Good information.,Positive,0.167,Neutral,Productivity,YouTube
COM-02113,POST-0545,2025-01-25,I thought I was the only one dealing with this.,Positive,0.292,Relatable,Friendship,Instagram
COM-02114,POST-0652,2025-12-07,I have been struggling with this too.,Neutral,-0.084,Relatable,Productivity,YouTube
COM-02115,POST-0352,2025-10-09,I thought I was the only one dealing with this.,Positive,0.154,Relatable,Dating,YouTube
COM-02116,POST-1063,2025-02-12,This is exactly what student life feels like.,Neutral,-0.091,Relatable,Productivity,YouTube
COM-02117,POST-0187,2025-09-19,Thanks for sharing this.,Neutral,-0.048,Neutral,Productivity,YouTube
COM-02118,POST-0610,2025-09-13,I will check this out.,Neutral,0.046,Neutral,Digital Burnout,Instagram
COM-02119,POST-0141,2025-02-04,This is exactly what student life feels like.,Neutral,-0.091,Relatable,Dating,YouTube
COM-02120,POST-0729,2025-07-31,That is an interesting point.,Neutral,0.04,Neutral,Student Life,YouTube
COM-02121,POST-0128,2025-07-13,Good information.,Neutral,-0.001,Neutral,Academic Pressure,Instagram
COM-02122,POST-0349,2025-12-27,Why does this describe me so perfectly?,Positive,0.196,Relatable,Career Anxiety,YouTube
COM-02123,POST-1066,2025-10-09,Thanks for sharing this.,Positive,0.193,Neutral,Student Life,YouTube
COM-02124,POST-1064,2025-05-07,I thought I was the only one dealing with this.,Positive,0.371,Relatable,Productivity,Instagram
COM-02125,POST-0475,2025-05-14,I thought I was the only one dealing with this.,Positive,0.827,Relatable,Student Life,Instagram
COM-02126,POST-0497,2025-07-30,Finally someone said this out loud.,Negative,-0.26,Relatable,Career Anxiety,YouTube
COM-02127,POST-0137,2025-03-11,I thought I was the only one dealing with this.,Positive,0.714,Relatable,Student Life,Instagram
COM-02128,POST-0292,2025-12-02,Finally someone said this out loud.,Positive,0.259,Relatable,Career Anxiety,Instagram
COM-02129,POST-0654,2025-12-23,Thanks for sharing this.,Positive,0.309,Neutral,Dating,YouTube
COM-02130,POST-0890,2025-11-14,This is exactly what student life feels like.,Neutral,0.056,Relatable,Social Anxiety,YouTube
COM-02131,POST-0064,2025-09-20,I have been struggling with this too.,Neutral,0.002,Relatable,Dating,YouTube
COM-02132,POST-0039,2025-03-23,Thanks for sharing this.,Positive,0.411,Neutral,Digital Burnout,Instagram
COM-02133,POST-0624,2025-02-03,Finally someone said this out loud.,Neutral,0.082,Relatable,Social Anxiety,Instagram
COM-02134,POST-0953,2025-06-14,Thanks for sharing this.,Positive,0.567,Neutral,Student Life,YouTube
COM-02135,POST-0257,2025-12-30,That is an interesting point.,Neutral,-0.028,Neutral,Friendship,YouTube
COM-02136,POST-0860,2025-03-30,This made me feel understood.,Neutral,-0.043,Relatable,Student Life,Instagram
COM-02137,POST-0908,2025-12-24,This is exactly what student life feels like.,Positive,0.153,Relatable,Academic Pressure,YouTube
COM-02138,POST-0205,2025-01-10,I thought I was the only one dealing with this.,Positive,0.451,Relatable,Digital Burnout,Instagram
COM-02139,POST-0031,2025-03-13,Finally someone said this out loud.,Positive,0.753,Relatable,Academic Pressure,Instagram
COM-02140,POST-0373,2025-10-17,Why does this describe me so perfectly?,Neutral,0.078,Relatable,Student Life,YouTube
COM-02141,POST-0297,2025-01-15,This made me feel understood.,Negative,-0.555,Relatable,Friendship,Instagram
COM-02142,POST-0385,2025-08-29,Finally someone said this out loud.,Positive,0.967,Relatable,Digital Burnout,Instagram
COM-02143,POST-0125,2025-06-16,Why does this describe me so perfectly?,Negative,-0.489,Relatable,Student Life,Instagram
COM-02144,POST-0616,2025-12-30,Finally someone said this out loud.,Positive,0.813,Relatable,Friendship,Instagram
COM-02145,POST-0023,2025-09-24,This is exactly what student life feels like.,Neutral,-0.098,Relatable,Social Anxiety,Instagram
COM-02146,POST-0131,2025-05-19,I thought I was the only one dealing with this.,Positive,0.972,Relatable,Student Life,Instagram
COM-02147,POST-0593,2025-03-28,I have been struggling with this too.,Neutral,-0.087,Relatable,Student Life,Instagram
COM-02148,POST-0520,2025-12-02,Interesting perspective.,Negative,-0.823,Neutral,Student Life,Instagram
COM-02149,POST-0185,2025-04-13,I thought I was the only one dealing with this.,Positive,0.196,Relatable,Academic Pressure,Instagram
COM-02150,POST-1042,2025-12-24,Good information.,Positive,0.693,Neutral,Digital Burnout,Instagram
COM-02151,POST-0394,2025-03-19,Good information.,Neutral,0.06,Neutral,Social Anxiety,Instagram
COM-02152,POST-0614,2025-05-07,Why does this describe me so perfectly?,Neutral,0.037,Relatable,Friendship,Instagram
COM-02153,POST-0558,2025-09-28,I thought I was the only one dealing with this.,Neutral,0.092,Relatable,Productivity,YouTube
COM-02154,POST-0139,2025-02-14,Nice post.,Neutral,-0.076,Neutral,Digital Burnout,YouTube
COM-02155,POST-0173,2025-01-08,Interesting perspective.,Neutral,-0.002,Neutral,Friendship,Instagram
COM-02156,POST-0790,2025-03-16,Nice post.,Positive,0.36,Neutral,Friendship,Instagram
COM-02157,POST-0865,2025-01-31,This made me feel understood.,Positive,0.653,Relatable,Friendship,Instagram
COM-02158,POST-0543,2025-02-02,Nice post.,Neutral,0.074,Neutral,Friendship,Instagram
COM-02159,POST-0928,2025-04-23,I will check this out.,Negative,-0.789,Neutral,Friendship,YouTube
COM-02160,POST-0739,2025-08-05,Nice post.,Positive,0.975,Neutral,Social Anxiety,Instagram
COM-02161,POST-0320,2025-03-04,That is an interesting point.,Neutral,0.068,Neutral,Career Anxiety,Instagram
COM-02162,POST-0616,2025-12-30,Finally someone said this out loud.,Positive,0.29,Relatable,Friendship,Instagram
COM-02163,POST-0292,2025-12-02,I thought I was the only one dealing with this.,Neutral,-0.037,Relatable,Career Anxiety,Instagram
COM-02164,POST-1197,2025-04-25,Interesting perspective.,Neutral,0.037,Neutral,Student Life,YouTube
COM-02165,POST-0388,2025-04-29,This made me feel understood.,Positive,0.692,Relatable,Social Anxiety,YouTube
COM-02166,POST-0016,2025-06-05,Interesting perspective.,Neutral,0.006,Neutral,Digital Burnout,Instagram
COM-02167,POST-0190,2025-07-16,Why does this describe me so perfectly?,Positive,0.907,Relatable,Productivity,YouTube
COM-02168,POST-0762,2025-09-13,Why does this describe me so perfectly?,Positive,0.193,Relatable,Dating,Instagram
COM-02169,POST-0969,2025-09-27,Finally someone said this out loud.,Neutral,-0.069,Relatable,Social Anxiety,Instagram
COM-02170,POST-0898,2025-10-05,Why does this describe me so perfectly?,Negative,-0.419,Relatable,Social Anxiety,Instagram
COM-02171,POST-0208,2025-02-20,I thought I was the only one dealing with this.,Positive,0.689,Relatable,Friendship,YouTube
COM-02172,POST-0201,2025-03-10,That is an interesting point.,Positive,0.327,Neutral,Student Life,Instagram
COM-02173,POST-0232,2025-04-17,I thought I was the only one dealing with this.,Positive,0.595,Relatable,Productivity,Instagram
COM-02174,POST-0917,2025-07-10,That is an interesting point.,Neutral,-0.057,Neutral,Social Anxiety,YouTube
COM-02175,POST-0276,2025-05-26,I have been struggling with this too.,Neutral,0.099,Relatable,Academic Pressure,Instagram
COM-02176,POST-0980,2025-10-25,Good information.,Neutral,0.021,Neutral,Friendship,Instagram
COM-02177,POST-0300,2025-02-24,I thought I was the only one dealing with this.,Positive,0.359,Relatable,Dating,Instagram
COM-02178,POST-0015,2025-02-21,This made me feel understood.,Positive,0.32,Relatable,Digital Burnout,YouTube
COM-02179,POST-0555,2025-12-06,Finally someone said this out loud.,Neutral,0.062,Relatable,Digital Burnout,YouTube
COM-02180,POST-0091,2025-02-09,This made me feel understood.,Positive,0.711,Relatable,Dating,Instagram
COM-02181,POST-0984,2025-07-01,Finally someone said this out loud.,Positive,0.908,Relatable,Career Anxiety,YouTube
COM-02182,POST-0820,2025-10-14,This made me feel understood.,Positive,0.959,Relatable,Dating,YouTube
COM-02183,POST-0942,2025-04-13,Why does this describe me so perfectly?,Neutral,-0.022,Relatable,Friendship,Instagram
COM-02184,POST-0049,2025-04-19,Why does this describe me so perfectly?,Neutral,0.037,Relatable,Social Anxiety,YouTube
COM-02185,POST-0868,2025-08-06,I have been struggling with this too.,Negative,-0.314,Relatable,Academic Pressure,Instagram
COM-02186,POST-0710,2025-02-10,This made me feel understood.,Positive,0.418,Relatable,Student Life,Instagram
COM-02187,POST-0213,2025-10-17,I thought I was the only one dealing with this.,Positive,0.41,Relatable,Dating,YouTube
COM-02188,POST-1089,2025-07-23,I thought I was the only one dealing with this.,Neutral,-0.052,Relatable,Digital Burnout,Instagram
COM-02189,POST-0030,2025-02-26,Thanks for sharing this.,Positive,0.869,Neutral,Career Anxiety,Instagram
COM-02190,POST-0354,2025-06-07,Interesting perspective.,Positive,0.603,Neutral,Digital Burnout,Instagram
COM-02191,POST-1128,2025-09-04,Nice post.,Neutral,-0.024,Neutral,Productivity,Instagram
COM-02192,POST-0764,2025-12-13,I will check this out.,Neutral,-0.07,Neutral,Student Life,Instagram
COM-02193,POST-0831,2025-11-28,Finally someone said this out loud.,Positive,0.783,Relatable,Dating,Instagram
COM-02194,POST-1052,2025-01-27,This made me feel understood.,Negative,-0.183,Relatable,Friendship,Instagram
COM-02195,POST-0808,2025-06-01,This is exactly what student life feels like.,Neutral,-0.05,Relatable,Student Life,YouTube
COM-02196,POST-0250,2025-06-13,This is exactly what student life feels like.,Positive,0.936,Relatable,Social Anxiety,YouTube
COM-02197,POST-0157,2025-07-18,Why does this describe me so perfectly?,Positive,0.68,Relatable,Social Anxiety,Instagram
COM-02198,POST-0563,2025-03-18,That is an interesting point.,Positive,0.918,Neutral,Social Anxiety,Instagram
COM-02199,POST-0111,2025-04-14,I have been struggling with this too.,Positive,0.628,Relatable,Academic Pressure,Instagram
COM-02200,POST-0497,2025-07-30,Good information.,Neutral,-0.051,Neutral,Career Anxiety,YouTube
COM-02201,POST-0296,2025-03-22,I have been struggling with this too.,Neutral,-0.06,Relatable,Academic Pressure,Instagram
COM-02202,POST-0783,2025-08-01,Why does this describe me so perfectly?,Positive,0.798,Relatable,Career Anxiety,Instagram
COM-02203,POST-0611,2025-11-26,Finally someone said this out loud.,Positive,0.262,Relatable,Dating,YouTube
COM-02204,POST-0597,2025-06-28,I will check this out.,Neutral,0.076,Neutral,Friendship,Instagram
COM-02205,POST-0020,2025-06-08,I have been struggling with this too.,Neutral,0.011,Relatable,Academic Pressure,Instagram
COM-02206,POST-1094,2025-05-22,Why does this describe me so perfectly?,Neutral,-0.077,Relatable,Friendship,YouTube
COM-02207,POST-0407,2025-01-07,Why does this describe me so perfectly?,Neutral,0.053,Relatable,Career Anxiety,Instagram
COM-02208,POST-0591,2025-04-16,This made me feel understood.,Neutral,-0.031,Relatable,Friendship,Instagram
COM-02209,POST-1080,2025-02-10,Why does this describe me so perfectly?,Negative,-0.371,Relatable,Academic Pressure,YouTube
COM-02210,POST-0504,2025-03-15,This is exactly what student life feels like.,Positive,0.246,Relatable,Student Life,YouTube
COM-02211,POST-0686,2025-10-30,This is exactly what student life feels like.,Positive,0.359,Relatable,Academic Pressure,YouTube
COM-02212,POST-0295,2025-07-26,I have been struggling with this too.,Positive,0.78,Relatable,Digital Burnout,YouTube
COM-02213,POST-0310,2025-03-05,Why does this describe me so perfectly?,Neutral,-0.013,Relatable,Student Life,Instagram
COM-02214,POST-0089,2025-03-28,Good information.,Neutral,-0.001,Neutral,Student Life,YouTube
COM-02215,POST-0988,2025-05-24,Nice post.,Neutral,-0.069,Neutral,Social Anxiety,Instagram
COM-02216,POST-0877,2025-09-12,This is exactly what student life feels like.,Positive,0.571,Relatable,Dating,Instagram
COM-02217,POST-1074,2025-12-03,I have been struggling with this too.,Positive,0.912,Relatable,Student Life,Instagram
COM-02218,POST-0206,2025-10-10,Interesting perspective.,Neutral,0.035,Neutral,Career Anxiety,Instagram
COM-02219,POST-1052,2025-01-27,I will check this out.,Neutral,-0.017,Neutral,Friendship,Instagram
COM-02220,POST-0121,2025-08-13,This made me feel understood.,Negative,-0.78,Relatable,Academic Pressure,Instagram
COM-02221,POST-0762,2025-09-13,Nice post.,Neutral,-0.011,Neutral,Dating,Instagram
COM-02222,POST-0736,2025-03-27,I have been struggling with this too.,Positive,0.269,Relatable,Digital Burnout,Instagram
COM-02223,POST-0513,2025-02-21,Interesting perspective.,Positive,0.932,Neutral,Digital Burnout,Instagram
COM-02224,POST-0360,2025-10-27,I have been struggling with this too.,Positive,0.449,Relatable,Dating,Instagram
COM-02225,POST-0345,2025-06-15,Thanks for sharing this.,Neutral,-0.088,Neutral,Social Anxiety,YouTube
COM-02226,POST-0311,2025-12-24,This is exactly what student life feels like.,Positive,0.983,Relatable,Productivity,Instagram
COM-02227,POST-0473,2025-04-26,That is an interesting point.,Neutral,0.073,Neutral,Friendship,Instagram
COM-02228,POST-0490,2025-01-06,Nice post.,Neutral,0.042,Neutral,Productivity,Instagram
COM-02229,POST-0166,2025-10-27,That is an interesting point.,Neutral,0.003,Neutral,Social Anxiety,Instagram
COM-02230,POST-0011,2025-05-16,Nice post.,Neutral,0.049,Neutral,Friendship,YouTube
COM-02231,POST-0409,2025-12-28,This is exactly what student life feels like.,Neutral,0.082,Relatable,Student Life,Instagram
COM-02232,POST-0220,2025-10-27,This is exactly what student life feels like.,Neutral,0.092,Relatable,Academic Pressure,Instagram
COM-02233,POST-0761,2025-09-26,Nice post.,Positive,0.509,Neutral,Social Anxiety,Instagram
COM-02234,POST-0184,2025-12-18,This made me feel understood.,Neutral,-0.019,Relatable,Academic Pressure,Instagram
COM-02235,POST-0787,2025-04-17,I thought I was the only one dealing with this.,Positive,0.885,Relatable,Friendship,YouTube
COM-02236,POST-0772,2025-03-13,Good information.,Positive,0.834,Neutral,Productivity,Instagram
COM-02237,POST-0573,2025-06-08,I thought I was the only one dealing with this.,Positive,0.529,Relatable,Digital Burnout,Instagram
COM-02238,POST-0388,2025-04-29,I thought I was the only one dealing with this.,Positive,0.371,Relatable,Social Anxiety,YouTube
COM-02239,POST-0463,2025-02-10,I thought I was the only one dealing with this.,Negative,-0.589,Relatable,Friendship,Instagram
COM-02240,POST-0420,2025-08-01,I thought I was the only one dealing with this.,Neutral,-0.006,Relatable,Career Anxiety,YouTube
COM-02241,POST-0031,2025-03-13,Why does this describe me so perfectly?,Positive,0.993,Relatable,Academic Pressure,Instagram
COM-02242,POST-0747,2025-09-19,This made me feel understood.,Negative,-0.885,Relatable,Social Anxiety,YouTube
COM-02243,POST-0892,2025-08-18,This is exactly what student life feels like.,Negative,-0.659,Relatable,Career Anxiety,YouTube
COM-02244,POST-0203,2025-06-24,Interesting perspective.,Negative,-0.478,Neutral,Academic Pressure,Instagram
COM-02245,POST-0524,2025-04-01,I have been struggling with this too.,Positive,0.708,Relatable,Friendship,YouTube
COM-02246,POST-0417,2025-08-14,Nice post.,Negative,-0.628,Neutral,Academic Pressure,Instagram
COM-02247,POST-0160,2025-06-09,Nice post.,Positive,0.666,Neutral,Social Anxiety,YouTube
COM-02248,POST-0239,2025-11-17,Why does this describe me so perfectly?,Positive,0.627,Relatable,Student Life,YouTube
COM-02249,POST-0897,2025-07-13,Interesting perspective.,Positive,0.819,Neutral,Career Anxiety,YouTube
COM-02250,POST-1035,2025-11-21,This is exactly what student life feels like.,Positive,0.153,Relatable,Social Anxiety,YouTube
COM-02251,POST-0085,2025-10-23,Finally someone said this out loud.,Positive,0.953,Relatable,Productivity,Instagram
COM-02252,POST-0635,2025-06-22,This is exactly what student life feels like.,Neutral,0.036,Relatable,Productivity,Instagram
COM-02253,POST-1035,2025-11-21,This made me feel understood.,Positive,0.282,Relatable,Social Anxiety,YouTube
COM-02254,POST-0131,2025-05-19,That is an interesting point.,Neutral,0.006,Neutral,Student Life,Instagram
COM-02255,POST-0619,2025-09-09,I have been struggling with this too.,Neutral,-0.047,Relatable,Career Anxiety,YouTube
COM-02256,POST-0622,2025-01-19,Interesting perspective.,Negative,-0.968,Neutral,Dating,Instagram
COM-02257,POST-1017,2025-02-27,Good information.,Positive,0.397,Neutral,Friendship,Instagram
COM-02258,POST-0230,2025-06-23,This made me feel understood.,Positive,0.852,Relatable,Dating,Instagram
COM-02259,POST-0791,2025-11-03,Interesting perspective.,Positive,0.407,Neutral,Digital Burnout,Instagram
COM-02260,POST-0190,2025-07-16,That is an interesting point.,Neutral,-0.069,Neutral,Productivity,YouTube
COM-02261,POST-0433,2025-09-27,Thanks for sharing this.,Positive,0.76,Neutral,Friendship,YouTube
COM-02262,POST-0217,2025-11-02,I thought I was the only one dealing with this.,Positive,0.539,Relatable,Dating,Instagram
COM-02263,POST-0613,2025-02-10,I thought I was the only one dealing with this.,Positive,0.896,Relatable,Career Anxiety,Instagram
COM-02264,POST-0833,2025-09-27,I have been struggling with this too.,Positive,0.569,Relatable,Career Anxiety,Instagram
COM-02265,POST-0845,2025-01-20,I will check this out.,Neutral,0.072,Neutral,Friendship,Instagram
COM-02266,POST-0800,2025-07-07,Why does this describe me so perfectly?,Positive,0.398,Relatable,Friendship,Instagram
COM-02267,POST-0923,2025-08-24,Thanks for sharing this.,Positive,0.285,Neutral,Career Anxiety,Instagram
COM-02268,POST-1200,2025-03-03,This is exactly what student life feels like.,Neutral,-0.017,Relatable,Dating,Instagram
COM-02269,POST-1099,2025-05-20,Why does this describe me so perfectly?,Positive,0.611,Relatable,Productivity,Instagram
COM-02270,POST-0382,2025-11-26,This made me feel understood.,Positive,0.905,Relatable,Academic Pressure,Instagram
COM-02271,POST-0922,2025-12-13,This made me feel understood.,Positive,0.326,Relatable,Student Life,YouTube
COM-02272,POST-0299,2025-11-20,Interesting perspective.,Neutral,-0.084,Neutral,Dating,YouTube
COM-02273,POST-0920,2025-06-23,I thought I was the only one dealing with this.,Neutral,-0.06,Relatable,Dating,Instagram
COM-02274,POST-0973,2025-08-03,Finally someone said this out loud.,Positive,0.905,Relatable,Productivity,YouTube
COM-02275,POST-0496,2025-07-14,Why does this describe me so perfectly?,Positive,0.791,Relatable,Productivity,Instagram
COM-02276,POST-0581,2025-12-10,Why does this describe me so perfectly?,Negative,-0.483,Relatable,Friendship,YouTube
COM-02277,POST-0882,2025-07-04,This made me feel understood.,Positive,0.746,Relatable,Social Anxiety,Instagram
COM-02278,POST-0240,2025-07-19,I will check this out.,Neutral,-0.075,Neutral,Digital Burnout,Instagram
COM-02279,POST-0609,2025-08-01,This made me feel understood.,Negative,-0.951,Relatable,Career Anxiety,Instagram
COM-02280,POST-0816,2025-12-22,Thanks for sharing this.,Negative,-0.481,Neutral,Student Life,Instagram
COM-02281,POST-0892,2025-08-18,I thought I was the only one dealing with this.,Negative,-0.554,Relatable,Career Anxiety,YouTube
COM-02282,POST-0960,2025-06-02,This is exactly what student life feels like.,Neutral,0.008,Relatable,Friendship,Instagram
COM-02283,POST-0910,2025-05-13,Interesting perspective.,Neutral,-0.085,Neutral,Digital Burnout,Instagram
COM-02284,POST-0206,2025-10-10,Good information.,Neutral,-0.034,Neutral,Career Anxiety,Instagram
COM-02285,POST-0585,2025-04-26,That is an interesting point.,Positive,0.193,Neutral,Academic Pressure,Instagram
COM-02286,POST-0668,2025-06-15,I thought I was the only one dealing with this.,Neutral,0.099,Relatable,Career Anxiety,YouTube
COM-02287,POST-0521,2025-10-17,This is exactly what student life feels like.,Positive,0.75,Relatable,Dating,Instagram
COM-02288,POST-0958,2025-07-21,This made me feel understood.,Positive,0.438,Relatable,Social Anxiety,Instagram
COM-02289,POST-1059,2025-03-06,Finally someone said this out loud.,Positive,0.812,Relatable,Career Anxiety,Instagram
COM-02290,POST-0892,2025-08-18,I will check this out.,Neutral,0.038,Neutral,Career Anxiety,YouTube
COM-02291,POST-0897,2025-07-13,I thought I was the only one dealing with this.,Neutral,0.093,Relatable,Career Anxiety,YouTube
COM-02292,POST-0582,2025-03-24,Nice post.,Neutral,-0.079,Neutral,Academic Pressure,Instagram
COM-02293,POST-1044,2025-07-05,That is an interesting point.,Neutral,0.065,Neutral,Career Anxiety,YouTube
COM-02294,POST-0515,2025-07-01,This made me feel understood.,Negative,-0.672,Relatable,Academic Pressure,Instagram
COM-02295,POST-1061,2025-01-06,Finally someone said this out loud.,Positive,0.564,Relatable,Dating,Instagram
COM-02296,POST-0760,2025-09-22,Thanks for sharing this.,Neutral,0.002,Neutral,Academic Pressure,Instagram
COM-02297,POST-0950,2025-02-05,I will check this out.,Neutral,0.09,Neutral,Academic Pressure,Instagram
COM-02298,POST-0186,2025-06-09,Good information.,Neutral,-0.092,Neutral,Social Anxiety,Instagram
COM-02299,POST-0587,2025-12-16,This made me feel understood.,Positive,0.608,Relatable,Student Life,Instagram
COM-02300,POST-0945,2025-10-23,Thanks for sharing this.,Positive,0.679,Neutral,Dating,YouTube
COM-02301,POST-0478,2025-11-15,That is an interesting point.,Neutral,-0.045,Neutral,Career Anxiety,Instagram
COM-02302,POST-0125,2025-06-16,I thought I was the only one dealing with this.,Positive,0.479,Relatable,Student Life,Instagram
COM-02303,POST-0449,2025-11-28,Why does this describe me so perfectly?,Positive,0.454,Relatable,Friendship,Instagram
COM-02304,POST-0161,2025-04-20,Thanks for sharing this.,Neutral,-0.07,Neutral,Career Anxiety,Instagram
COM-02305,POST-0129,2025-11-08,Interesting perspective.,Positive,0.252,Neutral,Productivity,Instagram
COM-02306,POST-0196,2025-01-30,Thanks for sharing this.,Neutral,-0.04,Neutral,Dating,Instagram
COM-02307,POST-0809,2025-11-07,Why does this describe me so perfectly?,Positive,0.337,Relatable,Social Anxiety,Instagram
COM-02308,POST-0400,2025-12-11,I thought I was the only one dealing with this.,Positive,0.693,Relatable,Student Life,Instagram
COM-02309,POST-0145,2025-07-20,Interesting perspective.,Neutral,0.073,Neutral,Student Life,Instagram
COM-02310,POST-0336,2025-02-10,I have been struggling with this too.,Neutral,0.087,Relatable,Productivity,YouTube
COM-02311,POST-0956,2025-01-21,This made me feel understood.,Positive,0.575,Relatable,Career Anxiety,YouTube
COM-02312,POST-0486,2025-02-28,Good information.,Neutral,-0.064,Neutral,Friendship,YouTube
COM-02313,POST-0485,2025-08-29,I have been struggling with this too.,Positive,0.404,Relatable,Dating,YouTube
COM-02314,POST-1185,2025-06-10,This is exactly what student life feels like.,Negative,-0.224,Relatable,Career Anxiety,YouTube
COM-02315,POST-0862,2025-03-03,I will check this out.,Neutral,0.058,Neutral,Digital Burnout,YouTube
COM-02316,POST-0532,2025-03-17,I have been struggling with this too.,Positive,0.537,Relatable,Friendship,Instagram
COM-02317,POST-0424,2025-02-07,Why does this describe me so perfectly?,Positive,0.586,Relatable,Social Anxiety,Instagram
COM-02318,POST-0603,2025-08-18,Interesting perspective.,Neutral,-0.087,Neutral,Social Anxiety,Instagram
COM-02319,POST-0801,2025-04-20,Interesting perspective.,Neutral,0.07,Neutral,Productivity,Instagram
COM-02320,POST-0549,2025-09-15,Why does this describe me so perfectly?,Positive,0.68,Relatable,Career Anxiety,YouTube
COM-02321,POST-0195,2025-08-09,This is exactly what student life feels like.,Positive,0.768,Relatable,Social Anxiety,Instagram
COM-02322,POST-1024,2025-04-09,Thanks for sharing this.,Positive,0.423,Neutral,Social Anxiety,Instagram
COM-02323,POST-0943,2025-11-24,Interesting perspective.,Positive,0.222,Neutral,Dating,Instagram
COM-02324,POST-0199,2025-03-01,Why does this describe me so perfectly?,Positive,0.77,Relatable,Academic Pressure,Instagram
COM-02325,POST-1083,2025-11-21,I have been struggling with this too.,Positive,0.769,Relatable,Social Anxiety,Instagram
COM-02326,POST-0292,2025-12-02,This made me feel understood.,Neutral,0.05,Relatable,Career Anxiety,Instagram
COM-02327,POST-0131,2025-05-19,This is exactly what student life feels like.,Positive,0.545,Relatable,Student Life,Instagram
COM-02328,POST-0382,2025-11-26,I will check this out.,Neutral,-0.057,Neutral,Academic Pressure,Instagram
COM-02329,POST-0727,2025-06-24,I thought I was the only one dealing with this.,Positive,0.653,Relatable,Social Anxiety,Instagram
COM-02330,POST-0061,2025-11-03,I thought I was the only one dealing with this.,Positive,0.824,Relatable,Academic Pressure,Instagram
COM-02331,POST-0369,2025-10-25,Why does this describe me so perfectly?,Negative,-0.801,Relatable,Student Life,YouTube
COM-02332,POST-0148,2025-10-17,Interesting perspective.,Neutral,0.009,Neutral,Productivity,Instagram
COM-02333,POST-0255,2025-01-20,Thanks for sharing this.,Neutral,0.058,Neutral,Dating,Instagram
COM-02334,POST-0473,2025-04-26,Finally someone said this out loud.,Neutral,-0.01,Relatable,Friendship,Instagram
COM-02335,POST-0778,2025-02-11,This made me feel understood.,Neutral,0.068,Relatable,Academic Pressure,Instagram
COM-02336,POST-0993,2025-09-07,This is exactly what student life feels like.,Positive,0.78,Relatable,Student Life,Instagram
COM-02337,POST-0773,2025-03-07,This made me feel understood.,Positive,0.975,Relatable,Academic Pressure,Instagram
COM-02338,POST-1082,2025-11-22,This is exactly what student life feels like.,Neutral,-0.007,Relatable,Friendship,Instagram
COM-02339,POST-1060,2025-03-25,Why does this describe me so perfectly?,Negative,-0.587,Relatable,Digital Burnout,Instagram
COM-02340,POST-0464,2025-07-14,Interesting perspective.,Positive,0.486,Neutral,Academic Pressure,Instagram
COM-02341,POST-0917,2025-07-10,Finally someone said this out loud.,Neutral,0.054,Relatable,Social Anxiety,YouTube
COM-02342,POST-0018,2025-11-21,I have been struggling with this too.,Neutral,0.076,Relatable,Academic Pressure,Instagram
COM-02343,POST-0082,2025-11-17,Finally someone said this out loud.,Neutral,0.034,Relatable,Academic Pressure,Instagram
COM-02344,POST-0480,2025-10-16,I will check this out.,Positive,0.295,Neutral,Career Anxiety,YouTube
COM-02345,POST-0377,2025-04-24,Interesting perspective.,Neutral,-0.09,Neutral,Productivity,Instagram
COM-02346,POST-0219,2025-09-17,I will check this out.,Neutral,0.068,Neutral,Digital Burnout,Instagram
COM-02347,POST-0506,2025-11-23,I have been struggling with this too.,Negative,-0.683,Relatable,Academic Pressure,Instagram
COM-02348,POST-0524,2025-04-01,This is exactly what student life feels like.,Positive,0.61,Relatable,Friendship,YouTube
COM-02349,POST-0045,2025-01-15,Good information.,Neutral,0.056,Neutral,Digital Burnout,Instagram
COM-02350,POST-0288,2025-05-05,I will check this out.,Positive,0.196,Neutral,Productivity,YouTube
COM-02351,POST-0056,2025-06-25,This is exactly what student life feels like.,Neutral,0.067,Relatable,Productivity,Instagram
COM-02352,POST-1076,2025-04-02,I have been struggling with this too.,Positive,0.736,Relatable,Career Anxiety,YouTube
COM-02353,POST-1005,2025-11-22,Nice post.,Neutral,-0.085,Neutral,Productivity,Instagram
COM-02354,POST-0367,2025-05-08,I thought I was the only one dealing with this.,Negative,-0.496,Relatable,Social Anxiety,Instagram
COM-02355,POST-0587,2025-12-16,Finally someone said this out loud.,Neutral,-0.096,Relatable,Student Life,Instagram
COM-02356,POST-0327,2025-05-25,Nice post.,Neutral,-0.006,Neutral,Digital Burnout,Instagram
COM-02357,POST-0552,2025-04-17,Nice post.,Positive,0.52,Neutral,Friendship,YouTube
COM-02358,POST-0526,2025-11-29,Thanks for sharing this.,Neutral,-0.013,Neutral,Student Life,Instagram
COM-02359,POST-0142,2025-06-09,I have been struggling with this too.,Positive,0.485,Relatable,Digital Burnout,Instagram
COM-02360,POST-0323,2025-08-28,Interesting perspective.,Neutral,0.02,Neutral,Social Anxiety,YouTube
COM-02361,POST-1086,2025-10-10,That is an interesting point.,Neutral,0.001,Neutral,Friendship,Instagram
COM-02362,POST-0397,2025-09-22,Finally someone said this out loud.,Neutral,0.07,Relatable,Productivity,Instagram
COM-02363,POST-0469,2025-05-19,That is an interesting point.,Positive,0.791,Neutral,Digital Burnout,YouTube
COM-02364,POST-0389,2025-08-07,This is exactly what student life feels like.,Positive,0.78,Relatable,Digital Burnout,YouTube
COM-02365,POST-0032,2025-02-12,I thought I was the only one dealing with this.,Positive,0.961,Relatable,Career Anxiety,YouTube
COM-02366,POST-0121,2025-08-13,Finally someone said this out loud.,Neutral,0.023,Relatable,Academic Pressure,Instagram
COM-02367,POST-0366,2025-07-05,Nice post.,Neutral,0.051,Neutral,Productivity,Instagram
COM-02368,POST-0595,2025-07-29,Thanks for sharing this.,Positive,0.853,Neutral,Digital Burnout,YouTube
COM-02369,POST-0647,2025-07-05,Nice post.,Positive,0.669,Neutral,Student Life,Instagram
COM-02370,POST-0320,2025-03-04,I will check this out.,Negative,-0.788,Neutral,Career Anxiety,Instagram
COM-02371,POST-0870,2025-10-10,Thanks for sharing this.,Neutral,-0.079,Neutral,Digital Burnout,YouTube
COM-02372,POST-0984,2025-07-01,Interesting perspective.,Neutral,0.016,Neutral,Career Anxiety,YouTube
COM-02373,POST-0352,2025-10-09,Good information.,Neutral,0.095,Neutral,Dating,YouTube
COM-02374,POST-0686,2025-10-30,Thanks for sharing this.,Neutral,-0.093,Neutral,Academic Pressure,YouTube
COM-02375,POST-0766,2025-04-01,Why does this describe me so perfectly?,Positive,0.5,Relatable,Career Anxiety,Instagram
COM-02376,POST-0586,2025-01-30,This is exactly what student life feels like.,Positive,0.226,Relatable,Academic Pressure,Instagram
COM-02377,POST-0635,2025-06-22,Finally someone said this out loud.,Negative,-0.544,Relatable,Productivity,Instagram
COM-02378,POST-1106,2025-11-21,Good information.,Neutral,0.079,Neutral,Productivity,Instagram
COM-02379,POST-0779,2025-07-10,I have been struggling with this too.,Neutral,0.03,Relatable,Academic Pressure,Instagram
COM-02380,POST-0040,2025-02-07,Finally someone said this out loud.,Positive,0.329,Relatable,Dating,Instagram
COM-02381,POST-0699,2025-01-24,I thought I was the only one dealing with this.,Positive,0.298,Relatable,Career Anxiety,Instagram
COM-02382,POST-1152,2025-07-11,I thought I was the only one dealing with this.,Neutral,-0.033,Relatable,Social Anxiety,YouTube
COM-02383,POST-0819,2025-12-26,I thought I was the only one dealing with this.,Negative,-0.816,Relatable,Social Anxiety,Instagram
COM-02384,POST-0634,2025-05-26,This made me feel understood.,Positive,0.429,Relatable,Friendship,Instagram
COM-02385,POST-0253,2025-08-14,I thought I was the only one dealing with this.,Positive,0.975,Relatable,Friendship,Instagram
COM-02386,POST-0096,2025-04-21,Thanks for sharing this.,Neutral,-0.07,Neutral,Academic Pressure,Instagram
COM-02387,POST-0246,2025-11-06,This is exactly what student life feels like.,Positive,0.788,Relatable,Friendship,Instagram
COM-02388,POST-0231,2025-02-27,I thought I was the only one dealing with this.,Positive,0.724,Relatable,Dating,Instagram
COM-02389,POST-0955,2025-11-26,Good information.,Neutral,0.031,Neutral,Student Life,Instagram
COM-02390,POST-0129,2025-11-08,I thought I was the only one dealing with this.,Neutral,0.037,Relatable,Productivity,Instagram
COM-02391,POST-0621,2025-03-04,Interesting perspective.,Positive,0.955,Neutral,Academic Pressure,Instagram
COM-02392,POST-0433,2025-09-27,I have been struggling with this too.,Positive,0.718,Relatable,Friendship,YouTube
COM-02393,POST-0909,2025-05-07,I have been struggling with this too.,Positive,0.524,Relatable,Productivity,Instagram
COM-02394,POST-0743,2025-05-23,Good information.,Neutral,0.058,Neutral,Dating,Instagram
COM-02395,POST-0736,2025-03-27,Interesting perspective.,Neutral,0.002,Neutral,Digital Burnout,Instagram
COM-02396,POST-0546,2025-09-21,Why does this describe me so perfectly?,Positive,0.277,Relatable,Digital Burnout,Instagram
COM-02397,POST-0904,2025-08-12,This made me feel understood.,Positive,0.213,Relatable,Friendship,YouTube
COM-02398,POST-1146,2025-04-17,Good information.,Neutral,0.048,Neutral,Student Life,Instagram
COM-02399,POST-1026,2025-06-18,I will check this out.,Neutral,-0.058,Neutral,Productivity,Instagram
COM-02400,POST-1073,2025-05-27,I thought I was the only one dealing with this.,Negative,-0.371,Relatable,Dating,Instagram
COM-02401,POST-1135,2025-10-23,Good information.,Neutral,-0.098,Neutral,Academic Pressure,Instagram
COM-02402,POST-0141,2025-02-04,Good information.,Neutral,-0.093,Neutral,Dating,YouTube
COM-02403,POST-0862,2025-03-03,I will check this out.,Neutral,-0.086,Neutral,Digital Burnout,YouTube
COM-02404,POST-0107,2025-12-11,That is an interesting point.,Neutral,0.054,Neutral,Career Anxiety,YouTube
COM-02405,POST-1074,2025-12-03,I thought I was the only one dealing with this.,Neutral,0.042,Relatable,Student Life,Instagram
COM-02406,POST-0804,2025-02-17,This made me feel understood.,Positive,0.605,Relatable,Dating,YouTube
COM-02407,POST-0731,2025-09-14,I will check this out.,Positive,0.395,Neutral,Digital Burnout,Instagram
COM-02408,POST-0680,2025-06-02,Finally someone said this out loud.,Neutral,-0.053,Relatable,Student Life,Instagram
COM-02409,POST-0133,2025-04-11,Good information.,Positive,0.416,Neutral,Career Anxiety,Instagram
COM-02410,POST-1102,2025-09-02,I thought I was the only one dealing with this.,Positive,0.173,Relatable,Digital Burnout,Instagram
COM-02411,POST-0344,2025-07-27,Finally someone said this out loud.,Neutral,-0.043,Relatable,Productivity,Instagram
COM-02412,POST-0312,2025-08-07,I will check this out.,Positive,0.37,Neutral,Social Anxiety,Instagram
COM-02413,POST-0185,2025-04-13,Finally someone said this out loud.,Positive,0.21,Relatable,Academic Pressure,Instagram
COM-02414,POST-0111,2025-04-14,Good information.,Neutral,-0.04,Neutral,Academic Pressure,Instagram
COM-02415,POST-0282,2025-09-29,Interesting perspective.,Neutral,0.043,Neutral,Social Anxiety,YouTube
COM-02416,POST-1020,2025-08-30,I thought I was the only one dealing with this.,Positive,0.16,Relatable,Academic Pressure,YouTube
COM-02417,POST-1122,2025-11-13,Interesting perspective.,Positive,0.833,Neutral,Career Anxiety,Instagram
COM-02418,POST-0936,2025-10-03,This made me feel understood.,Negative,-0.922,Relatable,Social Anxiety,Instagram
COM-02419,POST-0087,2025-03-11,This is exactly what student life feels like.,Positive,0.652,Relatable,Dating,YouTube
COM-02420,POST-0106,2025-03-27,I have been struggling with this too.,Positive,0.703,Relatable,Friendship,YouTube
COM-02421,POST-0713,2025-04-06,Why does this describe me so perfectly?,Positive,0.632,Relatable,Career Anxiety,Instagram
COM-02422,POST-0377,2025-04-24,I thought I was the only one dealing with this.,Positive,0.474,Relatable,Productivity,Instagram
COM-02423,POST-1174,2025-12-26,Why does this describe me so perfectly?,Neutral,0.036,Relatable,Student Life,Instagram
COM-02424,POST-0800,2025-07-07,I have been struggling with this too.,Positive,0.938,Relatable,Friendship,Instagram
COM-02425,POST-1186,2025-09-24,This is exactly what student life feels like.,Negative,-0.286,Relatable,Digital Burnout,Instagram
COM-02426,POST-0055,2025-02-17,I thought I was the only one dealing with this.,Positive,0.275,Relatable,Friendship,Instagram
COM-02427,POST-0182,2025-03-13,Thanks for sharing this.,Negative,-0.99,Neutral,Digital Burnout,YouTube
COM-02428,POST-0706,2025-01-05,I thought I was the only one dealing with this.,Positive,0.305,Relatable,Career Anxiety,YouTube
COM-02429,POST-0943,2025-11-24,This made me feel understood.,Neutral,-0.025,Relatable,Dating,Instagram
COM-02430,POST-0394,2025-03-19,Interesting perspective.,Neutral,0.005,Neutral,Social Anxiety,Instagram
COM-02431,POST-0157,2025-07-18,This made me feel understood.,Positive,0.221,Relatable,Social Anxiety,Instagram
COM-02432,POST-0632,2025-05-01,I have been struggling with this too.,Neutral,0.049,Relatable,Career Anxiety,YouTube
COM-02433,POST-0855,2025-07-05,Interesting perspective.,Neutral,0.093,Neutral,Dating,YouTube
COM-02434,POST-1003,2025-07-15,That is an interesting point.,Neutral,0.017,Neutral,Dating,Instagram
COM-02435,POST-0336,2025-02-10,Good information.,Neutral,0.099,Neutral,Productivity,YouTube
COM-02436,POST-0640,2025-04-24,This made me feel understood.,Positive,0.654,Relatable,Dating,Instagram
COM-02437,POST-0638,2025-01-08,I thought I was the only one dealing with this.,Neutral,0.001,Relatable,Digital Burnout,Instagram
COM-02438,POST-0980,2025-10-25,That is an interesting point.,Neutral,0.097,Neutral,Friendship,Instagram
COM-02439,POST-0096,2025-04-21,I will check this out.,Neutral,0.036,Neutral,Academic Pressure,Instagram
COM-02440,POST-0382,2025-11-26,I will check this out.,Neutral,-0.057,Neutral,Academic Pressure,Instagram
COM-02441,POST-0201,2025-03-10,This is exactly what student life feels like.,Neutral,-0.066,Relatable,Student Life,Instagram
COM-02442,POST-0512,2025-08-22,Thanks for sharing this.,Positive,0.478,Neutral,Social Anxiety,Instagram
COM-02443,POST-0849,2025-11-05,Why does this describe me so perfectly?,Positive,0.163,Relatable,Social Anxiety,Instagram
COM-02444,POST-0160,2025-06-09,Why does this describe me so perfectly?,Negative,-0.815,Relatable,Social Anxiety,YouTube
COM-02445,POST-0202,2025-04-11,Finally someone said this out loud.,Positive,0.404,Relatable,Academic Pressure,Instagram
COM-02446,POST-0162,2025-11-01,This made me feel understood.,Neutral,-0.006,Relatable,Dating,Instagram
COM-02447,POST-0901,2025-07-16,This made me feel understood.,Positive,0.487,Relatable,Career Anxiety,YouTube
COM-02448,POST-0210,2025-07-16,I have been struggling with this too.,Negative,-0.31,Relatable,Career Anxiety,Instagram
COM-02449,POST-0602,2025-01-07,This made me feel understood.,Positive,0.54,Relatable,Student Life,Instagram
COM-02450,POST-0730,2025-11-20,Why does this describe me so perfectly?,Positive,0.371,Relatable,Productivity,YouTube
COM-02451,POST-1185,2025-06-10,I thought I was the only one dealing with this.,Neutral,0.08,Relatable,Career Anxiety,YouTube
COM-02452,POST-0281,2025-12-25,I will check this out.,Positive,0.744,Neutral,Career Anxiety,Instagram
COM-02453,POST-1115,2025-01-06,Interesting perspective.,Neutral,0.098,Neutral,Academic Pressure,Instagram
COM-02454,POST-0624,2025-02-03,This is exactly what student life feels like.,Neutral,-0.018,Relatable,Social Anxiety,Instagram
COM-02455,POST-0125,2025-06-16,Finally someone said this out loud.,Positive,0.724,Relatable,Student Life,Instagram
COM-02456,POST-0654,2025-12-23,This made me feel understood.,Neutral,-0.031,Relatable,Dating,YouTube
COM-02457,POST-0380,2025-01-09,I have been struggling with this too.,Negative,-0.196,Relatable,Career Anxiety,Instagram
COM-02458,POST-0652,2025-12-07,I thought I was the only one dealing with this.,Positive,0.988,Relatable,Productivity,YouTube
COM-02459,POST-1125,2025-04-12,Nice post.,Positive,0.35,Neutral,Productivity,Instagram
COM-02460,POST-0729,2025-07-31,I have been struggling with this too.,Neutral,-0.057,Relatable,Student Life,YouTube
COM-02461,POST-0087,2025-03-11,Finally someone said this out loud.,Positive,0.505,Relatable,Dating,YouTube
COM-02462,POST-0502,2025-02-28,Good information.,Neutral,0.064,Neutral,Friendship,Instagram
COM-02463,POST-0618,2025-09-26,Nice post.,Negative,-0.618,Neutral,Dating,Instagram
COM-02464,POST-0203,2025-06-24,Thanks for sharing this.,Negative,-0.89,Neutral,Academic Pressure,Instagram
COM-02465,POST-0307,2025-01-03,This is exactly what student life feels like.,Positive,0.759,Relatable,Dating,YouTube
COM-02466,POST-0471,2025-07-21,I will check this out.,Positive,0.433,Neutral,Social Anxiety,YouTube
COM-02467,POST-0362,2025-02-27,Why does this describe me so perfectly?,Negative,-0.19,Relatable,Career Anxiety,Instagram
COM-02468,POST-1059,2025-03-06,This made me feel understood.,Neutral,0.065,Relatable,Career Anxiety,Instagram
COM-02469,POST-0617,2025-01-06,Good information.,Neutral,0.041,Neutral,Student Life,Instagram
COM-02470,POST-1122,2025-11-13,I have been struggling with this too.,Positive,0.978,Relatable,Career Anxiety,Instagram
COM-02471,POST-0493,2025-12-12,I have been struggling with this too.,Positive,0.318,Relatable,Student Life,Instagram
COM-02472,POST-1143,2025-07-11,I thought I was the only one dealing with this.,Positive,0.912,Relatable,Academic Pressure,Instagram
COM-02473,POST-0150,2025-04-28,This made me feel understood.,Neutral,0.073,Relatable,Student Life,Instagram
COM-02474,POST-0010,2025-07-18,That is an interesting point.,Neutral,0.042,Neutral,Digital Burnout,YouTube
COM-02475,POST-0961,2025-08-10,I thought I was the only one dealing with this.,Positive,0.936,Relatable,Social Anxiety,YouTube
COM-02476,POST-1111,2025-05-20,This made me feel understood.,Neutral,-0.05,Relatable,Career Anxiety,Instagram
COM-02477,POST-0576,2025-01-31,Nice post.,Negative,-0.804,Neutral,Productivity,YouTube
COM-02478,POST-0053,2025-05-06,Good information.,Neutral,-0.004,Neutral,Student Life,YouTube
COM-02479,POST-0363,2025-10-19,Thanks for sharing this.,Neutral,0.04,Neutral,Digital Burnout,Instagram
COM-02480,POST-1159,2025-01-26,Nice post.,Neutral,0.056,Neutral,Dating,Instagram
COM-02481,POST-0374,2025-08-30,I thought I was the only one dealing with this.,Positive,0.373,Relatable,Student Life,Instagram
COM-02482,POST-0975,2025-12-07,Interesting perspective.,Neutral,0.069,Neutral,Dating,Instagram
COM-02483,POST-0708,2025-01-21,I have been struggling with this too.,Positive,0.586,Relatable,Friendship,Instagram
COM-02484,POST-0422,2025-02-01,I thought I was the only one dealing with this.,Positive,0.239,Relatable,Academic Pressure,Instagram
COM-02485,POST-0076,2025-06-21,I will check this out.,Negative,-0.773,Neutral,Student Life,YouTube
COM-02486,POST-0885,2025-12-09,Thanks for sharing this.,Negative,-0.995,Neutral,Academic Pressure,Instagram
COM-02487,POST-1040,2025-03-23,I thought I was the only one dealing with this.,Positive,0.557,Relatable,Dating,Instagram
COM-02488,POST-0931,2025-09-01,Finally someone said this out loud.,Positive,0.683,Relatable,Productivity,Instagram
COM-02489,POST-0128,2025-07-13,This is exactly what student life feels like.,Positive,0.59,Relatable,Academic Pressure,Instagram
COM-02490,POST-1000,2025-04-09,This is exactly what student life feels like.,Neutral,0.073,Relatable,Student Life,Instagram
COM-02491,POST-1084,2025-01-21,I thought I was the only one dealing with this.,Positive,0.227,Relatable,Productivity,Instagram
COM-02492,POST-1186,2025-09-24,I thought I was the only one dealing with this.,Neutral,-0.015,Relatable,Digital Burnout,Instagram
COM-02493,POST-0242,2025-03-27,I thought I was the only one dealing with this.,Negative,-0.195,Relatable,Friendship,Instagram
COM-02494,POST-0179,2025-12-20,Why does this describe me so perfectly?,Negative,-0.981,Relatable,Student Life,Instagram
COM-02495,POST-0502,2025-02-28,Thanks for sharing this.,Positive,0.892,Neutral,Friendship,Instagram
COM-02496,POST-0072,2025-02-23,That is an interesting point.,Neutral,0.017,Neutral,Social Anxiety,Instagram
COM-02497,POST-0504,2025-03-15,Interesting perspective.,Negative,-0.193,Neutral,Student Life,YouTube
COM-02498,POST-0307,2025-01-03,I have been struggling with this too.,Positive,0.578,Relatable,Dating,YouTube
COM-02499,POST-0775,2025-03-13,Good information.,Neutral,0.068,Neutral,Productivity,YouTube
COM-02500,POST-1158,2025-02-21,Finally someone said this out loud.,Neutral,-0.009,Relatable,Career Anxiety,YouTube
COM-02501,POST-0295,2025-07-26,Finally someone said this out loud.,Positive,0.996,Relatable,Digital Burnout,YouTube
COM-02502,POST-0440,2025-11-28,This made me feel understood.,Positive,0.829,Relatable,Academic Pressure,Instagram
COM-02503,POST-0984,2025-07-01,This is exactly what student life feels like.,Positive,0.398,Relatable,Career Anxiety,YouTube
COM-02504,POST-0090,2025-03-24,I will check this out.,Neutral,-0.043,Neutral,Career Anxiety,Instagram
COM-02505,POST-0552,2025-04-17,Thanks for sharing this.,Neutral,-0.036,Neutral,Friendship,YouTube
COM-02506,POST-0692,2025-04-15,This made me feel understood.,Positive,0.258,Relatable,Social Anxiety,Instagram
COM-02507,POST-0374,2025-08-30,I will check this out.,Neutral,0.048,Neutral,Student Life,Instagram
COM-02508,POST-0024,2025-12-13,I thought I was the only one dealing with this.,Positive,0.968,Relatable,Dating,Instagram
COM-02509,POST-0851,2025-07-28,I thought I was the only one dealing with this.,Positive,0.318,Relatable,Friendship,Instagram
COM-02510,POST-0320,2025-03-04,This made me feel understood.,Neutral,-0.039,Relatable,Career Anxiety,Instagram
COM-02511,POST-0088,2025-05-22,I thought I was the only one dealing with this.,Positive,0.156,Relatable,Academic Pressure,Instagram
COM-02512,POST-0163,2025-11-18,This is exactly what student life feels like.,Positive,0.545,Relatable,Career Anxiety,YouTube
COM-02513,POST-0420,2025-08-01,This is exactly what student life feels like.,Neutral,0.082,Relatable,Career Anxiety,YouTube
COM-02514,POST-1070,2025-03-07,Thanks for sharing this.,Positive,0.171,Neutral,Student Life,Instagram
COM-02515,POST-0046,2025-02-10,Good information.,Positive,0.779,Neutral,Digital Burnout,Instagram
COM-02516,POST-0906,2025-01-22,Why does this describe me so perfectly?,Negative,-0.728,Relatable,Student Life,YouTube
COM-02517,POST-0954,2025-03-25,I thought I was the only one dealing with this.,Positive,0.261,Relatable,Digital Burnout,YouTube
COM-02518,POST-0798,2025-03-03,I thought I was the only one dealing with this.,Positive,0.7,Relatable,Career Anxiety,Instagram
COM-02519,POST-0206,2025-10-10,Why does this describe me so perfectly?,Positive,0.567,Relatable,Career Anxiety,Instagram
COM-02520,POST-0552,2025-04-17,Good information.,Neutral,-0.088,Neutral,Friendship,YouTube
COM-02521,POST-0566,2025-04-03,Finally someone said this out loud.,Positive,0.663,Relatable,Student Life,Instagram
COM-02522,POST-0702,2025-02-13,I thought I was the only one dealing with this.,Negative,-0.784,Relatable,Productivity,Instagram
COM-02523,POST-0920,2025-06-23,Thanks for sharing this.,Neutral,-0.044,Neutral,Dating,Instagram
COM-02524,POST-0096,2025-04-21,Why does this describe me so perfectly?,Neutral,0.073,Relatable,Academic Pressure,Instagram
COM-02525,POST-0719,2025-10-24,That is an interesting point.,Positive,0.416,Neutral,Student Life,YouTube
COM-02526,POST-0048,2025-11-07,I thought I was the only one dealing with this.,Neutral,0.066,Relatable,Career Anxiety,Instagram
COM-02527,POST-0679,2025-11-15,Good information.,Positive,0.591,Neutral,Academic Pressure,Instagram
COM-02528,POST-0023,2025-09-24,I have been struggling with this too.,Positive,0.727,Relatable,Social Anxiety,Instagram
COM-02529,POST-0259,2025-01-23,Finally someone said this out loud.,Positive,0.352,Relatable,Social Anxiety,Instagram
COM-02530,POST-0188,2025-10-29,This is exactly what student life feels like.,Positive,0.551,Relatable,Social Anxiety,Instagram
COM-02531,POST-1039,2025-12-18,I will check this out.,Neutral,0.081,Neutral,Friendship,YouTube
COM-02532,POST-0031,2025-03-13,I have been struggling with this too.,Neutral,-0.009,Relatable,Academic Pressure,Instagram
COM-02533,POST-0593,2025-03-28,This made me feel understood.,Negative,-0.73,Relatable,Student Life,Instagram
COM-02534,POST-0699,2025-01-24,Finally someone said this out loud.,Positive,0.335,Relatable,Career Anxiety,Instagram
COM-02535,POST-0207,2025-04-25,Nice post.,Positive,0.595,Neutral,Dating,Instagram
COM-02536,POST-0942,2025-04-13,Good information.,Neutral,0.003,Neutral,Friendship,Instagram
COM-02537,POST-0610,2025-09-13,Good information.,Negative,-0.42,Neutral,Digital Burnout,Instagram
COM-02538,POST-0697,2025-03-13,Why does this describe me so perfectly?,Neutral,0.072,Relatable,Digital Burnout,Instagram
COM-02539,POST-1157,2025-04-21,Good information.,Neutral,-0.07,Neutral,Social Anxiety,Instagram
COM-02540,POST-0836,2025-09-11,Thanks for sharing this.,Negative,-0.605,Neutral,Friendship,Instagram
COM-02541,POST-0063,2025-02-03,I will check this out.,Positive,0.597,Neutral,Productivity,Instagram
COM-02542,POST-0877,2025-09-12,Nice post.,Neutral,0.057,Neutral,Dating,Instagram
COM-02543,POST-0415,2025-01-07,Why does this describe me so perfectly?,Positive,0.694,Relatable,Student Life,Instagram
COM-02544,POST-0652,2025-12-07,This made me feel understood.,Positive,0.732,Relatable,Productivity,YouTube
COM-02545,POST-0325,2025-12-16,Interesting perspective.,Neutral,-0.056,Neutral,Digital Burnout,YouTube
COM-02546,POST-0027,2025-10-20,This is exactly what student life feels like.,Positive,0.232,Relatable,Digital Burnout,Instagram
COM-02547,POST-0978,2025-08-19,I thought I was the only one dealing with this.,Negative,-0.755,Relatable,Academic Pressure,YouTube
COM-02548,POST-0726,2025-03-20,Interesting perspective.,Positive,0.849,Neutral,Digital Burnout,YouTube
COM-02549,POST-0370,2025-02-27,Nice post.,Neutral,-0.057,Neutral,Digital Burnout,Instagram
COM-02550,POST-0124,2025-02-25,I thought I was the only one dealing with this.,Neutral,0.073,Relatable,Academic Pressure,Instagram
COM-02551,POST-0006,2025-09-21,I thought I was the only one dealing with this.,Positive,0.182,Relatable,Productivity,Instagram
COM-02552,POST-0151,2025-08-02,I thought I was the only one dealing with this.,Positive,0.167,Relatable,Dating,Instagram
COM-02553,POST-1196,2025-06-23,Why does this describe me so perfectly?,Negative,-0.666,Relatable,Student Life,Instagram
COM-02554,POST-0873,2025-11-10,I have been struggling with this too.,Positive,0.733,Relatable,Digital Burnout,YouTube
COM-02555,POST-0081,2025-12-12,Nice post.,Neutral,0.04,Neutral,Digital Burnout,Instagram
COM-02556,POST-0520,2025-12-02,Interesting perspective.,Negative,-0.444,Neutral,Student Life,Instagram
COM-02557,POST-0307,2025-01-03,Why does this describe me so perfectly?,Positive,0.766,Relatable,Dating,YouTube
COM-02558,POST-0425,2025-12-27,Why does this describe me so perfectly?,Positive,0.556,Relatable,Digital Burnout,YouTube
COM-02559,POST-0579,2025-06-24,Interesting perspective.,Neutral,-0.014,Neutral,Dating,YouTube
COM-02560,POST-0813,2025-02-10,This is exactly what student life feels like.,Positive,0.821,Relatable,Career Anxiety,Instagram
COM-02561,POST-0054,2025-02-06,I thought I was the only one dealing with this.,Neutral,-0.087,Relatable,Career Anxiety,YouTube
COM-02562,POST-0522,2025-01-02,Why does this describe me so perfectly?,Neutral,0.072,Relatable,Student Life,YouTube
COM-02563,POST-0562,2025-01-20,Why does this describe me so perfectly?,Positive,0.817,Relatable,Dating,YouTube
COM-02564,POST-0181,2025-03-31,Thanks for sharing this.,Negative,-0.535,Neutral,Digital Burnout,Instagram
COM-02565,POST-0659,2025-06-10,I have been struggling with this too.,Neutral,0.089,Relatable,Career Anxiety,Instagram
COM-02566,POST-0204,2025-09-27,I have been struggling with this too.,Positive,0.689,Relatable,Friendship,Instagram
COM-02567,POST-0766,2025-04-01,Why does this describe me so perfectly?,Positive,0.555,Relatable,Career Anxiety,Instagram
COM-02568,POST-0201,2025-03-10,I thought I was the only one dealing with this.,Positive,0.97,Relatable,Student Life,Instagram
COM-02569,POST-0540,2025-09-23,This made me feel understood.,Negative,-0.833,Relatable,Student Life,Instagram
COM-02570,POST-0809,2025-11-07,That is an interesting point.,Neutral,0.009,Neutral,Social Anxiety,Instagram
COM-02571,POST-1133,2025-04-23,Why does this describe me so perfectly?,Positive,0.633,Relatable,Productivity,YouTube
COM-02572,POST-0132,2025-06-08,Finally someone said this out loud.,Negative,-0.889,Relatable,Digital Burnout,YouTube
COM-02573,POST-0524,2025-04-01,Good information.,Neutral,-0.093,Neutral,Friendship,YouTube
COM-02574,POST-0586,2025-01-30,Good information.,Neutral,-0.045,Neutral,Academic Pressure,Instagram
COM-02575,POST-0938,2025-09-24,I thought I was the only one dealing with this.,Positive,0.802,Relatable,Digital Burnout,YouTube
COM-02576,POST-0856,2025-08-06,Finally someone said this out loud.,Neutral,-0.086,Relatable,Digital Burnout,YouTube
COM-02577,POST-1132,2025-12-30,Interesting perspective.,Neutral,0.015,Neutral,Student Life,Instagram
COM-02578,POST-0073,2025-10-02,Nice post.,Neutral,0.005,Neutral,Career Anxiety,Instagram
COM-02579,POST-0370,2025-02-27,Interesting perspective.,Negative,-0.919,Neutral,Digital Burnout,Instagram
COM-02580,POST-0843,2025-10-14,Interesting perspective.,Neutral,0.081,Neutral,Academic Pressure,YouTube
COM-02581,POST-0394,2025-03-19,Good information.,Neutral,-0.011,Neutral,Social Anxiety,Instagram
COM-02582,POST-0996,2025-12-26,Finally someone said this out loud.,Positive,0.965,Relatable,Career Anxiety,Instagram
COM-02583,POST-0551,2025-04-10,Finally someone said this out loud.,Positive,0.214,Relatable,Career Anxiety,Instagram
COM-02584,POST-0258,2025-09-22,I thought I was the only one dealing with this.,Neutral,-0.004,Relatable,Digital Burnout,Instagram
COM-02585,POST-1106,2025-11-21,This made me feel understood.,Positive,0.961,Relatable,Productivity,Instagram
COM-02586,POST-0735,2025-02-09,This made me feel understood.,Positive,0.575,Relatable,Productivity,Instagram
COM-02587,POST-0811,2025-05-31,I have been struggling with this too.,Neutral,-0.051,Relatable,Digital Burnout,Instagram
COM-02588,POST-0840,2025-07-16,I thought I was the only one dealing with this.,Neutral,0.027,Relatable,Student Life,Instagram
COM-02589,POST-0810,2025-01-28,Interesting perspective.,Neutral,0.036,Neutral,Social Anxiety,Instagram
COM-02590,POST-0730,2025-11-20,I thought I was the only one dealing with this.,Positive,0.785,Relatable,Productivity,YouTube
COM-02591,POST-0830,2025-02-07,I will check this out.,Neutral,0.068,Neutral,Student Life,Instagram
COM-02592,POST-0947,2025-08-31,I will check this out.,Positive,0.379,Neutral,Social Anxiety,YouTube
COM-02593,POST-0681,2025-11-19,Nice post.,Neutral,-0.084,Neutral,Academic Pressure,YouTube
COM-02594,POST-0085,2025-10-23,Interesting perspective.,Positive,0.214,Neutral,Productivity,Instagram
COM-02595,POST-0650,2025-01-21,Good information.,Neutral,-0.05,Neutral,Productivity,YouTube
COM-02596,POST-0715,2025-06-27,Why does this describe me so perfectly?,Positive,0.832,Relatable,Friendship,Instagram
COM-02597,POST-0851,2025-07-28,This is exactly what student life feels like.,Positive,0.427,Relatable,Friendship,Instagram
COM-02598,POST-0467,2025-11-21,That is an interesting point.,Neutral,0.08,Neutral,Friendship,Instagram
COM-02599,POST-0059,2025-05-02,Good information.,Positive,0.733,Neutral,Social Anxiety,Instagram
COM-02600,POST-0248,2025-11-27,Why does this describe me so perfectly?,Negative,-0.402,Relatable,Student Life,Instagram
COM-02601,POST-0341,2025-12-21,Why does this describe me so perfectly?,Neutral,-0.056,Relatable,Social Anxiety,Instagram
COM-02602,POST-0505,2025-06-01,I have been struggling with this too.,Neutral,0.059,Relatable,Academic Pressure,Instagram
COM-02603,POST-0602,2025-01-07,I thought I was the only one dealing with this.,Positive,0.56,Relatable,Student Life,Instagram
COM-02604,POST-0260,2025-02-25,This made me feel understood.,Positive,0.784,Relatable,Student Life,Instagram
COM-02605,POST-0696,2025-01-17,Thanks for sharing this.,Neutral,0.084,Neutral,Friendship,Instagram
COM-02606,POST-0129,2025-11-08,I have been struggling with this too.,Positive,0.406,Relatable,Productivity,Instagram
COM-02607,POST-0462,2025-09-19,This is exactly what student life feels like.,Positive,0.869,Relatable,Academic Pressure,Instagram
COM-02608,POST-0380,2025-01-09,That is an interesting point.,Neutral,0.072,Neutral,Career Anxiety,Instagram
COM-02609,POST-0821,2025-07-30,I thought I was the only one dealing with this.,Positive,0.177,Relatable,Dating,Instagram
COM-02610,POST-0401,2025-01-17,Nice post.,Neutral,-0.039,Neutral,Dating,Instagram
COM-02611,POST-0891,2025-01-04,Finally someone said this out loud.,Positive,0.152,Relatable,Career Anxiety,YouTube
COM-02612,POST-1042,2025-12-24,Finally someone said this out loud.,Positive,0.812,Relatable,Digital Burnout,Instagram
COM-02613,POST-0888,2025-10-10,Finally someone said this out loud.,Positive,0.958,Relatable,Career Anxiety,Instagram
COM-02614,POST-0923,2025-08-24,This is exactly what student life feels like.,Positive,0.856,Relatable,Career Anxiety,Instagram
COM-02615,POST-0591,2025-04-16,Finally someone said this out loud.,Positive,0.281,Relatable,Friendship,Instagram
COM-02616,POST-0606,2025-02-25,Interesting perspective.,Positive,0.779,Neutral,Digital Burnout,Instagram
COM-02617,POST-0715,2025-06-27,This made me feel understood.,Positive,0.654,Relatable,Friendship,Instagram
COM-02618,POST-0069,2025-12-09,Why does this describe me so perfectly?,Positive,0.9,Relatable,Student Life,Instagram
COM-02619,POST-1175,2025-10-28,Nice post.,Positive,0.653,Neutral,Digital Burnout,YouTube
COM-02620,POST-1073,2025-05-27,Interesting perspective.,Neutral,0.016,Neutral,Dating,Instagram
COM-02621,POST-0351,2025-08-15,I thought I was the only one dealing with this.,Positive,0.639,Relatable,Career Anxiety,Instagram
COM-02622,POST-1108,2025-12-28,I will check this out.,Neutral,-0.079,Neutral,Academic Pressure,Instagram
COM-02623,POST-0746,2025-12-12,This is exactly what student life feels like.,Neutral,0.082,Relatable,Career Anxiety,YouTube
COM-02624,POST-0114,2025-08-23,Finally someone said this out loud.,Neutral,0.087,Relatable,Social Anxiety,Instagram
COM-02625,POST-0559,2025-03-23,This made me feel understood.,Positive,0.543,Relatable,Career Anxiety,Instagram
COM-02626,POST-1196,2025-06-23,I thought I was the only one dealing with this.,Positive,0.82,Relatable,Student Life,Instagram
COM-02627,POST-1158,2025-02-21,This is exactly what student life feels like.,Positive,0.315,Relatable,Career Anxiety,YouTube
COM-02628,POST-0745,2025-08-31,Finally someone said this out loud.,Positive,0.936,Relatable,Career Anxiety,Instagram
COM-02629,POST-0899,2025-06-08,I thought I was the only one dealing with this.,Neutral,-0.062,Relatable,Academic Pressure,YouTube
COM-02630,POST-0516,2025-07-19,Thanks for sharing this.,Positive,0.989,Neutral,Student Life,Instagram
COM-02631,POST-0894,2025-09-12,This made me feel understood.,Positive,0.241,Relatable,Friendship,Instagram
COM-02632,POST-1012,2025-05-11,Nice post.,Neutral,0.079,Neutral,Productivity,YouTube
COM-02633,POST-0693,2025-04-22,I thought I was the only one dealing with this.,Positive,0.375,Relatable,Digital Burnout,Instagram
COM-02634,POST-0778,2025-02-11,Why does this describe me so perfectly?,Positive,0.916,Relatable,Academic Pressure,Instagram
COM-02635,POST-0805,2025-05-05,I have been struggling with this too.,Positive,0.642,Relatable,Digital Burnout,YouTube
COM-02636,POST-0524,2025-04-01,Good information.,Neutral,-0.053,Neutral,Friendship,YouTube
COM-02637,POST-0793,2025-07-05,This made me feel understood.,Positive,0.587,Relatable,Student Life,Instagram
COM-02638,POST-0704,2025-03-23,I thought I was the only one dealing with this.,Positive,0.308,Relatable,Dating,Instagram
COM-02639,POST-0038,2025-06-02,Finally someone said this out loud.,Positive,0.418,Relatable,Career Anxiety,Instagram
COM-02640,POST-1133,2025-04-23,This is exactly what student life feels like.,Neutral,0.085,Relatable,Productivity,YouTube
COM-02641,POST-0319,2025-09-03,Finally someone said this out loud.,Positive,0.539,Relatable,Career Anxiety,YouTube
COM-02642,POST-0936,2025-10-03,This made me feel understood.,Negative,-0.21,Relatable,Social Anxiety,Instagram
COM-02643,POST-0829,2025-04-23,I will check this out.,Neutral,0.034,Neutral,Student Life,YouTube
COM-02644,POST-0675,2025-06-09,I thought I was the only one dealing with this.,Positive,0.399,Relatable,Digital Burnout,Instagram
COM-02645,POST-1112,2025-04-12,This made me feel understood.,Positive,0.182,Relatable,Productivity,Instagram
COM-02646,POST-0136,2025-08-03,I have been struggling with this too.,Positive,0.931,Relatable,Productivity,Instagram
COM-02647,POST-0952,2025-12-31,This is exactly what student life feels like.,Neutral,0.02,Relatable,Academic Pressure,Instagram
COM-02648,POST-0397,2025-09-22,That is an interesting point.,Neutral,0.086,Neutral,Productivity,Instagram
COM-02649,POST-0876,2025-12-24,I have been struggling with this too.,Positive,0.863,Relatable,Academic Pressure,Instagram
COM-02650,POST-1064,2025-05-07,Nice post.,Neutral,-0.042,Neutral,Productivity,Instagram
COM-02651,POST-1101,2025-08-25,Why does this describe me so perfectly?,Positive,0.83,Relatable,Productivity,YouTube
COM-02652,POST-0404,2025-01-12,Interesting perspective.,Positive,0.327,Neutral,Career Anxiety,YouTube
COM-02653,POST-0644,2025-01-19,I thought I was the only one dealing with this.,Neutral,-0.088,Relatable,Productivity,YouTube
COM-02654,POST-0083,2025-10-24,Why does this describe me so perfectly?,Positive,0.401,Relatable,Digital Burnout,Instagram
COM-02655,POST-0782,2025-02-05,That is an interesting point.,Neutral,0.027,Neutral,Career Anxiety,YouTube
COM-02656,POST-0829,2025-04-23,Good information.,Positive,0.639,Neutral,Student Life,YouTube
COM-02657,POST-0949,2025-10-26,I will check this out.,Positive,0.311,Neutral,Productivity,Instagram
COM-02658,POST-0422,2025-02-01,I have been struggling with this too.,Neutral,-0.061,Relatable,Academic Pressure,Instagram
COM-02659,POST-1013,2025-12-28,Why does this describe me so perfectly?,Positive,0.489,Relatable,Digital Burnout,Instagram
COM-02660,POST-0844,2025-11-26,I have been struggling with this too.,Positive,0.948,Relatable,Social Anxiety,Instagram
COM-02661,POST-0631,2025-10-16,This is exactly what student life feels like.,Negative,-0.419,Relatable,Dating,Instagram
COM-02662,POST-0478,2025-11-15,Finally someone said this out loud.,Neutral,0.036,Relatable,Career Anxiety,Instagram
COM-02663,POST-0668,2025-06-15,That is an interesting point.,Negative,-0.541,Neutral,Career Anxiety,YouTube
COM-02664,POST-0320,2025-03-04,I have been struggling with this too.,Neutral,0.02,Relatable,Career Anxiety,Instagram
COM-02665,POST-0486,2025-02-28,This made me feel understood.,Neutral,0.023,Relatable,Friendship,YouTube
COM-02666,POST-0152,2025-12-17,Nice post.,Neutral,-0.025,Neutral,Productivity,YouTube
COM-02667,POST-1101,2025-08-25,Finally someone said this out loud.,Negative,-0.205,Relatable,Productivity,YouTube
COM-02668,POST-0422,2025-02-01,I will check this out.,Neutral,0.062,Neutral,Academic Pressure,Instagram
COM-02669,POST-0088,2025-05-22,This is exactly what student life feels like.,Neutral,0.067,Relatable,Academic Pressure,Instagram
COM-02670,POST-0902,2025-11-12,That is an interesting point.,Negative,-0.935,Neutral,Academic Pressure,YouTube
COM-02671,POST-0946,2025-09-19,I thought I was the only one dealing with this.,Positive,0.971,Relatable,Student Life,YouTube
COM-02672,POST-0940,2025-06-01,Good information.,Neutral,-0.093,Neutral,Dating,YouTube
COM-02673,POST-0790,2025-03-16,That is an interesting point.,Neutral,-0.01,Neutral,Friendship,Instagram
COM-02674,POST-0396,2025-11-29,Why does this describe me so perfectly?,Neutral,0.04,Relatable,Dating,Instagram
COM-02675,POST-0483,2025-09-28,I have been struggling with this too.,Neutral,-0.008,Relatable,Friendship,Instagram
COM-02676,POST-0590,2025-09-07,Why does this describe me so perfectly?,Positive,0.746,Relatable,Dating,Instagram
COM-02677,POST-0579,2025-06-24,Good information.,Neutral,0.058,Neutral,Dating,YouTube
COM-02678,POST-0451,2025-03-19,I thought I was the only one dealing with this.,Positive,0.989,Relatable,Academic Pressure,Instagram
COM-02679,POST-0683,2025-05-13,Interesting perspective.,Neutral,0.059,Neutral,Dating,Instagram
COM-02680,POST-0926,2025-10-05,That is an interesting point.,Positive,0.9,Neutral,Digital Burnout,YouTube
COM-02681,POST-0164,2025-06-29,This is exactly what student life feels like.,Positive,0.154,Relatable,Student Life,Instagram
COM-02682,POST-1094,2025-05-22,Finally someone said this out loud.,Neutral,-0.001,Relatable,Friendship,YouTube
COM-02683,POST-0621,2025-03-04,That is an interesting point.,Neutral,-0.018,Neutral,Academic Pressure,Instagram
COM-02684,POST-1105,2025-11-12,I will check this out.,Positive,0.227,Neutral,Friendship,Instagram
COM-02685,POST-0153,2025-01-14,I will check this out.,Neutral,-0.063,Neutral,Student Life,Instagram
COM-02686,POST-0147,2025-10-06,Why does this describe me so perfectly?,Neutral,-0.031,Relatable,Social Anxiety,Instagram
COM-02687,POST-0170,2025-10-02,I have been struggling with this too.,Negative,-0.436,Relatable,Academic Pressure,Instagram
COM-02688,POST-0161,2025-04-20,This made me feel understood.,Positive,0.326,Relatable,Career Anxiety,Instagram
COM-02689,POST-0510,2025-05-06,I have been struggling with this too.,Positive,0.729,Relatable,Dating,Instagram
COM-02690,POST-0947,2025-08-31,I have been struggling with this too.,Positive,0.585,Relatable,Social Anxiety,YouTube
COM-02691,POST-0988,2025-05-24,I thought I was the only one dealing with this.,Neutral,0.013,Relatable,Social Anxiety,Instagram
COM-02692,POST-0035,2025-03-30,Why does this describe me so perfectly?,Negative,-0.881,Relatable,Academic Pressure,Instagram
COM-02693,POST-1077,2025-03-17,I thought I was the only one dealing with this.,Neutral,-0.047,Relatable,Career Anxiety,Instagram
COM-02694,POST-0679,2025-11-15,I thought I was the only one dealing with this.,Negative,-0.797,Relatable,Academic Pressure,Instagram
COM-02695,POST-1154,2025-12-30,I thought I was the only one dealing with this.,Positive,0.93,Relatable,Friendship,Instagram
COM-02696,POST-0373,2025-10-17,This made me feel understood.,Neutral,-0.093,Relatable,Student Life,YouTube
COM-02697,POST-1124,2025-08-07,Why does this describe me so perfectly?,Neutral,-0.086,Relatable,Digital Burnout,Instagram
COM-02698,POST-0772,2025-03-13,That is an interesting point.,Neutral,0.022,Neutral,Productivity,Instagram
COM-02699,POST-0717,2025-04-29,I thought I was the only one dealing with this.,Positive,0.771,Relatable,Friendship,YouTube
COM-02700,POST-1156,2025-09-06,I have been struggling with this too.,Neutral,0.069,Relatable,Digital Burnout,Instagram
COM-02701,POST-0008,2025-04-23,Finally someone said this out loud.,Positive,0.604,Relatable,Friendship,YouTube
COM-02702,POST-0216,2025-12-27,This is exactly what student life feels like.,Positive,0.272,Relatable,Productivity,YouTube
COM-02703,POST-0452,2025-05-05,I thought I was the only one dealing with this.,Neutral,-0.082,Relatable,Career Anxiety,Instagram
COM-02704,POST-0438,2025-04-17,Interesting perspective.,Neutral,0.002,Neutral,Friendship,Instagram
COM-02705,POST-0443,2025-11-17,This made me feel understood.,Neutral,0.083,Relatable,Student Life,Instagram
COM-02706,POST-1059,2025-03-06,Nice post.,Neutral,0.031,Neutral,Career Anxiety,Instagram
COM-02707,POST-0122,2025-06-19,Why does this describe me so perfectly?,Neutral,0.051,Relatable,Academic Pressure,Instagram
COM-02708,POST-1189,2025-06-17,Interesting perspective.,Positive,0.575,Neutral,Social Anxiety,YouTube
COM-02709,POST-1084,2025-01-21,Interesting perspective.,Positive,0.441,Neutral,Productivity,Instagram
COM-02710,POST-0800,2025-07-07,Thanks for sharing this.,Neutral,0.036,Neutral,Friendship,Instagram
COM-02711,POST-0931,2025-09-01,Good information.,Neutral,0.005,Neutral,Productivity,Instagram
COM-02712,POST-0966,2025-08-20,I have been struggling with this too.,Positive,0.306,Relatable,Academic Pressure,Instagram
COM-02713,POST-0371,2025-02-15,Why does this describe me so perfectly?,Negative,-0.29,Relatable,Friendship,Instagram
COM-02714,POST-0672,2025-12-08,Finally someone said this out loud.,Neutral,0.089,Relatable,Social Anxiety,YouTube
COM-02715,POST-0283,2025-01-05,I have been struggling with this too.,Negative,-0.281,Relatable,Career Anxiety,Instagram
COM-02716,POST-0137,2025-03-11,Why does this describe me so perfectly?,Positive,0.932,Relatable,Student Life,Instagram
COM-02717,POST-0452,2025-05-05,That is an interesting point.,Neutral,0.034,Neutral,Career Anxiety,Instagram
COM-02718,POST-0031,2025-03-13,Interesting perspective.,Neutral,0.003,Neutral,Academic Pressure,Instagram
COM-02719,POST-0442,2025-12-30,This is exactly what student life feels like.,Positive,0.993,Relatable,Friendship,Instagram
COM-02720,POST-0563,2025-03-18,That is an interesting point.,Positive,0.299,Neutral,Social Anxiety,Instagram
COM-02721,POST-0404,2025-01-12,I thought I was the only one dealing with this.,Negative,-0.834,Relatable,Career Anxiety,YouTube
COM-02722,POST-0822,2025-04-07,Good information.,Neutral,0.048,Neutral,Social Anxiety,Instagram
COM-02723,POST-0532,2025-03-17,Why does this describe me so perfectly?,Negative,-0.653,Relatable,Friendship,Instagram
COM-02724,POST-0621,2025-03-04,Finally someone said this out loud.,Positive,0.874,Relatable,Academic Pressure,Instagram
COM-02725,POST-0991,2025-03-21,Thanks for sharing this.,Positive,0.679,Neutral,Digital Burnout,YouTube
COM-02726,POST-0805,2025-05-05,Good information.,Negative,-0.154,Neutral,Digital Burnout,YouTube
COM-02727,POST-0953,2025-06-14,Why does this describe me so perfectly?,Positive,0.446,Relatable,Student Life,YouTube
COM-02728,POST-0177,2025-02-13,I thought I was the only one dealing with this.,Negative,-0.206,Relatable,Dating,Instagram
COM-02729,POST-0753,2025-01-20,I thought I was the only one dealing with this.,Positive,0.73,Relatable,Friendship,YouTube
COM-02730,POST-1184,2025-10-12,This made me feel understood.,Negative,-0.38,Relatable,Social Anxiety,Instagram
COM-02731,POST-0400,2025-12-11,Nice post.,Positive,0.842,Neutral,Student Life,Instagram
COM-02732,POST-0677,2025-07-30,Finally someone said this out loud.,Negative,-0.72,Relatable,Social Anxiety,Instagram
COM-02733,POST-0032,2025-02-12,This is exactly what student life feels like.,Positive,0.735,Relatable,Career Anxiety,YouTube
COM-02734,POST-1015,2025-02-26,Good information.,Neutral,-0.059,Neutral,Career Anxiety,YouTube
COM-02735,POST-1076,2025-04-02,I thought I was the only one dealing with this.,Positive,0.749,Relatable,Career Anxiety,YouTube
COM-02736,POST-0925,2025-08-19,I have been struggling with this too.,Positive,0.888,Relatable,Dating,Instagram
COM-02737,POST-0002,2025-10-04,This made me feel understood.,Positive,0.565,Relatable,Social Anxiety,Instagram
COM-02738,POST-1152,2025-07-11,Thanks for sharing this.,Neutral,0.073,Neutral,Social Anxiety,YouTube
COM-02739,POST-0849,2025-11-05,Finally someone said this out loud.,Positive,0.213,Relatable,Social Anxiety,Instagram
COM-02740,POST-0214,2025-07-25,I thought I was the only one dealing with this.,Positive,0.36,Relatable,Productivity,YouTube
COM-02741,POST-1162,2025-04-01,I thought I was the only one dealing with this.,Negative,-0.855,Relatable,Dating,Instagram
COM-02742,POST-0406,2025-05-19,Why does this describe me so perfectly?,Positive,0.852,Relatable,Dating,Instagram
COM-02743,POST-1141,2025-01-23,Thanks for sharing this.,Neutral,-0.005,Neutral,Academic Pressure,Instagram
COM-02744,POST-0391,2025-08-22,Why does this describe me so perfectly?,Positive,0.635,Relatable,Productivity,Instagram
COM-02745,POST-0545,2025-01-25,Thanks for sharing this.,Neutral,-0.025,Neutral,Friendship,Instagram
COM-02746,POST-0600,2025-12-08,Why does this describe me so perfectly?,Positive,0.44,Relatable,Career Anxiety,YouTube
COM-02747,POST-0670,2025-01-25,Interesting perspective.,Neutral,-0.063,Neutral,Friendship,Instagram
COM-02748,POST-0420,2025-08-01,I have been struggling with this too.,Neutral,0.087,Relatable,Career Anxiety,YouTube
COM-02749,POST-0315,2025-02-08,Nice post.,Neutral,-0.086,Neutral,Student Life,Instagram
COM-02750,POST-0744,2025-06-06,Why does this describe me so perfectly?,Positive,0.657,Relatable,Social Anxiety,Instagram
COM-02751,POST-0174,2025-12-15,Why does this describe me so perfectly?,Neutral,-0.015,Relatable,Dating,YouTube
COM-02752,POST-0059,2025-05-02,Finally someone said this out loud.,Positive,0.646,Relatable,Social Anxiety,Instagram
COM-02753,POST-1127,2025-08-08,Finally someone said this out loud.,Positive,0.587,Relatable,Productivity,Instagram
COM-02754,POST-0548,2025-08-15,Thanks for sharing this.,Neutral,-0.072,Neutral,Dating,Instagram
COM-02755,POST-0711,2025-08-05,Finally someone said this out loud.,Positive,0.719,Relatable,Career Anxiety,Instagram
COM-02756,POST-0855,2025-07-05,This is exactly what student life feels like.,Positive,0.434,Relatable,Dating,YouTube
COM-02757,POST-0330,2025-03-28,I will check this out.,Neutral,-0.049,Neutral,Digital Burnout,YouTube
COM-02758,POST-0762,2025-09-13,Good information.,Neutral,-0.023,Neutral,Dating,Instagram
COM-02759,POST-1023,2025-09-01,This is exactly what student life feels like.,Positive,0.588,Relatable,Social Anxiety,Instagram
COM-02760,POST-0190,2025-07-16,Thanks for sharing this.,Neutral,0.022,Neutral,Productivity,YouTube
COM-02761,POST-0167,2025-04-02,I have been struggling with this too.,Positive,0.948,Relatable,Student Life,Instagram
COM-02762,POST-1200,2025-03-03,Finally someone said this out loud.,Neutral,-0.095,Relatable,Dating,Instagram
COM-02763,POST-0317,2025-02-07,This made me feel understood.,Positive,0.673,Relatable,Dating,Instagram
COM-02764,POST-0610,2025-09-13,Why does this describe me so perfectly?,Positive,0.314,Relatable,Digital Burnout,Instagram
COM-02765,POST-0348,2025-10-19,Good information.,Neutral,-0.052,Neutral,Academic Pressure,YouTube
COM-02766,POST-0285,2025-02-25,Nice post.,Neutral,-0.071,Neutral,Academic Pressure,Instagram
COM-02767,POST-0549,2025-09-15,I have been struggling with this too.,Positive,0.257,Relatable,Career Anxiety,YouTube
COM-02768,POST-0769,2025-04-30,I have been struggling with this too.,Negative,-0.365,Relatable,Academic Pressure,Instagram
COM-02769,POST-0348,2025-10-19,Finally someone said this out loud.,Negative,-0.972,Relatable,Academic Pressure,YouTube
COM-02770,POST-0396,2025-11-29,Thanks for sharing this.,Neutral,0.069,Neutral,Dating,Instagram
COM-02771,POST-0152,2025-12-17,Interesting perspective.,Positive,0.373,Neutral,Productivity,YouTube
COM-02772,POST-0739,2025-08-05,I thought I was the only one dealing with this.,Neutral,0.083,Relatable,Social Anxiety,Instagram
COM-02773,POST-1153,2025-04-27,Finally someone said this out loud.,Positive,0.643,Relatable,Academic Pressure,Instagram
COM-02774,POST-0596,2025-03-22,This is exactly what student life feels like.,Negative,-0.349,Relatable,Student Life,Instagram
COM-02775,POST-1012,2025-05-11,Finally someone said this out loud.,Neutral,0.06,Relatable,Productivity,YouTube
COM-02776,POST-0907,2025-04-02,This made me feel understood.,Positive,0.842,Relatable,Productivity,Instagram
COM-02777,POST-1037,2025-03-17,This is exactly what student life feels like.,Neutral,0.022,Relatable,Student Life,Instagram
COM-02778,POST-0528,2025-01-16,I will check this out.,Neutral,-0.063,Neutral,Academic Pressure,Instagram
COM-02779,POST-0609,2025-08-01,Why does this describe me so perfectly?,Positive,0.789,Relatable,Career Anxiety,Instagram
COM-02780,POST-0338,2025-11-11,That is an interesting point.,Neutral,-0.025,Neutral,Student Life,YouTube
COM-02781,POST-0075,2025-02-27,Why does this describe me so perfectly?,Positive,0.544,Relatable,Friendship,YouTube
COM-02782,POST-0140,2025-06-12,Interesting perspective.,Neutral,0.088,Neutral,Dating,Instagram
COM-02783,POST-0362,2025-02-27,That is an interesting point.,Negative,-0.988,Neutral,Career Anxiety,Instagram
COM-02784,POST-0099,2025-11-30,This made me feel understood.,Positive,0.989,Relatable,Career Anxiety,Instagram
COM-02785,POST-0708,2025-01-21,This made me feel understood.,Positive,0.284,Relatable,Friendship,Instagram
COM-02786,POST-0818,2025-01-28,This made me feel understood.,Positive,0.995,Relatable,Social Anxiety,YouTube
COM-02787,POST-0361,2025-04-16,Finally someone said this out loud.,Neutral,0.014,Relatable,Productivity,Instagram
COM-02788,POST-0028,2025-08-12,This made me feel understood.,Positive,0.771,Relatable,Dating,YouTube
COM-02789,POST-0582,2025-03-24,Why does this describe me so perfectly?,Positive,0.78,Relatable,Academic Pressure,Instagram
COM-02790,POST-0366,2025-07-05,I thought I was the only one dealing with this.,Negative,-0.157,Relatable,Productivity,Instagram
COM-02791,POST-0783,2025-08-01,Why does this describe me so perfectly?,Positive,0.708,Relatable,Career Anxiety,Instagram
COM-02792,POST-1026,2025-06-18,Nice post.,Positive,0.218,Neutral,Productivity,Instagram
COM-02793,POST-0885,2025-12-09,I thought I was the only one dealing with this.,Neutral,0.082,Relatable,Academic Pressure,Instagram
COM-02794,POST-0106,2025-03-27,Interesting perspective.,Neutral,-0.001,Neutral,Friendship,YouTube
COM-02795,POST-1161,2025-08-25,Thanks for sharing this.,Positive,0.798,Neutral,Digital Burnout,Instagram
COM-02796,POST-0900,2025-10-26,I have been struggling with this too.,Neutral,0.05,Relatable,Academic Pressure,Instagram
COM-02797,POST-0251,2025-12-07,Why does this describe me so perfectly?,Neutral,-0.07,Relatable,Social Anxiety,Instagram
COM-02798,POST-0656,2025-02-13,This is exactly what student life feels like.,Positive,0.756,Relatable,Career Anxiety,YouTube
COM-02799,POST-1078,2025-09-07,I have been struggling with this too.,Positive,0.831,Relatable,Academic Pressure,Instagram
COM-02800,POST-0879,2025-04-15,This made me feel understood.,Neutral,-0.095,Relatable,Career Anxiety,Instagram
COM-02801,POST-0126,2025-10-08,This is exactly what student life feels like.,Neutral,0.048,Relatable,Dating,YouTube
COM-02802,POST-0090,2025-03-24,That is an interesting point.,Neutral,0.046,Neutral,Career Anxiety,Instagram
COM-02803,POST-0427,2025-08-06,Finally someone said this out loud.,Positive,0.862,Relatable,Dating,Instagram
COM-02804,POST-0632,2025-05-01,I have been struggling with this too.,Neutral,0.02,Relatable,Career Anxiety,YouTube
COM-02805,POST-0405,2025-01-12,Why does this describe me so perfectly?,Positive,0.603,Relatable,Career Anxiety,Instagram
COM-02806,POST-0816,2025-12-22,Why does this describe me so perfectly?,Negative,-0.469,Relatable,Student Life,Instagram
COM-02807,POST-0134,2025-02-25,This made me feel understood.,Positive,0.594,Relatable,Career Anxiety,Instagram
COM-02808,POST-1151,2025-07-28,Why does this describe me so perfectly?,Positive,0.797,Relatable,Dating,YouTube
COM-02809,POST-0235,2025-01-29,Why does this describe me so perfectly?,Neutral,0.086,Relatable,Student Life,Instagram
COM-02810,POST-0241,2025-05-28,Thanks for sharing this.,Neutral,-0.023,Neutral,Academic Pressure,Instagram
COM-02811,POST-0826,2025-02-19,Nice post.,Negative,-0.224,Neutral,Academic Pressure,YouTube
COM-02812,POST-0590,2025-09-07,Interesting perspective.,Neutral,-0.016,Neutral,Dating,Instagram
COM-02813,POST-0035,2025-03-30,This made me feel understood.,Positive,0.921,Relatable,Academic Pressure,Instagram
COM-02814,POST-1116,2025-04-21,Finally someone said this out loud.,Positive,0.256,Relatable,Dating,Instagram
COM-02815,POST-0087,2025-03-11,I have been struggling with this too.,Neutral,-0.02,Relatable,Dating,YouTube
COM-02816,POST-0994,2025-06-25,Interesting perspective.,Neutral,0.005,Neutral,Productivity,YouTube
COM-02817,POST-0347,2025-04-08,Why does this describe me so perfectly?,Positive,0.691,Relatable,Student Life,Instagram
COM-02818,POST-0860,2025-03-30,Interesting perspective.,Negative,-0.514,Neutral,Student Life,Instagram
COM-02819,POST-0036,2025-02-13,I thought I was the only one dealing with this.,Positive,0.672,Relatable,Friendship,YouTube
COM-02820,POST-0873,2025-11-10,This is exactly what student life feels like.,Positive,0.94,Relatable,Digital Burnout,YouTube
COM-02821,POST-1086,2025-10-10,This made me feel understood.,Positive,0.215,Relatable,Friendship,Instagram
COM-02822,POST-0635,2025-06-22,I have been struggling with this too.,Negative,-0.442,Relatable,Productivity,Instagram
COM-02823,POST-0270,2025-06-22,Nice post.,Neutral,-0.028,Neutral,Social Anxiety,YouTube
COM-02824,POST-1052,2025-01-27,Why does this describe me so perfectly?,Neutral,-0.004,Relatable,Friendship,Instagram
COM-02825,POST-0714,2025-04-15,Why does this describe me so perfectly?,Positive,0.519,Relatable,Social Anxiety,Instagram
COM-02826,POST-0266,2025-08-04,I thought I was the only one dealing with this.,Positive,0.87,Relatable,Academic Pressure,Instagram
COM-02827,POST-0189,2025-02-22,I have been struggling with this too.,Positive,0.736,Relatable,Dating,Instagram
COM-02828,POST-1023,2025-09-01,Interesting perspective.,Negative,-0.533,Neutral,Social Anxiety,Instagram
COM-02829,POST-0419,2025-07-03,This made me feel understood.,Negative,-0.961,Relatable,Dating,Instagram
COM-02830,POST-0640,2025-04-24,I have been struggling with this too.,Neutral,0.03,Relatable,Dating,Instagram
COM-02831,POST-0036,2025-02-13,This made me feel understood.,Positive,0.462,Relatable,Friendship,YouTube
COM-02832,POST-0793,2025-07-05,Finally someone said this out loud.,Positive,0.4,Relatable,Student Life,Instagram
COM-02833,POST-0048,2025-11-07,This made me feel understood.,Positive,0.96,Relatable,Career Anxiety,Instagram
COM-02834,POST-0283,2025-01-05,Why does this describe me so perfectly?,Positive,0.702,Relatable,Career Anxiety,Instagram
COM-02835,POST-0709,2025-03-01,This is exactly what student life feels like.,Neutral,-0.099,Relatable,Dating,Instagram
COM-02836,POST-0310,2025-03-05,I have been struggling with this too.,Positive,0.716,Relatable,Student Life,Instagram
COM-02837,POST-0282,2025-09-29,This made me feel understood.,Positive,0.47,Relatable,Social Anxiety,YouTube
COM-02838,POST-0866,2025-11-12,I thought I was the only one dealing with this.,Positive,0.477,Relatable,Friendship,YouTube
COM-02839,POST-0710,2025-02-10,I have been struggling with this too.,Positive,0.357,Relatable,Student Life,Instagram
COM-02840,POST-1026,2025-06-18,This made me feel understood.,Neutral,0.07,Relatable,Productivity,Instagram
COM-02841,POST-0658,2025-08-05,Interesting perspective.,Neutral,-0.043,Neutral,Academic Pressure,Instagram
COM-02842,POST-0384,2025-04-04,I have been struggling with this too.,Neutral,-0.067,Relatable,Productivity,Instagram
COM-02843,POST-0352,2025-10-09,That is an interesting point.,Neutral,-0.058,Neutral,Dating,YouTube
COM-02844,POST-1119,2025-05-04,That is an interesting point.,Neutral,0.053,Neutral,Dating,Instagram
COM-02845,POST-0819,2025-12-26,Finally someone said this out loud.,Positive,0.969,Relatable,Social Anxiety,Instagram
COM-02846,POST-0668,2025-06-15,I thought I was the only one dealing with this.,Neutral,0.089,Relatable,Career Anxiety,YouTube
COM-02847,POST-1107,2025-07-18,Finally someone said this out loud.,Positive,0.176,Relatable,Productivity,Instagram
COM-02848,POST-1008,2025-12-27,That is an interesting point.,Neutral,-0.033,Neutral,Productivity,Instagram
COM-02849,POST-0052,2025-07-26,This made me feel understood.,Positive,0.376,Relatable,Career Anxiety,YouTube
COM-02850,POST-1109,2025-12-05,Good information.,Neutral,0.054,Neutral,Academic Pressure,Instagram
COM-02851,POST-1121,2025-04-07,Good information.,Neutral,-0.097,Neutral,Student Life,Instagram
COM-02852,POST-0803,2025-03-24,I will check this out.,Neutral,-0.027,Neutral,Friendship,Instagram
COM-02853,POST-0622,2025-01-19,This made me feel understood.,Neutral,-0.045,Relatable,Dating,Instagram
COM-02854,POST-0156,2025-09-10,Good information.,Positive,0.348,Neutral,Digital Burnout,Instagram
COM-02855,POST-0192,2025-03-01,That is an interesting point.,Neutral,0.081,Neutral,Academic Pressure,Instagram
COM-02856,POST-0648,2025-11-04,This is exactly what student life feels like.,Negative,-0.189,Relatable,Academic Pressure,Instagram
COM-02857,POST-1059,2025-03-06,Good information.,Neutral,-0.009,Neutral,Career Anxiety,Instagram
COM-02858,POST-0618,2025-09-26,That is an interesting point.,Negative,-0.398,Neutral,Dating,Instagram
COM-02859,POST-1126,2025-09-25,I thought I was the only one dealing with this.,Positive,0.35,Relatable,Social Anxiety,Instagram
COM-02860,POST-0792,2025-06-15,I thought I was the only one dealing with this.,Positive,0.871,Relatable,Academic Pressure,YouTube
COM-02861,POST-0956,2025-01-21,I will check this out.,Neutral,0.022,Neutral,Career Anxiety,YouTube
COM-02862,POST-0095,2025-10-13,Nice post.,Neutral,0.037,Neutral,Career Anxiety,Instagram
COM-02863,POST-0780,2025-01-26,Interesting perspective.,Neutral,-0.055,Neutral,Digital Burnout,Instagram
COM-02864,POST-0773,2025-03-07,This made me feel understood.,Positive,0.342,Relatable,Academic Pressure,Instagram
COM-02865,POST-0588,2025-06-12,This made me feel understood.,Neutral,-0.018,Relatable,Social Anxiety,Instagram
COM-02866,POST-0311,2025-12-24,I thought I was the only one dealing with this.,Neutral,0.004,Relatable,Productivity,Instagram
COM-02867,POST-0794,2025-08-20,I have been struggling with this too.,Positive,0.282,Relatable,Friendship,Instagram
COM-02868,POST-0405,2025-01-12,Why does this describe me so perfectly?,Positive,0.247,Relatable,Career Anxiety,Instagram
COM-02869,POST-0606,2025-02-25,I have been struggling with this too.,Positive,0.842,Relatable,Digital Burnout,Instagram
COM-02870,POST-0964,2025-01-27,Why does this describe me so perfectly?,Neutral,-0.085,Relatable,Productivity,Instagram
COM-02871,POST-0684,2025-12-22,That is an interesting point.,Neutral,-0.083,Neutral,Digital Burnout,Instagram
COM-02872,POST-0472,2025-12-22,This is exactly what student life feels like.,Neutral,0.069,Relatable,Student Life,YouTube
COM-02873,POST-0445,2025-08-10,That is an interesting point.,Neutral,0.066,Neutral,Digital Burnout,Instagram
COM-02874,POST-0092,2025-11-24,That is an interesting point.,Neutral,-0.046,Neutral,Career Anxiety,Instagram
COM-02875,POST-0167,2025-04-02,Finally someone said this out loud.,Neutral,0.063,Relatable,Student Life,Instagram
COM-02876,POST-0477,2025-12-10,I have been struggling with this too.,Positive,0.993,Relatable,Friendship,Instagram
COM-02877,POST-0336,2025-02-10,Finally someone said this out loud.,Positive,0.387,Relatable,Productivity,YouTube
COM-02878,POST-0636,2025-07-26,I have been struggling with this too.,Positive,0.635,Relatable,Digital Burnout,YouTube
COM-02879,POST-0961,2025-08-10,Interesting perspective.,Neutral,0.098,Neutral,Social Anxiety,YouTube
COM-02880,POST-0191,2025-03-13,This made me feel understood.,Negative,-0.382,Relatable,Academic Pressure,YouTube
COM-02881,POST-0682,2025-02-27,This is exactly what student life feels like.,Neutral,-0.077,Relatable,Career Anxiety,YouTube
COM-02882,POST-0406,2025-05-19,I thought I was the only one dealing with this.,Neutral,-0.025,Relatable,Dating,Instagram
COM-02883,POST-1089,2025-07-23,Finally someone said this out loud.,Neutral,0.054,Relatable,Digital Burnout,Instagram
COM-02884,POST-0933,2025-11-03,This is exactly what student life feels like.,Neutral,-0.09,Relatable,Dating,Instagram
COM-02885,POST-0434,2025-12-11,I thought I was the only one dealing with this.,Neutral,0.093,Relatable,Digital Burnout,YouTube
COM-02886,POST-0196,2025-01-30,This is exactly what student life feels like.,Neutral,-0.082,Relatable,Dating,Instagram
COM-02887,POST-0272,2025-09-05,I have been struggling with this too.,Positive,0.511,Relatable,Productivity,Instagram
COM-02888,POST-0221,2025-10-22,Why does this describe me so perfectly?,Positive,0.979,Relatable,Career Anxiety,Instagram
COM-02889,POST-0324,2025-11-22,That is an interesting point.,Neutral,0.028,Neutral,Student Life,Instagram
COM-02890,POST-0655,2025-06-24,This made me feel understood.,Positive,0.385,Relatable,Dating,Instagram
COM-02891,POST-0823,2025-03-09,I will check this out.,Neutral,0.039,Neutral,Academic Pressure,Instagram
COM-02892,POST-1060,2025-03-25,Finally someone said this out loud.,Positive,0.522,Relatable,Digital Burnout,Instagram
COM-02893,POST-0439,2025-04-09,This is exactly what student life feels like.,Neutral,0.004,Relatable,Dating,Instagram
COM-02894,POST-1179,2025-02-23,Finally someone said this out loud.,Positive,0.641,Relatable,Digital Burnout,Instagram
COM-02895,POST-0738,2025-07-02,Interesting perspective.,Neutral,0.007,Neutral,Social Anxiety,YouTube
COM-02896,POST-0788,2025-02-28,This is exactly what student life feels like.,Positive,0.91,Relatable,Career Anxiety,YouTube
COM-02897,POST-0518,2025-12-18,That is an interesting point.,Negative,-0.198,Neutral,Academic Pressure,Instagram
COM-02898,POST-0857,2025-05-12,I have been struggling with this too.,Positive,0.222,Relatable,Digital Burnout,YouTube
COM-02899,POST-0801,2025-04-20,I have been struggling with this too.,Positive,0.215,Relatable,Productivity,Instagram
COM-02900,POST-0992,2025-03-31,Thanks for sharing this.,Neutral,0.009,Neutral,Social Anxiety,Instagram
COM-02901,POST-0338,2025-11-11,Interesting perspective.,Positive,0.479,Neutral,Student Life,YouTube
COM-02902,POST-1174,2025-12-26,Nice post.,Neutral,0.039,Neutral,Student Life,Instagram
COM-02903,POST-0535,2025-05-05,I have been struggling with this too.,Positive,0.746,Relatable,Dating,Instagram
COM-02904,POST-0966,2025-08-20,This made me feel understood.,Positive,0.165,Relatable,Academic Pressure,Instagram
COM-02905,POST-1158,2025-02-21,Interesting perspective.,Neutral,-0.013,Neutral,Career Anxiety,YouTube
COM-02906,POST-0584,2025-08-01,Good information.,Neutral,0.034,Neutral,Friendship,Instagram
COM-02907,POST-1034,2025-10-25,Good information.,Positive,0.324,Neutral,Productivity,Instagram
COM-02908,POST-0531,2025-01-06,I thought I was the only one dealing with this.,Positive,0.869,Relatable,Social Anxiety,Instagram
COM-02909,POST-0673,2025-11-14,I thought I was the only one dealing with this.,Neutral,0.048,Relatable,Digital Burnout,YouTube
COM-02910,POST-0499,2025-12-11,I thought I was the only one dealing with this.,Positive,0.752,Relatable,Academic Pressure,YouTube
COM-02911,POST-0571,2025-12-08,Interesting perspective.,Positive,0.442,Neutral,Social Anxiety,Instagram
COM-02912,POST-0227,2025-05-08,This is exactly what student life feels like.,Neutral,0.049,Relatable,Dating,Instagram
COM-02913,POST-1155,2025-11-26,Nice post.,Positive,0.99,Neutral,Student Life,YouTube
COM-02914,POST-1041,2025-10-08,I have been struggling with this too.,Positive,0.529,Relatable,Productivity,Instagram
COM-02915,POST-0833,2025-09-27,I thought I was the only one dealing with this.,Neutral,-0.04,Relatable,Career Anxiety,Instagram
COM-02916,POST-0568,2025-09-07,This made me feel understood.,Positive,0.153,Relatable,Dating,YouTube
COM-02917,POST-0721,2025-01-03,I will check this out.,Neutral,-0.1,Neutral,Social Anxiety,YouTube
COM-02918,POST-0881,2025-01-21,I will check this out.,Neutral,0.072,Neutral,Social Anxiety,YouTube
COM-02919,POST-1014,2025-02-01,I will check this out.,Neutral,0.081,Neutral,Career Anxiety,Instagram
COM-02920,POST-0119,2025-01-17,This made me feel understood.,Positive,0.361,Relatable,Friendship,YouTube
COM-02921,POST-0069,2025-12-09,Finally someone said this out loud.,Neutral,0.018,Relatable,Student Life,Instagram
COM-02922,POST-0125,2025-06-16,Finally someone said this out loud.,Neutral,0.045,Relatable,Student Life,Instagram
COM-02923,POST-0451,2025-03-19,Interesting perspective.,Positive,0.715,Neutral,Academic Pressure,Instagram
COM-02924,POST-1093,2025-12-31,I thought I was the only one dealing with this.,Positive,0.69,Relatable,Academic Pressure,YouTube
COM-02925,POST-0400,2025-12-11,That is an interesting point.,Neutral,0.039,Neutral,Student Life,Instagram
COM-02926,POST-1065,2025-11-10,This is exactly what student life feels like.,Neutral,0.092,Relatable,Social Anxiety,Instagram
COM-02927,POST-0083,2025-10-24,Why does this describe me so perfectly?,Neutral,0.024,Relatable,Digital Burnout,Instagram
COM-02928,POST-0342,2025-02-06,Interesting perspective.,Neutral,-0.044,Neutral,Student Life,Instagram
COM-02929,POST-0858,2025-03-24,Nice post.,Positive,0.923,Neutral,Academic Pressure,YouTube
COM-02930,POST-0586,2025-01-30,This made me feel understood.,Positive,0.695,Relatable,Academic Pressure,Instagram
COM-02931,POST-0464,2025-07-14,I will check this out.,Positive,0.169,Neutral,Academic Pressure,Instagram
COM-02932,POST-0134,2025-02-25,Finally someone said this out loud.,Neutral,0.099,Relatable,Career Anxiety,Instagram
COM-02933,POST-0365,2025-01-08,That is an interesting point.,Negative,-0.716,Neutral,Social Anxiety,Instagram
COM-02934,POST-0046,2025-02-10,I have been struggling with this too.,Positive,0.576,Relatable,Digital Burnout,Instagram
COM-02935,POST-0333,2025-05-02,Why does this describe me so perfectly?,Neutral,-0.091,Relatable,Social Anxiety,YouTube
COM-02936,POST-0617,2025-01-06,I will check this out.,Neutral,0.047,Neutral,Student Life,Instagram
COM-02937,POST-0364,2025-07-14,That is an interesting point.,Neutral,-0.067,Neutral,Friendship,YouTube
COM-02938,POST-1167,2025-10-13,This is exactly what student life feels like.,Positive,0.543,Relatable,Productivity,Instagram
COM-02939,POST-0278,2025-06-07,Thanks for sharing this.,Neutral,0.049,Neutral,Dating,Instagram
COM-02940,POST-0273,2025-01-03,That is an interesting point.,Positive,0.422,Neutral,Student Life,Instagram
COM-02941,POST-0293,2025-07-16,Interesting perspective.,Neutral,-0.059,Neutral,Friendship,Instagram
COM-02942,POST-0385,2025-08-29,Why does this describe me so perfectly?,Positive,0.269,Relatable,Digital Burnout,Instagram
COM-02943,POST-0950,2025-02-05,I have been struggling with this too.,Negative,-0.728,Relatable,Academic Pressure,Instagram
COM-02944,POST-0496,2025-07-14,This is exactly what student life feels like.,Neutral,-0.086,Relatable,Productivity,Instagram
COM-02945,POST-0536,2025-06-18,Why does this describe me so perfectly?,Neutral,0.078,Relatable,Productivity,Instagram
COM-02946,POST-0264,2025-07-31,Why does this describe me so perfectly?,Neutral,0.072,Relatable,Dating,Instagram
COM-02947,POST-0751,2025-07-04,Thanks for sharing this.,Negative,-0.981,Neutral,Productivity,YouTube
COM-02948,POST-0375,2025-05-20,I have been struggling with this too.,Positive,0.32,Relatable,Social Anxiety,Instagram
COM-02949,POST-1121,2025-04-07,This is exactly what student life feels like.,Positive,0.164,Relatable,Student Life,Instagram
COM-02950,POST-0421,2025-01-29,I thought I was the only one dealing with this.,Positive,0.766,Relatable,Student Life,Instagram
COM-02951,POST-0812,2025-07-22,I have been struggling with this too.,Negative,-0.627,Relatable,Digital Burnout,Instagram
COM-02952,POST-0368,2025-08-16,I thought I was the only one dealing with this.,Positive,0.712,Relatable,Dating,Instagram
COM-02953,POST-0897,2025-07-13,Finally someone said this out loud.,Positive,0.604,Relatable,Career Anxiety,YouTube
COM-02954,POST-0812,2025-07-22,This is exactly what student life feels like.,Neutral,0.047,Relatable,Digital Burnout,Instagram
COM-02955,POST-0405,2025-01-12,I will check this out.,Neutral,0.035,Neutral,Career Anxiety,Instagram
COM-02956,POST-1042,2025-12-24,Thanks for sharing this.,Neutral,0.088,Neutral,Digital Burnout,Instagram
COM-02957,POST-0461,2025-08-30,I will check this out.,Neutral,0.018,Neutral,Social Anxiety,Instagram
COM-02958,POST-0337,2025-02-02,Finally someone said this out loud.,Neutral,0.068,Relatable,Digital Burnout,YouTube
COM-02959,POST-0019,2025-08-13,I have been struggling with this too.,Neutral,0.025,Relatable,Academic Pressure,Instagram
COM-02960,POST-0839,2025-12-07,Good information.,Neutral,-0.095,Neutral,Digital Burnout,Instagram
COM-02961,POST-0869,2025-11-29,This made me feel understood.,Neutral,0.075,Relatable,Dating,Instagram
COM-02962,POST-0032,2025-02-12,I will check this out.,Neutral,-0.072,Neutral,Career Anxiety,YouTube
COM-02963,POST-0741,2025-10-17,Why does this describe me so perfectly?,Negative,-0.95,Relatable,Digital Burnout,YouTube
COM-02964,POST-0843,2025-10-14,This is exactly what student life feels like.,Positive,0.218,Relatable,Academic Pressure,YouTube
COM-02965,POST-0516,2025-07-19,I will check this out.,Negative,-0.421,Neutral,Student Life,Instagram
COM-02966,POST-0748,2025-06-10,Good information.,Neutral,-0.017,Neutral,Social Anxiety,Instagram
COM-02967,POST-0728,2025-11-08,I will check this out.,Neutral,-0.041,Neutral,Dating,Instagram
COM-02968,POST-0494,2025-01-31,I thought I was the only one dealing with this.,Positive,0.917,Relatable,Productivity,Instagram
COM-02969,POST-0854,2025-01-20,Nice post.,Neutral,0.005,Neutral,Career Anxiety,Instagram
COM-02970,POST-0218,2025-05-01,Why does this describe me so perfectly?,Positive,0.894,Relatable,Student Life,Instagram
COM-02971,POST-0858,2025-03-24,Why does this describe me so perfectly?,Neutral,0.06,Relatable,Academic Pressure,YouTube
COM-02972,POST-0871,2025-07-28,Thanks for sharing this.,Neutral,0.079,Neutral,Dating,YouTube
COM-02973,POST-0770,2025-06-22,Interesting perspective.,Neutral,-0.028,Neutral,Career Anxiety,Instagram
COM-02974,POST-0108,2025-08-22,This is exactly what student life feels like.,Positive,0.671,Relatable,Student Life,Instagram
COM-02975,POST-0835,2025-10-28,Interesting perspective.,Neutral,0.013,Neutral,Digital Burnout,Instagram
COM-02976,POST-0242,2025-03-27,Interesting perspective.,Positive,0.852,Neutral,Friendship,Instagram
COM-02977,POST-0425,2025-12-27,Nice post.,Negative,-0.473,Neutral,Digital Burnout,YouTube
COM-02978,POST-0541,2025-03-06,I will check this out.,Neutral,-0.043,Neutral,Productivity,Instagram
COM-02979,POST-0971,2025-01-10,This is exactly what student life feels like.,Positive,0.938,Relatable,Dating,YouTube
COM-02980,POST-0554,2025-11-06,Finally someone said this out loud.,Positive,0.26,Relatable,Dating,Instagram
COM-02981,POST-0264,2025-07-31,I thought I was the only one dealing with this.,Positive,0.348,Relatable,Dating,Instagram
COM-02982,POST-0802,2025-11-04,I thought I was the only one dealing with this.,Neutral,-0.002,Relatable,Career Anxiety,Instagram
COM-02983,POST-0718,2025-12-18,That is an interesting point.,Neutral,0.01,Neutral,Career Anxiety,YouTube
COM-02984,POST-0971,2025-01-10,This made me feel understood.,Negative,-0.945,Relatable,Dating,YouTube
COM-02985,POST-0206,2025-10-10,This made me feel understood.,Positive,0.903,Relatable,Career Anxiety,Instagram
COM-02986,POST-0777,2025-09-01,I have been struggling with this too.,Positive,0.402,Relatable,Digital Burnout,Instagram
COM-02987,POST-1079,2025-04-01,This made me feel understood.,Positive,0.376,Relatable,Digital Burnout,Instagram
COM-02988,POST-0838,2025-02-24,Good information.,Neutral,-0.014,Neutral,Dating,YouTube
COM-02989,POST-1047,2025-03-15,Why does this describe me so perfectly?,Neutral,0.079,Relatable,Digital Burnout,Instagram
COM-02990,POST-0845,2025-01-20,I have been struggling with this too.,Positive,0.777,Relatable,Friendship,Instagram
COM-02991,POST-0152,2025-12-17,This is exactly what student life feels like.,Positive,0.84,Relatable,Productivity,YouTube
COM-02992,POST-0924,2025-01-27,Good information.,Neutral,-0.038,Neutral,Dating,Instagram
COM-02993,POST-0299,2025-11-20,This is exactly what student life feels like.,Neutral,0.092,Relatable,Dating,YouTube
COM-02994,POST-0477,2025-12-10,Nice post.,Negative,-0.958,Neutral,Friendship,Instagram
COM-02995,POST-0699,2025-01-24,Good information.,Positive,0.815,Neutral,Career Anxiety,Instagram
COM-02996,POST-0113,2025-12-18,I have been struggling with this too.,Neutral,-0.081,Relatable,Career Anxiety,Instagram
COM-02997,POST-1186,2025-09-24,I thought I was the only one dealing with this.,Neutral,-0.026,Relatable,Digital Burnout,Instagram
COM-02998,POST-0563,2025-03-18,I thought I was the only one dealing with this.,Positive,0.916,Relatable,Social Anxiety,Instagram
COM-02999,POST-0153,2025-01-14,Good information.,Neutral,-0.02,Neutral,Student Life,Instagram
COM-03000,POST-0888,2025-10-10,This is exactly what student life feels like.,Neutral,0.021,Relatable,Career Anxiety,Instagram
COM-03001,POST-0044,2025-06-23,Thanks for sharing this.,Positive,0.229,Neutral,Social Anxiety,Instagram
COM-03002,POST-1011,2025-12-31,Good information.,Neutral,0.065,Neutral,Social Anxiety,Instagram
COM-03003,POST-0613,2025-02-10,I thought I was the only one dealing with this.,Positive,0.529,Relatable,Career Anxiety,Instagram
COM-03004,POST-0961,2025-08-10,Good information.,Neutral,0.038,Neutral,Social Anxiety,YouTube
COM-03005,POST-0039,2025-03-23,I thought I was the only one dealing with this.,Negative,-0.325,Relatable,Digital Burnout,Instagram
COM-03006,POST-0579,2025-06-24,Thanks for sharing this.,Negative,-0.876,Neutral,Dating,YouTube
COM-03007,POST-0556,2025-01-06,Good information.,Positive,0.947,Neutral,Social Anxiety,Instagram
COM-03008,POST-0487,2025-10-24,Why does this describe me so perfectly?,Positive,0.303,Relatable,Digital Burnout,YouTube
COM-03009,POST-0403,2025-02-28,I have been struggling with this too.,Positive,0.725,Relatable,Student Life,Instagram
COM-03010,POST-0020,2025-06-08,I thought I was the only one dealing with this.,Positive,0.257,Relatable,Academic Pressure,Instagram
COM-03011,POST-1158,2025-02-21,Thanks for sharing this.,Neutral,0.086,Neutral,Career Anxiety,YouTube
COM-03012,POST-0041,2025-02-11,I have been struggling with this too.,Positive,0.501,Relatable,Dating,Instagram
COM-03013,POST-1088,2025-04-02,Finally someone said this out loud.,Negative,-0.232,Relatable,Digital Burnout,Instagram
COM-03014,POST-0105,2025-12-02,This is exactly what student life feels like.,Negative,-0.312,Relatable,Student Life,YouTube
COM-03015,POST-0270,2025-06-22,Finally someone said this out loud.,Neutral,0.072,Relatable,Social Anxiety,YouTube
COM-03016,POST-0353,2025-11-12,I will check this out.,Neutral,-0.007,Neutral,Student Life,Instagram
COM-03017,POST-0131,2025-05-19,Nice post.,Positive,0.446,Neutral,Student Life,Instagram
COM-03018,POST-0914,2025-12-12,This made me feel understood.,Positive,0.687,Relatable,Productivity,YouTube
COM-03019,POST-0880,2025-11-10,This is exactly what student life feels like.,Positive,0.524,Relatable,Career Anxiety,Instagram
COM-03020,POST-0881,2025-01-21,I thought I was the only one dealing with this.,Positive,0.827,Relatable,Social Anxiety,YouTube
COM-03021,POST-1035,2025-11-21,I will check this out.,Neutral,-0.062,Neutral,Social Anxiety,YouTube
COM-03022,POST-0593,2025-03-28,I have been struggling with this too.,Positive,0.215,Relatable,Student Life,Instagram
COM-03023,POST-0738,2025-07-02,Interesting perspective.,Positive,0.728,Neutral,Social Anxiety,YouTube
COM-03024,POST-0001,2025-02-04,This made me feel understood.,Positive,0.965,Relatable,Social Anxiety,Instagram
COM-03025,POST-0364,2025-07-14,This made me feel understood.,Positive,0.857,Relatable,Friendship,YouTube
COM-03026,POST-0205,2025-01-10,Why does this describe me so perfectly?,Negative,-0.964,Relatable,Digital Burnout,Instagram
COM-03027,POST-1083,2025-11-21,I thought I was the only one dealing with this.,Positive,0.246,Relatable,Social Anxiety,Instagram
COM-03028,POST-0865,2025-01-31,Nice post.,Positive,0.801,Neutral,Friendship,Instagram
COM-03029,POST-0870,2025-10-10,I will check this out.,Positive,0.836,Neutral,Digital Burnout,YouTube
COM-03030,POST-0095,2025-10-13,That is an interesting point.,Neutral,0.002,Neutral,Career Anxiety,Instagram
COM-03031,POST-0852,2025-06-05,That is an interesting point.,Neutral,0.053,Neutral,Productivity,Instagram
COM-03032,POST-0401,2025-01-17,Why does this describe me so perfectly?,Positive,0.658,Relatable,Dating,Instagram
COM-03033,POST-0423,2025-12-21,Nice post.,Neutral,-0.049,Neutral,Friendship,Instagram
COM-03034,POST-0868,2025-08-06,Thanks for sharing this.,Positive,0.615,Neutral,Academic Pressure,Instagram
COM-03035,POST-1051,2025-07-10,Finally someone said this out loud.,Positive,0.937,Relatable,Friendship,YouTube
COM-03036,POST-0912,2025-02-16,Nice post.,Positive,0.775,Neutral,Student Life,Instagram
COM-03037,POST-0747,2025-09-19,This made me feel understood.,Negative,-0.857,Relatable,Social Anxiety,YouTube
COM-03038,POST-0852,2025-06-05,Finally someone said this out loud.,Positive,0.264,Relatable,Productivity,Instagram
COM-03039,POST-1052,2025-01-27,I have been struggling with this too.,Neutral,0.067,Relatable,Friendship,Instagram
COM-03040,POST-0019,2025-08-13,Why does this describe me so perfectly?,Positive,0.627,Relatable,Academic Pressure,Instagram
COM-03041,POST-0390,2025-08-21,Finally someone said this out loud.,Neutral,0.091,Relatable,Digital Burnout,Instagram
COM-03042,POST-0292,2025-12-02,I have been struggling with this too.,Positive,0.675,Relatable,Career Anxiety,Instagram
COM-03043,POST-0104,2025-09-29,This made me feel understood.,Positive,0.656,Relatable,Social Anxiety,YouTube
COM-03044,POST-1002,2025-02-21,Finally someone said this out loud.,Positive,0.267,Relatable,Career Anxiety,Instagram
COM-03045,POST-0777,2025-09-01,Finally someone said this out loud.,Positive,0.883,Relatable,Digital Burnout,Instagram
COM-03046,POST-0407,2025-01-07,I have been struggling with this too.,Neutral,0.007,Relatable,Career Anxiety,Instagram
COM-03047,POST-0719,2025-10-24,I have been struggling with this too.,Positive,0.881,Relatable,Student Life,YouTube
COM-03048,POST-0934,2025-06-14,This made me feel understood.,Neutral,0.05,Relatable,Dating,YouTube
COM-03049,POST-0371,2025-02-15,This is exactly what student life feels like.,Negative,-0.505,Relatable,Friendship,Instagram
COM-03050,POST-0476,2025-10-25,This made me feel understood.,Positive,0.709,Relatable,Career Anxiety,YouTube
COM-03051,POST-0528,2025-01-16,Finally someone said this out loud.,Negative,-0.3,Relatable,Academic Pressure,Instagram
COM-03052,POST-0625,2025-12-16,This is exactly what student life feels like.,Neutral,-0.003,Relatable,Productivity,Instagram
COM-03053,POST-0918,2025-11-14,This is exactly what student life feels like.,Negative,-0.717,Relatable,Friendship,YouTube
COM-03054,POST-0472,2025-12-22,Finally someone said this out loud.,Positive,0.421,Relatable,Student Life,YouTube
COM-03055,POST-0631,2025-10-16,This is exactly what student life feels like.,Neutral,0.031,Relatable,Dating,Instagram
COM-03056,POST-0025,2025-01-05,Why does this describe me so perfectly?,Negative,-0.689,Relatable,Dating,YouTube
COM-03057,POST-0540,2025-09-23,I thought I was the only one dealing with this.,Neutral,0.084,Relatable,Student Life,Instagram
COM-03058,POST-0200,2025-12-21,This is exactly what student life feels like.,Positive,0.872,Relatable,Student Life,Instagram
COM-03059,POST-0062,2025-11-17,This is exactly what student life feels like.,Positive,0.536,Relatable,Digital Burnout,Instagram
COM-03060,POST-0987,2025-03-18,That is an interesting point.,Positive,0.807,Neutral,Social Anxiety,Instagram
COM-03061,POST-0169,2025-06-22,Finally someone said this out loud.,Negative,-0.467,Relatable,Digital Burnout,YouTube
COM-03062,POST-0838,2025-02-24,This made me feel understood.,Positive,0.394,Relatable,Dating,YouTube
COM-03063,POST-0121,2025-08-13,Thanks for sharing this.,Neutral,-0.079,Neutral,Academic Pressure,Instagram
COM-03064,POST-0267,2025-04-05,I have been struggling with this too.,Neutral,0.069,Relatable,Friendship,Instagram
COM-03065,POST-0550,2025-12-11,Why does this describe me so perfectly?,Positive,0.333,Relatable,Friendship,Instagram
COM-03066,POST-0261,2025-08-28,I thought I was the only one dealing with this.,Positive,0.936,Relatable,Friendship,Instagram
COM-03067,POST-0961,2025-08-10,Finally someone said this out loud.,Neutral,0.07,Relatable,Social Anxiety,YouTube
COM-03068,POST-1035,2025-11-21,Why does this describe me so perfectly?,Positive,0.396,Relatable,Social Anxiety,YouTube
COM-03069,POST-0624,2025-02-03,I have been struggling with this too.,Negative,-0.993,Relatable,Social Anxiety,Instagram
COM-03070,POST-0908,2025-12-24,Finally someone said this out loud.,Positive,0.251,Relatable,Academic Pressure,YouTube
COM-03071,POST-0474,2025-04-06,I have been struggling with this too.,Positive,0.25,Relatable,Friendship,YouTube
COM-03072,POST-0630,2025-11-29,This made me feel understood.,Positive,0.644,Relatable,Dating,YouTube
COM-03073,POST-0054,2025-02-06,Nice post.,Negative,-0.397,Neutral,Career Anxiety,YouTube
COM-03074,POST-1109,2025-12-05,I have been struggling with this too.,Positive,0.626,Relatable,Academic Pressure,Instagram
COM-03075,POST-0531,2025-01-06,Good information.,Positive,0.964,Neutral,Social Anxiety,Instagram
COM-03076,POST-0525,2025-12-21,I will check this out.,Positive,0.499,Neutral,Career Anxiety,Instagram
COM-03077,POST-0052,2025-07-26,I have been struggling with this too.,Neutral,-0.048,Relatable,Career Anxiety,YouTube
COM-03078,POST-0355,2025-04-28,I will check this out.,Positive,0.382,Neutral,Social Anxiety,Instagram
COM-03079,POST-0990,2025-05-23,This made me feel understood.,Negative,-0.243,Relatable,Academic Pressure,Instagram
COM-03080,POST-0325,2025-12-16,That is an interesting point.,Neutral,0.063,Neutral,Digital Burnout,YouTube
COM-03081,POST-0529,2025-09-30,Why does this describe me so perfectly?,Positive,0.82,Relatable,Student Life,Instagram
COM-03082,POST-0370,2025-02-27,Interesting perspective.,Positive,0.776,Neutral,Digital Burnout,Instagram
COM-03083,POST-0257,2025-12-30,I thought I was the only one dealing with this.,Neutral,0.059,Relatable,Friendship,YouTube
COM-03084,POST-0156,2025-09-10,This made me feel understood.,Positive,0.283,Relatable,Digital Burnout,Instagram
COM-03085,POST-0460,2025-11-28,That is an interesting point.,Positive,0.499,Neutral,Productivity,Instagram
COM-03086,POST-0176,2025-09-30,Good information.,Positive,0.919,Neutral,Friendship,Instagram
COM-03087,POST-0919,2025-12-17,Good information.,Neutral,0.01,Neutral,Student Life,YouTube
COM-03088,POST-0937,2025-01-10,That is an interesting point.,Neutral,0.071,Neutral,Productivity,Instagram
COM-03089,POST-0766,2025-04-01,I will check this out.,Neutral,0.089,Neutral,Career Anxiety,Instagram
COM-03090,POST-0625,2025-12-16,I thought I was the only one dealing with this.,Positive,0.346,Relatable,Productivity,Instagram
COM-03091,POST-0987,2025-03-18,Thanks for sharing this.,Positive,0.47,Neutral,Social Anxiety,Instagram
COM-03092,POST-0496,2025-07-14,Why does this describe me so perfectly?,Negative,-0.516,Relatable,Productivity,Instagram
COM-03093,POST-0672,2025-12-08,I have been struggling with this too.,Positive,0.658,Relatable,Social Anxiety,YouTube
COM-03094,POST-0412,2025-03-27,I thought I was the only one dealing with this.,Negative,-0.359,Relatable,Career Anxiety,Instagram
COM-03095,POST-0223,2025-05-05,Finally someone said this out loud.,Neutral,-0.029,Relatable,Friendship,YouTube
COM-03096,POST-1042,2025-12-24,Finally someone said this out loud.,Positive,0.931,Relatable,Digital Burnout,Instagram
COM-03097,POST-0247,2025-04-07,Nice post.,Positive,0.384,Neutral,Student Life,YouTube
COM-03098,POST-0477,2025-12-10,Why does this describe me so perfectly?,Positive,0.581,Relatable,Friendship,Instagram
COM-03099,POST-0848,2025-04-23,Interesting perspective.,Neutral,-0.039,Neutral,Social Anxiety,Instagram
COM-03100,POST-0685,2025-09-10,Why does this describe me so perfectly?,Neutral,0.066,Relatable,Productivity,Instagram
COM-03101,POST-0997,2025-01-06,I have been struggling with this too.,Neutral,0.058,Relatable,Academic Pressure,YouTube
COM-03102,POST-1134,2025-04-02,Thanks for sharing this.,Neutral,0.005,Neutral,Productivity,YouTube
COM-03103,POST-1014,2025-02-01,This is exactly what student life feels like.,Neutral,-0.001,Relatable,Career Anxiety,Instagram
COM-03104,POST-0554,2025-11-06,This made me feel understood.,Neutral,0.056,Relatable,Dating,Instagram
COM-03105,POST-0598,2025-05-18,Interesting perspective.,Neutral,-0.057,Neutral,Student Life,Instagram
COM-03106,POST-1111,2025-05-20,Finally someone said this out loud.,Positive,0.885,Relatable,Career Anxiety,Instagram
COM-03107,POST-0404,2025-01-12,Interesting perspective.,Neutral,0.023,Neutral,Career Anxiety,YouTube
COM-03108,POST-0598,2025-05-18,Nice post.,Neutral,-0.098,Neutral,Student Life,Instagram
COM-03109,POST-1141,2025-01-23,I have been struggling with this too.,Positive,0.266,Relatable,Academic Pressure,Instagram
COM-03110,POST-0350,2025-07-18,I thought I was the only one dealing with this.,Positive,0.654,Relatable,Dating,Instagram
COM-03111,POST-0539,2025-06-03,Why does this describe me so perfectly?,Positive,0.688,Relatable,Dating,YouTube
COM-03112,POST-0776,2025-08-25,I have been struggling with this too.,Positive,0.628,Relatable,Productivity,YouTube
COM-03113,POST-0477,2025-12-10,This made me feel understood.,Positive,0.697,Relatable,Friendship,Instagram
COM-03114,POST-0319,2025-09-03,Thanks for sharing this.,Negative,-0.74,Neutral,Career Anxiety,YouTube
COM-03115,POST-1061,2025-01-06,This made me feel understood.,Neutral,-0.087,Relatable,Dating,Instagram
COM-03116,POST-0323,2025-08-28,Thanks for sharing this.,Positive,0.178,Neutral,Social Anxiety,YouTube
COM-03117,POST-0367,2025-05-08,I have been struggling with this too.,Negative,-0.461,Relatable,Social Anxiety,Instagram
COM-03118,POST-0125,2025-06-16,Why does this describe me so perfectly?,Positive,0.582,Relatable,Student Life,Instagram
COM-03119,POST-1190,2025-09-29,This made me feel understood.,Neutral,-0.011,Relatable,Digital Burnout,Instagram
COM-03120,POST-0044,2025-06-23,I will check this out.,Neutral,0.091,Neutral,Social Anxiety,Instagram
COM-03121,POST-0271,2025-08-06,This is exactly what student life feels like.,Neutral,0.054,Relatable,Student Life,YouTube
COM-03122,POST-0620,2025-10-15,This made me feel understood.,Negative,-0.568,Relatable,Friendship,Instagram
COM-03123,POST-0733,2025-08-20,I will check this out.,Neutral,-0.036,Neutral,Social Anxiety,Instagram
COM-03124,POST-0377,2025-04-24,Interesting perspective.,Neutral,0.056,Neutral,Productivity,Instagram
COM-03125,POST-0540,2025-09-23,This is exactly what student life feels like.,Positive,0.164,Relatable,Student Life,Instagram
COM-03126,POST-0552,2025-04-17,I have been struggling with this too.,Positive,0.521,Relatable,Friendship,YouTube
COM-03127,POST-0940,2025-06-01,This made me feel understood.,Neutral,-0.084,Relatable,Dating,YouTube
COM-03128,POST-0386,2025-03-11,Interesting perspective.,Neutral,-0.097,Neutral,Career Anxiety,Instagram
COM-03129,POST-1148,2025-05-15,Why does this describe me so perfectly?,Neutral,-0.096,Relatable,Friendship,Instagram
COM-03130,POST-0126,2025-10-08,Thanks for sharing this.,Neutral,0.098,Neutral,Dating,YouTube
COM-03131,POST-0224,2025-09-18,Nice post.,Neutral,-0.013,Neutral,Digital Burnout,Instagram
COM-03132,POST-0587,2025-12-16,I have been struggling with this too.,Negative,-0.568,Relatable,Student Life,Instagram
COM-03133,POST-0090,2025-03-24,Nice post.,Neutral,0.074,Neutral,Career Anxiety,Instagram
COM-03134,POST-0067,2025-12-08,That is an interesting point.,Positive,0.958,Neutral,Social Anxiety,YouTube
COM-03135,POST-0506,2025-11-23,I have been struggling with this too.,Neutral,-0.099,Relatable,Academic Pressure,Instagram
COM-03136,POST-1033,2025-10-06,That is an interesting point.,Positive,0.445,Neutral,Digital Burnout,Instagram
COM-03137,POST-0205,2025-01-10,I have been struggling with this too.,Positive,0.819,Relatable,Digital Burnout,Instagram
COM-03138,POST-0964,2025-01-27,I thought I was the only one dealing with this.,Negative,-0.75,Relatable,Productivity,Instagram
COM-03139,POST-0502,2025-02-28,Why does this describe me so perfectly?,Positive,0.294,Relatable,Friendship,Instagram
COM-03140,POST-1194,2025-04-03,Finally someone said this out loud.,Positive,0.222,Relatable,Digital Burnout,Instagram
COM-03141,POST-0009,2025-04-18,I have been struggling with this too.,Neutral,-0.006,Relatable,Friendship,Instagram
COM-03142,POST-0589,2025-12-17,This is exactly what student life feels like.,Neutral,-0.039,Relatable,Dating,Instagram
COM-03143,POST-0122,2025-06-19,That is an interesting point.,Neutral,-0.032,Neutral,Academic Pressure,Instagram
COM-03144,POST-0169,2025-06-22,I thought I was the only one dealing with this.,Positive,0.68,Relatable,Digital Burnout,YouTube
COM-03145,POST-0893,2025-12-30,Why does this describe me so perfectly?,Neutral,-0.037,Relatable,Dating,YouTube
COM-03146,POST-0501,2025-07-09,That is an interesting point.,Neutral,-0.084,Neutral,Dating,Instagram
COM-03147,POST-0178,2025-02-23,Why does this describe me so perfectly?,Neutral,-0.092,Relatable,Productivity,Instagram
COM-03148,POST-0322,2025-09-18,I have been struggling with this too.,Positive,0.619,Relatable,Digital Burnout,Instagram
COM-03149,POST-0263,2025-02-16,I have been struggling with this too.,Positive,0.979,Relatable,Productivity,Instagram
COM-03150,POST-0720,2025-07-13,Why does this describe me so perfectly?,Positive,0.95,Relatable,Career Anxiety,YouTube
COM-03151,POST-1143,2025-07-11,Good information.,Neutral,0.003,Neutral,Academic Pressure,Instagram
COM-03152,POST-0066,2025-06-10,That is an interesting point.,Neutral,-0.086,Neutral,Career Anxiety,YouTube
COM-03153,POST-0960,2025-06-02,Nice post.,Neutral,-0.001,Neutral,Friendship,Instagram
COM-03154,POST-0424,2025-02-07,Why does this describe me so perfectly?,Positive,0.33,Relatable,Social Anxiety,Instagram
COM-03155,POST-1037,2025-03-17,Nice post.,Positive,0.255,Neutral,Student Life,Instagram
COM-03156,POST-0474,2025-04-06,This made me feel understood.,Negative,-0.305,Relatable,Friendship,YouTube
COM-03157,POST-1021,2025-01-08,This made me feel understood.,Positive,0.491,Relatable,Academic Pressure,Instagram
COM-03158,POST-0994,2025-06-25,Thanks for sharing this.,Neutral,-0.077,Neutral,Productivity,YouTube
COM-03159,POST-0563,2025-03-18,Interesting perspective.,Neutral,-0.08,Neutral,Social Anxiety,Instagram
COM-03160,POST-0772,2025-03-13,That is an interesting point.,Neutral,-0.016,Neutral,Productivity,Instagram
COM-03161,POST-0334,2025-10-24,I thought I was the only one dealing with this.,Negative,-0.195,Relatable,Digital Burnout,Instagram
COM-03162,POST-1058,2025-08-08,I have been struggling with this too.,Negative,-0.719,Relatable,Productivity,YouTube
COM-03163,POST-0768,2025-03-26,Why does this describe me so perfectly?,Positive,0.171,Relatable,Academic Pressure,YouTube
COM-03164,POST-0579,2025-06-24,Finally someone said this out loud.,Positive,0.838,Relatable,Dating,YouTube
COM-03165,POST-1010,2025-12-13,That is an interesting point.,Neutral,-0.025,Neutral,Productivity,Instagram
COM-03166,POST-0319,2025-09-03,I will check this out.,Neutral,-0.008,Neutral,Career Anxiety,YouTube
COM-03167,POST-0610,2025-09-13,Why does this describe me so perfectly?,Negative,-0.337,Relatable,Digital Burnout,Instagram
COM-03168,POST-0262,2025-11-04,This is exactly what student life feels like.,Negative,-0.503,Relatable,Student Life,YouTube
COM-03169,POST-0749,2025-02-01,Thanks for sharing this.,Positive,0.449,Neutral,Academic Pressure,Instagram
COM-03170,POST-0045,2025-01-15,Thanks for sharing this.,Neutral,0.081,Neutral,Digital Burnout,Instagram
COM-03171,POST-0974,2025-01-19,I thought I was the only one dealing with this.,Neutral,0.094,Relatable,Digital Burnout,YouTube
COM-03172,POST-0229,2025-07-26,Thanks for sharing this.,Neutral,-0.003,Neutral,Student Life,Instagram
COM-03173,POST-0160,2025-06-09,Good information.,Negative,-0.202,Neutral,Social Anxiety,YouTube
COM-03174,POST-0100,2025-01-02,Why does this describe me so perfectly?,Positive,0.674,Relatable,Friendship,Instagram
COM-03175,POST-0034,2025-06-13,This is exactly what student life feels like.,Positive,0.604,Relatable,Digital Burnout,Instagram
COM-03176,POST-0017,2025-02-26,Finally someone said this out loud.,Positive,0.52,Relatable,Academic Pressure,YouTube
COM-03177,POST-0971,2025-01-10,This made me feel understood.,Negative,-0.777,Relatable,Dating,YouTube
COM-03178,POST-0494,2025-01-31,I thought I was the only one dealing with this.,Positive,0.812,Relatable,Productivity,Instagram
COM-03179,POST-0127,2025-04-29,This is exactly what student life feels like.,Positive,0.925,Relatable,Career Anxiety,YouTube
COM-03180,POST-1065,2025-11-10,I thought I was the only one dealing with this.,Positive,0.185,Relatable,Social Anxiety,Instagram
COM-03181,POST-0314,2025-11-10,Nice post.,Neutral,-0.001,Neutral,Dating,Instagram
COM-03182,POST-0139,2025-02-14,Good information.,Positive,0.364,Neutral,Digital Burnout,YouTube
COM-03183,POST-0009,2025-04-18,Thanks for sharing this.,Positive,0.82,Neutral,Friendship,Instagram
COM-03184,POST-1199,2025-10-10,This made me feel understood.,Negative,-0.405,Relatable,Dating,YouTube
COM-03185,POST-0387,2025-12-05,This is exactly what student life feels like.,Positive,0.637,Relatable,Social Anxiety,YouTube
COM-03186,POST-1185,2025-06-10,Nice post.,Neutral,-0.071,Neutral,Career Anxiety,YouTube
COM-03187,POST-0917,2025-07-10,That is an interesting point.,Neutral,-0.056,Neutral,Social Anxiety,YouTube
COM-03188,POST-0083,2025-10-24,I thought I was the only one dealing with this.,Positive,0.769,Relatable,Digital Burnout,Instagram
COM-03189,POST-1011,2025-12-31,This made me feel understood.,Positive,0.506,Relatable,Social Anxiety,Instagram
COM-03190,POST-0668,2025-06-15,This is exactly what student life feels like.,Positive,0.547,Relatable,Career Anxiety,YouTube
COM-03191,POST-0038,2025-06-02,This is exactly what student life feels like.,Positive,0.453,Relatable,Career Anxiety,Instagram
COM-03192,POST-0020,2025-06-08,Nice post.,Negative,-0.578,Neutral,Academic Pressure,Instagram
COM-03193,POST-1006,2025-08-26,I have been struggling with this too.,Positive,0.984,Relatable,Social Anxiety,Instagram
COM-03194,POST-1052,2025-01-27,Finally someone said this out loud.,Positive,0.427,Relatable,Friendship,Instagram
COM-03195,POST-0888,2025-10-10,Finally someone said this out loud.,Positive,0.856,Relatable,Career Anxiety,Instagram
COM-03196,POST-0711,2025-08-05,This is exactly what student life feels like.,Positive,0.191,Relatable,Career Anxiety,Instagram
COM-03197,POST-0565,2025-12-09,Good information.,Positive,0.912,Neutral,Productivity,Instagram
COM-03198,POST-0246,2025-11-06,Thanks for sharing this.,Positive,0.508,Neutral,Friendship,Instagram
COM-03199,POST-0803,2025-03-24,Nice post.,Neutral,0.067,Neutral,Friendship,Instagram
COM-03200,POST-0940,2025-06-01,Interesting perspective.,Neutral,0.057,Neutral,Dating,YouTube
COM-03201,POST-0244,2025-12-07,Good information.,Neutral,0.025,Neutral,Student Life,Instagram
COM-03202,POST-0263,2025-02-16,This is exactly what student life feels like.,Positive,0.574,Relatable,Productivity,Instagram
COM-03203,POST-0611,2025-11-26,Finally someone said this out loud.,Positive,0.998,Relatable,Dating,YouTube
COM-03204,POST-0322,2025-09-18,Thanks for sharing this.,Neutral,0.095,Neutral,Digital Burnout,Instagram
COM-03205,POST-0372,2025-06-07,Nice post.,Negative,-0.904,Neutral,Dating,Instagram
COM-03206,POST-0009,2025-04-18,Why does this describe me so perfectly?,Negative,-0.462,Relatable,Friendship,Instagram
COM-03207,POST-1019,2025-08-25,This made me feel understood.,Neutral,0.081,Relatable,Digital Burnout,YouTube
COM-03208,POST-1170,2025-05-02,This is exactly what student life feels like.,Neutral,0.049,Relatable,Social Anxiety,Instagram
COM-03209,POST-0575,2025-07-05,Interesting perspective.,Neutral,-0.014,Neutral,Student Life,YouTube
COM-03210,POST-0041,2025-02-11,This is exactly what student life feels like.,Positive,0.775,Relatable,Dating,Instagram
COM-03211,POST-0653,2025-03-28,This made me feel understood.,Negative,-0.768,Relatable,Friendship,Instagram
COM-03212,POST-1166,2025-10-09,This made me feel understood.,Positive,0.154,Relatable,Dating,Instagram
COM-03213,POST-0333,2025-05-02,That is an interesting point.,Negative,-0.616,Neutral,Social Anxiety,YouTube
COM-03214,POST-1167,2025-10-13,Finally someone said this out loud.,Positive,0.461,Relatable,Productivity,Instagram
COM-03215,POST-0635,2025-06-22,Thanks for sharing this.,Neutral,0.091,Neutral,Productivity,Instagram
COM-03216,POST-0400,2025-12-11,Finally someone said this out loud.,Neutral,0.024,Relatable,Student Life,Instagram
COM-03217,POST-1157,2025-04-21,I thought I was the only one dealing with this.,Neutral,0.029,Relatable,Social Anxiety,Instagram
COM-03218,POST-0548,2025-08-15,This made me feel understood.,Negative,-0.856,Relatable,Dating,Instagram
COM-03219,POST-0123,2025-05-05,This is exactly what student life feels like.,Positive,0.233,Relatable,Career Anxiety,Instagram
COM-03220,POST-1128,2025-09-04,Finally someone said this out loud.,Positive,0.64,Relatable,Productivity,Instagram
COM-03221,POST-1022,2025-11-01,Nice post.,Neutral,-0.051,Neutral,Social Anxiety,Instagram
COM-03222,POST-0490,2025-01-06,I thought I was the only one dealing with this.,Negative,-0.995,Relatable,Productivity,Instagram
COM-03223,POST-0196,2025-01-30,I will check this out.,Neutral,0.081,Neutral,Dating,Instagram
COM-03224,POST-0387,2025-12-05,Good information.,Neutral,-0.079,Neutral,Social Anxiety,YouTube
COM-03225,POST-0422,2025-02-01,This made me feel understood.,Positive,0.741,Relatable,Academic Pressure,Instagram
COM-03226,POST-1068,2025-11-06,Good information.,Neutral,-0.048,Neutral,Career Anxiety,Instagram
COM-03227,POST-1198,2025-12-12,That is an interesting point.,Neutral,-0.073,Neutral,Dating,Instagram
COM-03228,POST-0296,2025-03-22,Why does this describe me so perfectly?,Positive,0.255,Relatable,Academic Pressure,Instagram
COM-03229,POST-0704,2025-03-23,That is an interesting point.,Neutral,-0.079,Neutral,Dating,Instagram
COM-03230,POST-0446,2025-07-15,I have been struggling with this too.,Neutral,-0.078,Relatable,Academic Pressure,Instagram
COM-03231,POST-0902,2025-11-12,I have been struggling with this too.,Positive,0.929,Relatable,Academic Pressure,YouTube
COM-03232,POST-0021,2025-08-07,Good information.,Positive,0.606,Neutral,Career Anxiety,Instagram
COM-03233,POST-0039,2025-03-23,I have been struggling with this too.,Neutral,-0.002,Relatable,Digital Burnout,Instagram
COM-03234,POST-0724,2025-08-22,Why does this describe me so perfectly?,Positive,0.878,Relatable,Dating,Instagram
COM-03235,POST-0056,2025-06-25,I thought I was the only one dealing with this.,Neutral,0.001,Relatable,Productivity,Instagram
COM-03236,POST-0846,2025-08-10,Good information.,Neutral,0.053,Neutral,Productivity,YouTube
COM-03237,POST-0884,2025-09-11,I have been struggling with this too.,Neutral,-0.017,Relatable,Career Anxiety,Instagram
COM-03238,POST-0595,2025-07-29,Interesting perspective.,Neutral,0.012,Neutral,Digital Burnout,YouTube
COM-03239,POST-0333,2025-05-02,I thought I was the only one dealing with this.,Negative,-0.854,Relatable,Social Anxiety,YouTube
COM-03240,POST-0961,2025-08-10,Why does this describe me so perfectly?,Positive,0.657,Relatable,Social Anxiety,YouTube
COM-03241,POST-0125,2025-06-16,That is an interesting point.,Neutral,0.061,Neutral,Student Life,Instagram
COM-03242,POST-0318,2025-08-22,Why does this describe me so perfectly?,Neutral,0.057,Relatable,Social Anxiety,Instagram
COM-03243,POST-1091,2025-08-26,I have been struggling with this too.,Positive,0.831,Relatable,Career Anxiety,YouTube
COM-03244,POST-0685,2025-09-10,I thought I was the only one dealing with this.,Positive,0.221,Relatable,Productivity,Instagram
COM-03245,POST-0747,2025-09-19,Finally someone said this out loud.,Negative,-0.373,Relatable,Social Anxiety,YouTube
COM-03246,POST-1065,2025-11-10,Why does this describe me so perfectly?,Negative,-0.834,Relatable,Social Anxiety,Instagram
COM-03247,POST-1040,2025-03-23,I thought I was the only one dealing with this.,Negative,-0.29,Relatable,Dating,Instagram
COM-03248,POST-0116,2025-03-05,Why does this describe me so perfectly?,Positive,0.206,Relatable,Dating,Instagram
COM-03249,POST-0079,2025-02-07,This made me feel understood.,Neutral,0.087,Relatable,Dating,Instagram
COM-03250,POST-0874,2025-04-15,This made me feel understood.,Positive,0.784,Relatable,Social Anxiety,Instagram
COM-03251,POST-0428,2025-11-28,I thought I was the only one dealing with this.,Positive,0.177,Relatable,Social Anxiety,Instagram
COM-03252,POST-0710,2025-02-10,I have been struggling with this too.,Neutral,-0.056,Relatable,Student Life,Instagram
COM-03253,POST-0945,2025-10-23,This made me feel understood.,Positive,0.496,Relatable,Dating,YouTube
COM-03254,POST-1020,2025-08-30,I have been struggling with this too.,Neutral,0.069,Relatable,Academic Pressure,YouTube
COM-03255,POST-0036,2025-02-13,I thought I was the only one dealing with this.,Positive,0.426,Relatable,Friendship,YouTube
COM-03256,POST-0296,2025-03-22,That is an interesting point.,Neutral,0.015,Neutral,Academic Pressure,Instagram
COM-03257,POST-0086,2025-04-24,Interesting perspective.,Neutral,-0.022,Neutral,Career Anxiety,YouTube
COM-03258,POST-0043,2025-07-17,That is an interesting point.,Neutral,0.016,Neutral,Productivity,YouTube
COM-03259,POST-0421,2025-01-29,Finally someone said this out loud.,Positive,0.491,Relatable,Student Life,Instagram
COM-03260,POST-0493,2025-12-12,Good information.,Neutral,0.036,Neutral,Student Life,Instagram
COM-03261,POST-0535,2025-05-05,Why does this describe me so perfectly?,Neutral,-0.064,Relatable,Dating,Instagram
COM-03262,POST-0292,2025-12-02,This is exactly what student life feels like.,Neutral,-0.014,Relatable,Career Anxiety,Instagram
COM-03263,POST-0524,2025-04-01,This is exactly what student life feels like.,Negative,-0.361,Relatable,Friendship,YouTube
COM-03264,POST-0372,2025-06-07,That is an interesting point.,Positive,0.38,Neutral,Dating,Instagram
COM-03265,POST-0734,2025-06-09,This made me feel understood.,Neutral,-0.029,Relatable,Productivity,Instagram
COM-03266,POST-1079,2025-04-01,Interesting perspective.,Positive,0.366,Neutral,Digital Burnout,Instagram
COM-03267,POST-0054,2025-02-06,Good information.,Positive,0.598,Neutral,Career Anxiety,YouTube
COM-03268,POST-0695,2025-08-02,I will check this out.,Neutral,0.095,Neutral,Digital Burnout,Instagram
COM-03269,POST-0351,2025-08-15,I will check this out.,Neutral,-0.099,Neutral,Career Anxiety,Instagram
COM-03270,POST-0673,2025-11-14,That is an interesting point.,Positive,0.594,Neutral,Digital Burnout,YouTube
COM-03271,POST-0551,2025-04-10,I thought I was the only one dealing with this.,Neutral,-0.045,Relatable,Career Anxiety,Instagram
COM-03272,POST-0906,2025-01-22,This made me feel understood.,Positive,0.714,Relatable,Student Life,YouTube
COM-03273,POST-0992,2025-03-31,Why does this describe me so perfectly?,Neutral,0.043,Relatable,Social Anxiety,Instagram
COM-03274,POST-1015,2025-02-26,Why does this describe me so perfectly?,Neutral,0.096,Relatable,Career Anxiety,YouTube
COM-03275,POST-0627,2025-07-05,I thought I was the only one dealing with this.,Positive,0.301,Relatable,Academic Pressure,Instagram
COM-03276,POST-0810,2025-01-28,This is exactly what student life feels like.,Neutral,-0.048,Relatable,Social Anxiety,Instagram
COM-03277,POST-0584,2025-08-01,That is an interesting point.,Neutral,0.074,Neutral,Friendship,Instagram
COM-03278,POST-0720,2025-07-13,I thought I was the only one dealing with this.,Negative,-0.437,Relatable,Career Anxiety,YouTube
COM-03279,POST-0708,2025-01-21,Thanks for sharing this.,Neutral,-0.012,Neutral,Friendship,Instagram
COM-03280,POST-1130,2025-02-07,That is an interesting point.,Positive,0.387,Neutral,Dating,Instagram
COM-03281,POST-0453,2025-10-28,I have been struggling with this too.,Positive,0.992,Relatable,Social Anxiety,YouTube
COM-03282,POST-0624,2025-02-03,This made me feel understood.,Neutral,-0.072,Relatable,Social Anxiety,Instagram
COM-03283,POST-0008,2025-04-23,That is an interesting point.,Neutral,0.066,Neutral,Friendship,YouTube
COM-03284,POST-0848,2025-04-23,I thought I was the only one dealing with this.,Neutral,0.013,Relatable,Social Anxiety,Instagram
COM-03285,POST-0118,2025-08-05,I have been struggling with this too.,Negative,-0.368,Relatable,Student Life,Instagram
COM-03286,POST-0659,2025-06-10,Why does this describe me so perfectly?,Positive,0.598,Relatable,Career Anxiety,Instagram
COM-03287,POST-0007,2025-04-08,I thought I was the only one dealing with this.,Neutral,0.0,Relatable,Student Life,Instagram
COM-03288,POST-0479,2025-05-31,Interesting perspective.,Neutral,-0.093,Neutral,Digital Burnout,Instagram
COM-03289,POST-1183,2025-11-09,I will check this out.,Positive,0.785,Neutral,Academic Pressure,Instagram
COM-03290,POST-0760,2025-09-22,Finally someone said this out loud.,Positive,0.36,Relatable,Academic Pressure,Instagram
COM-03291,POST-0816,2025-12-22,Nice post.,Negative,-0.249,Neutral,Student Life,Instagram
COM-03292,POST-0627,2025-07-05,This made me feel understood.,Positive,0.52,Relatable,Academic Pressure,Instagram
COM-03293,POST-0250,2025-06-13,I thought I was the only one dealing with this.,Neutral,0.075,Relatable,Social Anxiety,YouTube
COM-03294,POST-0288,2025-05-05,Why does this describe me so perfectly?,Neutral,0.043,Relatable,Productivity,YouTube
COM-03295,POST-0762,2025-09-13,This is exactly what student life feels like.,Positive,0.971,Relatable,Dating,Instagram
COM-03296,POST-0315,2025-02-08,Nice post.,Neutral,0.0,Neutral,Student Life,Instagram
COM-03297,POST-0159,2025-09-21,Nice post.,Neutral,0.022,Neutral,Digital Burnout,YouTube
COM-03298,POST-0777,2025-09-01,Thanks for sharing this.,Positive,0.831,Neutral,Digital Burnout,Instagram
COM-03299,POST-0018,2025-11-21,I have been struggling with this too.,Neutral,0.056,Relatable,Academic Pressure,Instagram
COM-03300,POST-1002,2025-02-21,Why does this describe me so perfectly?,Positive,0.6,Relatable,Career Anxiety,Instagram
COM-03301,POST-0242,2025-03-27,Good information.,Positive,0.998,Neutral,Friendship,Instagram
COM-03302,POST-0800,2025-07-07,Finally someone said this out loud.,Negative,-0.896,Relatable,Friendship,Instagram
COM-03303,POST-0221,2025-10-22,Why does this describe me so perfectly?,Positive,0.33,Relatable,Career Anxiety,Instagram
COM-03304,POST-0879,2025-04-15,I thought I was the only one dealing with this.,Positive,0.892,Relatable,Career Anxiety,Instagram
COM-03305,POST-1077,2025-03-17,This made me feel understood.,Positive,0.368,Relatable,Career Anxiety,Instagram
COM-03306,POST-0090,2025-03-24,Interesting perspective.,Positive,0.528,Neutral,Career Anxiety,Instagram
COM-03307,POST-0626,2025-12-27,I thought I was the only one dealing with this.,Positive,0.933,Relatable,Digital Burnout,Instagram
COM-03308,POST-0884,2025-09-11,Finally someone said this out loud.,Negative,-0.459,Relatable,Career Anxiety,Instagram
COM-03309,POST-0947,2025-08-31,Why does this describe me so perfectly?,Positive,0.218,Relatable,Social Anxiety,YouTube
COM-03310,POST-0968,2025-11-25,I thought I was the only one dealing with this.,Positive,0.971,Relatable,Social Anxiety,Instagram
COM-03311,POST-1079,2025-04-01,Nice post.,Neutral,-0.006,Neutral,Digital Burnout,Instagram
COM-03312,POST-0377,2025-04-24,That is an interesting point.,Neutral,0.011,Neutral,Productivity,Instagram
COM-03313,POST-0388,2025-04-29,I have been struggling with this too.,Positive,0.388,Relatable,Social Anxiety,YouTube
COM-03314,POST-0752,2025-07-22,Why does this describe me so perfectly?,Positive,0.58,Relatable,Social Anxiety,Instagram
COM-03315,POST-0543,2025-02-02,Nice post.,Neutral,-0.035,Neutral,Friendship,Instagram
COM-03316,POST-0397,2025-09-22,Good information.,Neutral,0.08,Neutral,Productivity,Instagram
COM-03317,POST-0492,2025-07-19,That is an interesting point.,Neutral,-0.006,Neutral,Social Anxiety,YouTube
COM-03318,POST-0193,2025-01-21,I thought I was the only one dealing with this.,Positive,0.224,Relatable,Friendship,YouTube
COM-03319,POST-1101,2025-08-25,Thanks for sharing this.,Neutral,-0.071,Neutral,Productivity,YouTube
COM-03320,POST-0159,2025-09-21,Why does this describe me so perfectly?,Neutral,0.005,Relatable,Digital Burnout,YouTube
COM-03321,POST-0467,2025-11-21,I will check this out.,Neutral,0.095,Neutral,Friendship,Instagram
COM-03322,POST-0622,2025-01-19,Nice post.,Neutral,-0.03,Neutral,Dating,Instagram
COM-03323,POST-0505,2025-06-01,This made me feel understood.,Positive,0.809,Relatable,Academic Pressure,Instagram
COM-03324,POST-0316,2025-11-09,This made me feel understood.,Positive,0.171,Relatable,Friendship,Instagram
COM-03325,POST-0640,2025-04-24,This made me feel understood.,Neutral,0.067,Relatable,Dating,Instagram
COM-03326,POST-0539,2025-06-03,This made me feel understood.,Neutral,0.094,Relatable,Dating,YouTube
COM-03327,POST-0422,2025-02-01,Finally someone said this out loud.,Positive,0.734,Relatable,Academic Pressure,Instagram
COM-03328,POST-1030,2025-07-08,Good information.,Neutral,0.047,Neutral,Student Life,Instagram
COM-03329,POST-0771,2025-05-23,I will check this out.,Neutral,-0.04,Neutral,Productivity,Instagram
COM-03330,POST-0724,2025-08-22,This made me feel understood.,Negative,-0.535,Relatable,Dating,Instagram
COM-03331,POST-0362,2025-02-27,This made me feel understood.,Positive,0.813,Relatable,Career Anxiety,Instagram
COM-03332,POST-0358,2025-09-12,That is an interesting point.,Neutral,0.075,Neutral,Social Anxiety,YouTube
COM-03333,POST-0765,2025-06-14,This is exactly what student life feels like.,Neutral,0.036,Relatable,Social Anxiety,YouTube
COM-03334,POST-0148,2025-10-17,Nice post.,Positive,0.524,Neutral,Productivity,Instagram
COM-03335,POST-0516,2025-07-19,Why does this describe me so perfectly?,Positive,0.614,Relatable,Student Life,Instagram
COM-03336,POST-1129,2025-03-20,Nice post.,Neutral,0.027,Neutral,Friendship,Instagram
COM-03337,POST-1159,2025-01-26,This is exactly what student life feels like.,Positive,0.511,Relatable,Dating,Instagram
COM-03338,POST-0711,2025-08-05,Why does this describe me so perfectly?,Positive,0.985,Relatable,Career Anxiety,Instagram
COM-03339,POST-0172,2025-10-22,Good information.,Neutral,0.026,Neutral,Student Life,YouTube
COM-03340,POST-0943,2025-11-24,This made me feel understood.,Positive,0.866,Relatable,Dating,Instagram
COM-03341,POST-1048,2025-07-07,That is an interesting point.,Neutral,-0.042,Neutral,Student Life,YouTube
COM-03342,POST-0557,2025-07-21,Finally someone said this out loud.,Positive,0.913,Relatable,Social Anxiety,YouTube
COM-03343,POST-0184,2025-12-18,Why does this describe me so perfectly?,Negative,-0.96,Relatable,Academic Pressure,Instagram
COM-03344,POST-0568,2025-09-07,This made me feel understood.,Neutral,-0.091,Relatable,Dating,YouTube
COM-03345,POST-0887,2025-11-12,Nice post.,Neutral,0.08,Neutral,Student Life,Instagram
COM-03346,POST-1153,2025-04-27,Why does this describe me so perfectly?,Neutral,-0.042,Relatable,Academic Pressure,Instagram
COM-03347,POST-0460,2025-11-28,Finally someone said this out loud.,Neutral,-0.068,Relatable,Productivity,Instagram
COM-03348,POST-0301,2025-03-22,Good information.,Neutral,-0.036,Neutral,Productivity,Instagram
COM-03349,POST-0840,2025-07-16,Interesting perspective.,Neutral,0.046,Neutral,Student Life,Instagram
COM-03350,POST-1032,2025-12-06,I have been struggling with this too.,Neutral,0.013,Relatable,Student Life,Instagram
COM-03351,POST-0578,2025-09-17,Nice post.,Neutral,0.1,Neutral,Academic Pressure,Instagram
COM-03352,POST-0308,2025-03-16,Why does this describe me so perfectly?,Positive,0.24,Relatable,Career Anxiety,YouTube
COM-03353,POST-0661,2025-07-21,Good information.,Neutral,-0.052,Neutral,Dating,Instagram
COM-03354,POST-1126,2025-09-25,Finally someone said this out loud.,Positive,0.943,Relatable,Social Anxiety,Instagram
COM-03355,POST-0294,2025-03-22,Finally someone said this out loud.,Neutral,0.097,Relatable,Friendship,YouTube
COM-03356,POST-0427,2025-08-06,This made me feel understood.,Neutral,0.093,Relatable,Dating,Instagram
COM-03357,POST-0208,2025-02-20,Interesting perspective.,Neutral,0.004,Neutral,Friendship,YouTube
COM-03358,POST-0397,2025-09-22,Finally someone said this out loud.,Neutral,-0.02,Relatable,Productivity,Instagram
COM-03359,POST-0976,2025-11-03,This is exactly what student life feels like.,Positive,0.271,Relatable,Social Anxiety,Instagram
COM-03360,POST-0353,2025-11-12,Good information.,Neutral,0.025,Neutral,Student Life,Instagram
COM-03361,POST-0290,2025-01-22,This is exactly what student life feels like.,Positive,0.266,Relatable,Student Life,Instagram
COM-03362,POST-0771,2025-05-23,Thanks for sharing this.,Neutral,0.053,Neutral,Productivity,Instagram
COM-03363,POST-0905,2025-10-10,That is an interesting point.,Neutral,0.062,Neutral,Dating,Instagram
COM-03364,POST-0702,2025-02-13,I thought I was the only one dealing with this.,Neutral,0.002,Relatable,Productivity,Instagram
COM-03365,POST-0163,2025-11-18,This made me feel understood.,Positive,0.485,Relatable,Career Anxiety,YouTube
COM-03366,POST-0686,2025-10-30,Nice post.,Negative,-0.929,Neutral,Academic Pressure,YouTube
COM-03367,POST-0099,2025-11-30,Why does this describe me so perfectly?,Neutral,-0.093,Relatable,Career Anxiety,Instagram
COM-03368,POST-0757,2025-10-04,I have been struggling with this too.,Neutral,-0.016,Relatable,Dating,Instagram
COM-03369,POST-0165,2025-10-20,This is exactly what student life feels like.,Neutral,0.021,Relatable,Social Anxiety,Instagram
COM-03370,POST-0666,2025-06-03,This is exactly what student life feels like.,Neutral,0.099,Relatable,Career Anxiety,YouTube
COM-03371,POST-0693,2025-04-22,That is an interesting point.,Positive,0.683,Neutral,Digital Burnout,Instagram
COM-03372,POST-1157,2025-04-21,Finally someone said this out loud.,Negative,-0.554,Relatable,Social Anxiety,Instagram
COM-03373,POST-1183,2025-11-09,Why does this describe me so perfectly?,Positive,0.868,Relatable,Academic Pressure,Instagram
COM-03374,POST-0709,2025-03-01,That is an interesting point.,Neutral,0.081,Neutral,Dating,Instagram
COM-03375,POST-1089,2025-07-23,Good information.,Positive,0.263,Neutral,Digital Burnout,Instagram
COM-03376,POST-1155,2025-11-26,Good information.,Neutral,-0.075,Neutral,Student Life,YouTube
COM-03377,POST-0636,2025-07-26,Finally someone said this out loud.,Positive,0.156,Relatable,Digital Burnout,YouTube
COM-03378,POST-0856,2025-08-06,Nice post.,Positive,0.656,Neutral,Digital Burnout,YouTube
COM-03379,POST-0576,2025-01-31,Finally someone said this out loud.,Neutral,-0.078,Relatable,Productivity,YouTube
COM-03380,POST-0272,2025-09-05,I thought I was the only one dealing with this.,Neutral,0.086,Relatable,Productivity,Instagram
COM-03381,POST-0815,2025-06-05,I thought I was the only one dealing with this.,Neutral,0.008,Relatable,Career Anxiety,Instagram
COM-03382,POST-0076,2025-06-21,That is an interesting point.,Neutral,0.098,Neutral,Student Life,YouTube
COM-03383,POST-0165,2025-10-20,This is exactly what student life feels like.,Positive,0.276,Relatable,Social Anxiety,Instagram
COM-03384,POST-0772,2025-03-13,This made me feel understood.,Neutral,-0.004,Relatable,Productivity,Instagram
COM-03385,POST-0392,2025-11-16,Why does this describe me so perfectly?,Neutral,-0.045,Relatable,Student Life,Instagram
COM-03386,POST-0854,2025-01-20,Finally someone said this out loud.,Positive,0.632,Relatable,Career Anxiety,Instagram
COM-03387,POST-0594,2025-12-14,I have been struggling with this too.,Positive,0.7,Relatable,Productivity,YouTube
COM-03388,POST-0834,2025-04-11,That is an interesting point.,Neutral,0.03,Neutral,Social Anxiety,Instagram
COM-03389,POST-0725,2025-10-06,I will check this out.,Positive,0.435,Neutral,Student Life,Instagram
COM-03390,POST-0002,2025-10-04,I will check this out.,Positive,0.972,Neutral,Social Anxiety,Instagram
COM-03391,POST-0482,2025-09-19,Nice post.,Positive,0.745,Neutral,Academic Pressure,Instagram
COM-03392,POST-0167,2025-04-02,I will check this out.,Positive,0.356,Neutral,Student Life,Instagram
COM-03393,POST-0343,2025-11-07,I will check this out.,Positive,0.407,Neutral,Dating,Instagram
COM-03394,POST-0526,2025-11-29,I thought I was the only one dealing with this.,Negative,-0.533,Relatable,Student Life,Instagram
COM-03395,POST-0405,2025-01-12,That is an interesting point.,Negative,-0.341,Neutral,Career Anxiety,Instagram
COM-03396,POST-0333,2025-05-02,Nice post.,Positive,0.796,Neutral,Social Anxiety,YouTube
COM-03397,POST-0568,2025-09-07,I thought I was the only one dealing with this.,Positive,0.36,Relatable,Dating,YouTube
COM-03398,POST-0760,2025-09-22,I thought I was the only one dealing with this.,Positive,0.834,Relatable,Academic Pressure,Instagram
COM-03399,POST-1065,2025-11-10,I thought I was the only one dealing with this.,Neutral,-0.038,Relatable,Social Anxiety,Instagram
COM-03400,POST-0249,2025-03-30,I will check this out.,Neutral,0.096,Neutral,Career Anxiety,Instagram
COM-03401,POST-1122,2025-11-13,Interesting perspective.,Positive,0.523,Neutral,Career Anxiety,Instagram
COM-03402,POST-0196,2025-01-30,Why does this describe me so perfectly?,Positive,0.213,Relatable,Dating,Instagram
COM-03403,POST-0804,2025-02-17,Finally someone said this out loud.,Negative,-0.643,Relatable,Dating,YouTube
COM-03404,POST-1048,2025-07-07,Finally someone said this out loud.,Positive,0.378,Relatable,Student Life,YouTube
COM-03405,POST-0304,2025-07-22,I have been struggling with this too.,Neutral,0.027,Relatable,Productivity,YouTube
COM-03406,POST-0286,2025-04-10,This is exactly what student life feels like.,Positive,0.743,Relatable,Student Life,YouTube
COM-03407,POST-0228,2025-01-30,Good information.,Positive,0.898,Neutral,Social Anxiety,Instagram
COM-03408,POST-0809,2025-11-07,Good information.,Neutral,-0.079,Neutral,Social Anxiety,Instagram
COM-03409,POST-0467,2025-11-21,That is an interesting point.,Neutral,0.024,Neutral,Friendship,Instagram
COM-03410,POST-0754,2025-02-20,This is exactly what student life feels like.,Neutral,0.072,Relatable,Social Anxiety,Instagram
COM-03411,POST-0557,2025-07-21,Why does this describe me so perfectly?,Positive,0.451,Relatable,Social Anxiety,YouTube
COM-03412,POST-0550,2025-12-11,Why does this describe me so perfectly?,Positive,0.304,Relatable,Friendship,Instagram
COM-03413,POST-0936,2025-10-03,I will check this out.,Positive,0.522,Neutral,Social Anxiety,Instagram
COM-03414,POST-0829,2025-04-23,I have been struggling with this too.,Positive,0.448,Relatable,Student Life,YouTube
COM-03415,POST-1061,2025-01-06,I thought I was the only one dealing with this.,Positive,0.223,Relatable,Dating,Instagram
COM-03416,POST-0364,2025-07-14,Finally someone said this out loud.,Positive,0.676,Relatable,Friendship,YouTube
COM-03417,POST-0775,2025-03-13,I will check this out.,Neutral,0.019,Neutral,Productivity,YouTube
COM-03418,POST-0649,2025-07-09,This made me feel understood.,Positive,0.935,Relatable,Friendship,Instagram
COM-03419,POST-0060,2025-05-16,This made me feel understood.,Positive,0.316,Relatable,Academic Pressure,Instagram
COM-03420,POST-0951,2025-09-20,This made me feel understood.,Negative,-0.457,Relatable,Academic Pressure,Instagram
COM-03421,POST-0266,2025-08-04,I thought I was the only one dealing with this.,Positive,0.287,Relatable,Academic Pressure,Instagram
COM-03422,POST-0047,2025-12-06,This is exactly what student life feels like.,Positive,0.271,Relatable,Digital Burnout,Instagram
COM-03423,POST-0011,2025-05-16,I thought I was the only one dealing with this.,Positive,0.349,Relatable,Friendship,YouTube
COM-03424,POST-0753,2025-01-20,That is an interesting point.,Neutral,-0.048,Neutral,Friendship,YouTube
COM-03425,POST-1000,2025-04-09,Finally someone said this out loud.,Positive,0.314,Relatable,Student Life,Instagram
COM-03426,POST-0620,2025-10-15,I will check this out.,Neutral,0.05,Neutral,Friendship,Instagram
COM-03427,POST-1185,2025-06-10,Good information.,Neutral,-0.077,Neutral,Career Anxiety,YouTube
COM-03428,POST-0505,2025-06-01,I have been struggling with this too.,Positive,0.186,Relatable,Academic Pressure,Instagram
COM-03429,POST-0343,2025-11-07,Good information.,Neutral,-0.073,Neutral,Dating,Instagram
COM-03430,POST-0817,2025-11-22,Thanks for sharing this.,Neutral,0.014,Neutral,Dating,YouTube
COM-03431,POST-0508,2025-03-13,Why does this describe me so perfectly?,Positive,0.694,Relatable,Dating,YouTube
COM-03432,POST-0465,2025-02-13,This made me feel understood.,Positive,0.391,Relatable,Friendship,Instagram
COM-03433,POST-0912,2025-02-16,Why does this describe me so perfectly?,Positive,0.757,Relatable,Student Life,Instagram
COM-03434,POST-0691,2025-06-29,Thanks for sharing this.,Neutral,0.002,Neutral,Student Life,Instagram
COM-03435,POST-1189,2025-06-17,That is an interesting point.,Neutral,0.011,Neutral,Social Anxiety,YouTube
COM-03436,POST-1113,2025-03-08,Interesting perspective.,Negative,-0.935,Neutral,Dating,Instagram
COM-03437,POST-1044,2025-07-05,Why does this describe me so perfectly?,Positive,0.555,Relatable,Career Anxiety,YouTube
COM-03438,POST-0064,2025-09-20,Nice post.,Neutral,0.087,Neutral,Dating,YouTube
COM-03439,POST-0707,2025-06-21,I thought I was the only one dealing with this.,Negative,-0.412,Relatable,Social Anxiety,YouTube
COM-03440,POST-1190,2025-09-29,I will check this out.,Neutral,-0.098,Neutral,Digital Burnout,Instagram
COM-03441,POST-0780,2025-01-26,I thought I was the only one dealing with this.,Positive,0.615,Relatable,Digital Burnout,Instagram
COM-03442,POST-0312,2025-08-07,I thought I was the only one dealing with this.,Neutral,0.041,Relatable,Social Anxiety,Instagram
COM-03443,POST-0249,2025-03-30,This is exactly what student life feels like.,Positive,0.781,Relatable,Career Anxiety,Instagram
COM-03444,POST-0694,2025-11-07,This made me feel understood.,Negative,-0.77,Relatable,Student Life,Instagram
COM-03445,POST-0789,2025-07-06,I have been struggling with this too.,Neutral,0.017,Relatable,Academic Pressure,YouTube
COM-03446,POST-0404,2025-01-12,Interesting perspective.,Neutral,-0.005,Neutral,Career Anxiety,YouTube
COM-03447,POST-0972,2025-11-17,Finally someone said this out loud.,Neutral,0.051,Relatable,Digital Burnout,Instagram
COM-03448,POST-0802,2025-11-04,This made me feel understood.,Neutral,-0.093,Relatable,Career Anxiety,Instagram
COM-03449,POST-0105,2025-12-02,Thanks for sharing this.,Neutral,-0.087,Neutral,Student Life,YouTube
COM-03450,POST-0493,2025-12-12,Thanks for sharing this.,Neutral,-0.058,Neutral,Student Life,Instagram
COM-03451,POST-0308,2025-03-16,I will check this out.,Neutral,0.057,Neutral,Career Anxiety,YouTube
COM-03452,POST-0168,2025-05-24,Nice post.,Neutral,0.07,Neutral,Productivity,Instagram
COM-03453,POST-1172,2025-11-05,Nice post.,Positive,0.682,Neutral,Student Life,Instagram
COM-03454,POST-0321,2025-04-17,Interesting perspective.,Negative,-0.46,Neutral,Student Life,Instagram
COM-03455,POST-0808,2025-06-01,Interesting perspective.,Positive,0.424,Neutral,Student Life,YouTube
COM-03456,POST-1129,2025-03-20,I will check this out.,Positive,0.465,Neutral,Friendship,Instagram
COM-03457,POST-1133,2025-04-23,Interesting perspective.,Neutral,-0.01,Neutral,Productivity,YouTube
COM-03458,POST-0357,2025-10-09,I thought I was the only one dealing with this.,Positive,0.827,Relatable,Career Anxiety,YouTube
COM-03459,POST-0318,2025-08-22,Finally someone said this out loud.,Neutral,-0.025,Relatable,Social Anxiety,Instagram
COM-03460,POST-0818,2025-01-28,This is exactly what student life feels like.,Neutral,0.078,Relatable,Social Anxiety,YouTube
COM-03461,POST-0823,2025-03-09,Interesting perspective.,Neutral,-0.073,Neutral,Academic Pressure,Instagram
COM-03462,POST-0189,2025-02-22,This made me feel understood.,Neutral,-0.011,Relatable,Dating,Instagram
COM-03463,POST-0886,2025-04-07,This is exactly what student life feels like.,Neutral,0.075,Relatable,Social Anxiety,Instagram
COM-03464,POST-0634,2025-05-26,I will check this out.,Negative,-0.932,Neutral,Friendship,Instagram
COM-03465,POST-1024,2025-04-09,This made me feel understood.,Positive,0.651,Relatable,Social Anxiety,Instagram
COM-03466,POST-0078,2025-05-27,I have been struggling with this too.,Negative,-0.755,Relatable,Social Anxiety,Instagram
COM-03467,POST-0164,2025-06-29,I have been struggling with this too.,Neutral,-0.009,Relatable,Student Life,Instagram
COM-03468,POST-0598,2025-05-18,Finally someone said this out loud.,Positive,0.366,Relatable,Student Life,Instagram
COM-03469,POST-0037,2025-03-04,I thought I was the only one dealing with this.,Positive,0.651,Relatable,Student Life,Instagram
COM-03470,POST-0872,2025-12-01,Finally someone said this out loud.,Negative,-0.705,Relatable,Academic Pressure,Instagram
COM-03471,POST-1078,2025-09-07,Nice post.,Neutral,0.018,Neutral,Academic Pressure,Instagram
COM-03472,POST-0575,2025-07-05,Interesting perspective.,Positive,0.394,Neutral,Student Life,YouTube
COM-03473,POST-0727,2025-06-24,Interesting perspective.,Neutral,-0.078,Neutral,Social Anxiety,Instagram
COM-03474,POST-0385,2025-08-29,Why does this describe me so perfectly?,Positive,0.577,Relatable,Digital Burnout,Instagram
COM-03475,POST-0196,2025-01-30,I thought I was the only one dealing with this.,Positive,0.585,Relatable,Dating,Instagram
COM-03476,POST-0891,2025-01-04,Good information.,Neutral,-0.054,Neutral,Career Anxiety,YouTube
COM-03477,POST-0413,2025-11-03,Nice post.,Neutral,-0.042,Neutral,Digital Burnout,YouTube
COM-03478,POST-0802,2025-11-04,Finally someone said this out loud.,Positive,0.741,Relatable,Career Anxiety,Instagram
COM-03479,POST-0163,2025-11-18,Good information.,Negative,-0.339,Neutral,Career Anxiety,YouTube
COM-03480,POST-1018,2025-02-09,I have been struggling with this too.,Positive,0.398,Relatable,Academic Pressure,YouTube
COM-03481,POST-0366,2025-07-05,I will check this out.,Neutral,0.096,Neutral,Productivity,Instagram
COM-03482,POST-0065,2025-09-01,I have been struggling with this too.,Neutral,0.081,Relatable,Dating,Instagram
COM-03483,POST-0337,2025-02-02,Thanks for sharing this.,Neutral,0.019,Neutral,Digital Burnout,YouTube
COM-03484,POST-1141,2025-01-23,This is exactly what student life feels like.,Positive,0.26,Relatable,Academic Pressure,Instagram
COM-03485,POST-0208,2025-02-20,This is exactly what student life feels like.,Neutral,-0.016,Relatable,Friendship,YouTube
COM-03486,POST-0476,2025-10-25,This is exactly what student life feels like.,Positive,0.95,Relatable,Career Anxiety,YouTube
COM-03487,POST-0719,2025-10-24,Why does this describe me so perfectly?,Positive,0.375,Relatable,Student Life,YouTube
COM-03488,POST-0999,2025-02-24,This is exactly what student life feels like.,Positive,0.633,Relatable,Social Anxiety,Instagram
COM-03489,POST-0313,2025-10-26,Why does this describe me so perfectly?,Neutral,-0.012,Relatable,Academic Pressure,Instagram
COM-03490,POST-0647,2025-07-05,I thought I was the only one dealing with this.,Neutral,-0.042,Relatable,Student Life,Instagram
COM-03491,POST-0164,2025-06-29,I have been struggling with this too.,Neutral,-0.051,Relatable,Student Life,Instagram
COM-03492,POST-0791,2025-11-03,Why does this describe me so perfectly?,Positive,0.822,Relatable,Digital Burnout,Instagram
COM-03493,POST-0196,2025-01-30,Thanks for sharing this.,Neutral,-0.071,Neutral,Dating,Instagram
COM-03494,POST-0715,2025-06-27,This made me feel understood.,Neutral,0.069,Relatable,Friendship,Instagram
COM-03495,POST-0076,2025-06-21,This made me feel understood.,Neutral,0.084,Relatable,Student Life,YouTube
COM-03496,POST-0359,2025-03-14,This made me feel understood.,Negative,-0.802,Relatable,Academic Pressure,Instagram
COM-03497,POST-0869,2025-11-29,That is an interesting point.,Neutral,0.036,Neutral,Dating,Instagram
COM-03498,POST-0791,2025-11-03,Thanks for sharing this.,Neutral,0.033,Neutral,Digital Burnout,Instagram
COM-03499,POST-0720,2025-07-13,This made me feel understood.,Neutral,0.044,Relatable,Career Anxiety,YouTube
COM-03500,POST-0690,2025-09-19,This made me feel understood.,Neutral,-0.053,Relatable,Social Anxiety,YouTube
COM-03501,POST-0666,2025-06-03,Good information.,Neutral,0.028,Neutral,Career Anxiety,YouTube
COM-03502,POST-0149,2025-07-12,I thought I was the only one dealing with this.,Positive,0.268,Relatable,Academic Pressure,Instagram
COM-03503,POST-0878,2025-07-02,I thought I was the only one dealing with this.,Neutral,0.087,Relatable,Career Anxiety,Instagram
COM-03504,POST-0107,2025-12-11,Good information.,Neutral,0.041,Neutral,Career Anxiety,YouTube
COM-03505,POST-0248,2025-11-27,Nice post.,Neutral,-0.042,Neutral,Student Life,Instagram
COM-03506,POST-0907,2025-04-02,Why does this describe me so perfectly?,Positive,0.831,Relatable,Productivity,Instagram
COM-03507,POST-0092,2025-11-24,Nice post.,Positive,0.643,Neutral,Career Anxiety,Instagram
COM-03508,POST-0666,2025-06-03,Interesting perspective.,Neutral,0.004,Neutral,Career Anxiety,YouTube
COM-03509,POST-1101,2025-08-25,I have been struggling with this too.,Neutral,0.057,Relatable,Productivity,YouTube
COM-03510,POST-0969,2025-09-27,That is an interesting point.,Neutral,0.098,Neutral,Social Anxiety,Instagram
COM-03511,POST-0382,2025-11-26,Finally someone said this out loud.,Neutral,0.002,Relatable,Academic Pressure,Instagram
COM-03512,POST-0192,2025-03-01,Why does this describe me so perfectly?,Positive,0.405,Relatable,Academic Pressure,Instagram
COM-03513,POST-0594,2025-12-14,Why does this describe me so perfectly?,Negative,-0.159,Relatable,Productivity,YouTube
COM-03514,POST-0391,2025-08-22,That is an interesting point.,Neutral,0.025,Neutral,Productivity,Instagram
COM-03515,POST-0915,2025-04-23,Finally someone said this out loud.,Positive,0.902,Relatable,Student Life,Instagram
COM-03516,POST-0201,2025-03-10,Interesting perspective.,Neutral,-0.05,Neutral,Student Life,Instagram
COM-03517,POST-0191,2025-03-13,I have been struggling with this too.,Positive,0.191,Relatable,Academic Pressure,YouTube
COM-03518,POST-0564,2025-02-11,This made me feel understood.,Neutral,-0.005,Relatable,Student Life,YouTube
COM-03519,POST-1181,2025-07-27,Finally someone said this out loud.,Negative,-0.252,Relatable,Student Life,Instagram
COM-03520,POST-0260,2025-02-25,Good information.,Neutral,-0.086,Neutral,Student Life,Instagram
COM-03521,POST-0804,2025-02-17,Thanks for sharing this.,Neutral,-0.014,Neutral,Dating,YouTube
COM-03522,POST-0296,2025-03-22,Finally someone said this out loud.,Neutral,-0.074,Relatable,Academic Pressure,Instagram
COM-03523,POST-0840,2025-07-16,I have been struggling with this too.,Positive,0.989,Relatable,Student Life,Instagram
COM-03524,POST-0315,2025-02-08,Interesting perspective.,Neutral,0.067,Neutral,Student Life,Instagram
COM-03525,POST-1136,2025-12-24,Good information.,Neutral,0.033,Neutral,Digital Burnout,Instagram
COM-03526,POST-0569,2025-11-25,Interesting perspective.,Neutral,-0.003,Neutral,Digital Burnout,Instagram
COM-03527,POST-1124,2025-08-07,This is exactly what student life feels like.,Neutral,-0.002,Relatable,Digital Burnout,Instagram
COM-03528,POST-0112,2025-09-29,Thanks for sharing this.,Neutral,-0.004,Neutral,Friendship,YouTube
COM-03529,POST-0422,2025-02-01,I will check this out.,Neutral,-0.058,Neutral,Academic Pressure,Instagram
COM-03530,POST-0319,2025-09-03,Why does this describe me so perfectly?,Positive,0.856,Relatable,Career Anxiety,YouTube
COM-03531,POST-0852,2025-06-05,I will check this out.,Neutral,-0.089,Neutral,Productivity,Instagram
COM-03532,POST-0989,2025-10-15,I have been struggling with this too.,Positive,0.445,Relatable,Friendship,Instagram
COM-03533,POST-0072,2025-02-23,I will check this out.,Neutral,0.033,Neutral,Social Anxiety,Instagram
COM-03534,POST-0371,2025-02-15,This is exactly what student life feels like.,Positive,0.703,Relatable,Friendship,Instagram
COM-03535,POST-0419,2025-07-03,That is an interesting point.,Neutral,0.02,Neutral,Dating,Instagram
COM-03536,POST-0290,2025-01-22,This made me feel understood.,Negative,-0.971,Relatable,Student Life,Instagram
COM-03537,POST-0434,2025-12-11,This is exactly what student life feels like.,Positive,0.161,Relatable,Digital Burnout,YouTube
COM-03538,POST-1189,2025-06-17,Nice post.,Neutral,-0.088,Neutral,Social Anxiety,YouTube
COM-03539,POST-0601,2025-08-28,Why does this describe me so perfectly?,Negative,-0.273,Relatable,Friendship,YouTube
COM-03540,POST-1169,2025-04-21,I have been struggling with this too.,Negative,-0.82,Relatable,Productivity,Instagram
COM-03541,POST-1118,2025-03-26,That is an interesting point.,Neutral,0.011,Neutral,Academic Pressure,Instagram
COM-03542,POST-0248,2025-11-27,Finally someone said this out loud.,Neutral,-0.016,Relatable,Student Life,Instagram
COM-03543,POST-0784,2025-05-28,This made me feel understood.,Positive,0.533,Relatable,Social Anxiety,Instagram
COM-03544,POST-0367,2025-05-08,Why does this describe me so perfectly?,Positive,0.711,Relatable,Social Anxiety,Instagram
COM-03545,POST-1063,2025-02-12,I have been struggling with this too.,Positive,0.152,Relatable,Productivity,YouTube
COM-03546,POST-0197,2025-12-01,Interesting perspective.,Neutral,0.095,Neutral,Friendship,YouTube
COM-03547,POST-1110,2025-12-17,I have been struggling with this too.,Positive,0.824,Relatable,Dating,Instagram
COM-03548,POST-0953,2025-06-14,Nice post.,Neutral,-0.089,Neutral,Student Life,YouTube
COM-03549,POST-1135,2025-10-23,This is exactly what student life feels like.,Positive,0.428,Relatable,Academic Pressure,Instagram
COM-03550,POST-1052,2025-01-27,I will check this out.,Neutral,0.081,Neutral,Friendship,Instagram
COM-03551,POST-0437,2025-12-15,I thought I was the only one dealing with this.,Positive,0.432,Relatable,Friendship,Instagram
COM-03552,POST-0644,2025-01-19,Finally someone said this out loud.,Negative,-0.234,Relatable,Productivity,YouTube
COM-03553,POST-0477,2025-12-10,Good information.,Neutral,0.026,Neutral,Friendship,Instagram
COM-03554,POST-0878,2025-07-02,I will check this out.,Neutral,0.038,Neutral,Career Anxiety,Instagram
COM-03555,POST-0047,2025-12-06,This made me feel understood.,Positive,0.697,Relatable,Digital Burnout,Instagram
COM-03556,POST-0397,2025-09-22,Finally someone said this out loud.,Negative,-0.424,Relatable,Productivity,Instagram
COM-03557,POST-0914,2025-12-12,Thanks for sharing this.,Neutral,0.031,Neutral,Productivity,YouTube
COM-03558,POST-0352,2025-10-09,I thought I was the only one dealing with this.,Negative,-0.584,Relatable,Dating,YouTube
COM-03559,POST-0011,2025-05-16,That is an interesting point.,Negative,-0.298,Neutral,Friendship,YouTube
COM-03560,POST-0359,2025-03-14,I thought I was the only one dealing with this.,Negative,-0.834,Relatable,Academic Pressure,Instagram
COM-03561,POST-0812,2025-07-22,Interesting perspective.,Positive,0.517,Neutral,Digital Burnout,Instagram
COM-03562,POST-0581,2025-12-10,Nice post.,Neutral,-0.074,Neutral,Friendship,YouTube
COM-03563,POST-0897,2025-07-13,That is an interesting point.,Positive,0.864,Neutral,Career Anxiety,YouTube
COM-03564,POST-0069,2025-12-09,Nice post.,Positive,0.476,Neutral,Student Life,Instagram
COM-03565,POST-0377,2025-04-24,This made me feel understood.,Positive,0.982,Relatable,Productivity,Instagram
COM-03566,POST-0526,2025-11-29,Thanks for sharing this.,Neutral,-0.042,Neutral,Student Life,Instagram
COM-03567,POST-0425,2025-12-27,Good information.,Neutral,-0.041,Neutral,Digital Burnout,YouTube
COM-03568,POST-0939,2025-09-13,This made me feel understood.,Positive,0.855,Relatable,Digital Burnout,Instagram
COM-03569,POST-0918,2025-11-14,Why does this describe me so perfectly?,Positive,0.176,Relatable,Friendship,YouTube
COM-03570,POST-0211,2025-09-23,Why does this describe me so perfectly?,Positive,0.733,Relatable,Student Life,YouTube
COM-03571,POST-0737,2025-05-28,Interesting perspective.,Negative,-0.586,Neutral,Career Anxiety,Instagram
COM-03572,POST-0430,2025-04-05,That is an interesting point.,Positive,0.89,Neutral,Dating,Instagram
COM-03573,POST-0154,2025-03-14,Good information.,Neutral,0.057,Neutral,Productivity,Instagram
COM-03574,POST-0596,2025-03-22,Thanks for sharing this.,Neutral,0.067,Neutral,Student Life,Instagram
COM-03575,POST-0213,2025-10-17,This made me feel understood.,Neutral,-0.1,Relatable,Dating,YouTube
COM-03576,POST-1120,2025-09-16,I have been struggling with this too.,Positive,0.888,Relatable,Dating,YouTube
COM-03577,POST-0199,2025-03-01,This made me feel understood.,Positive,0.566,Relatable,Academic Pressure,Instagram
COM-03578,POST-1093,2025-12-31,I have been struggling with this too.,Positive,0.62,Relatable,Academic Pressure,YouTube
COM-03579,POST-0762,2025-09-13,I have been struggling with this too.,Neutral,0.042,Relatable,Dating,Instagram
COM-03580,POST-0807,2025-10-29,Thanks for sharing this.,Negative,-0.403,Neutral,Friendship,Instagram
COM-03581,POST-1091,2025-08-26,Thanks for sharing this.,Positive,0.271,Neutral,Career Anxiety,YouTube
COM-03582,POST-1109,2025-12-05,That is an interesting point.,Positive,0.217,Neutral,Academic Pressure,Instagram
COM-03583,POST-0842,2025-03-15,I have been struggling with this too.,Neutral,0.097,Relatable,Student Life,Instagram
COM-03584,POST-1081,2025-07-15,This is exactly what student life feels like.,Negative,-0.549,Relatable,Friendship,Instagram
COM-03585,POST-0282,2025-09-29,I have been struggling with this too.,Neutral,0.044,Relatable,Social Anxiety,YouTube
COM-03586,POST-0856,2025-08-06,I thought I was the only one dealing with this.,Negative,-0.736,Relatable,Digital Burnout,YouTube
COM-03587,POST-0222,2025-03-14,I will check this out.,Neutral,-0.048,Neutral,Productivity,Instagram
COM-03588,POST-0398,2025-07-30,Good information.,Neutral,-0.099,Neutral,Dating,YouTube
COM-03589,POST-0220,2025-10-27,This made me feel understood.,Positive,0.951,Relatable,Academic Pressure,Instagram
COM-03590,POST-0790,2025-03-16,This made me feel understood.,Positive,0.402,Relatable,Friendship,Instagram
COM-03591,POST-0683,2025-05-13,This made me feel understood.,Positive,0.732,Relatable,Dating,Instagram
COM-03592,POST-0876,2025-12-24,This made me feel understood.,Positive,0.296,Relatable,Academic Pressure,Instagram
COM-03593,POST-1171,2025-02-27,I have been struggling with this too.,Neutral,-0.081,Relatable,Dating,YouTube
COM-03594,POST-0143,2025-12-14,This made me feel understood.,Positive,0.829,Relatable,Student Life,YouTube
COM-03595,POST-0419,2025-07-03,This is exactly what student life feels like.,Positive,0.977,Relatable,Dating,Instagram
COM-03596,POST-1093,2025-12-31,Thanks for sharing this.,Neutral,-0.016,Neutral,Academic Pressure,YouTube
COM-03597,POST-0952,2025-12-31,Finally someone said this out loud.,Negative,-0.52,Relatable,Academic Pressure,Instagram
COM-03598,POST-0106,2025-03-27,I will check this out.,Neutral,-0.042,Neutral,Friendship,YouTube
COM-03599,POST-0386,2025-03-11,Interesting perspective.,Positive,0.801,Neutral,Career Anxiety,Instagram
COM-03600,POST-0253,2025-08-14,Nice post.,Positive,0.516,Neutral,Friendship,Instagram
