content_id,date,platform,content_type,topic,caption,hashtags,day_of_week,hour_of_day,video_length_sec,follower_count,reach,views,likes,comments,shares,saves,retention_rate,followers_gained,engagement_rate,viral_score,viral_class,format,hook_type,posting_time
POST-0001,2025-02-04,Instagram,Short Video,Social Anxiety,POV: social anxiety feels harder than people realize. What do you relate to?,#socialanxiety #studentlife #relatable #growth,Tuesday,20,59,7348,13257,11487,491,128,216,289,0.5176347286911704,178,0.08479,19.05,Low,Short,Text,Evening
POST-0002,2025-10-04,Instagram,Reel,Social Anxiety,POV: social anxiety feels harder than people realize. What do you relate to?,#socialanxiety #studentlife #relatable #growth,Saturday,21,29,17641,35322,60467,3023,89,375,1296,0.5777439739414124,689,0.13541,14.61,Low,Short,Text,Evening
POST-0003,2025-02-17,Instagram,Carousel,Productivity,POV: productivity feels harder than people realize. What do you relate to?,#productivity #studentlife #relatable #growth,Monday,15,35,3430,5341,6773,513,66,84,84,0.6851785121966234,78,0.13986,20.45,Low,Short,Visual,Afternoon
POST-0004,2025-09-15,Instagram,Carousel,Dating,POV: dating feels harder than people realize. What do you relate to?,#dating #studentlife #relatable #growth,Monday,19,50,4553,6001,5291,323,32,102,125,0.7993929573481275,94,0.09698,27.25,Low,Short,Visual,Evening
POST-0005,2025-03-20,Instagram,Long Video,Social Anxiety,POV: social anxiety feels harder than people realize. What do you relate to?,#socialanxiety #studentlife #relatable #growth,Thursday,8,32,2390,1870,1450,53,12,21,35,0.6796592892864517,23,0.06471,19.56,Low,Short,Text,Morning
POST-0006,2025-09-21,Instagram,Image,Productivity,POV: productivity feels harder than people realize. What do you relate to?,#productivity #studentlife #relatable #growth,Sunday,10,34,4557,5702,5120,243,26,45,117,0.6735837411235933,48,0.07559,14.68,Low,Short,Text,Morning
POST-0007,2025-04-08,Instagram,Carousel,Student Life,POV: student life feels harder than people realize. What do you relate to?,#studentlife #studentlife #relatable #growth,Tuesday,21,293,4988,8779,11273,263,123,181,95,0.4553474930558844,93,0.07541,15.39,Low,Long,Visual,Evening
POST-0008,2025-04-23,YouTube,Short Video,Friendship,POV: friendship feels harder than people realize. What do you relate to?,#friendship #studentlife #relatable #growth,Wednesday,20,94,5478,2828,3508,186,16,24,20,0.5063996020766118,19,0.08699,9.58,Low,Long,Visual,Evening
POST-0009,2025-04-18,Instagram,Carousel,Friendship,POV: friendship feels harder than people realize. What do you relate to?,#friendship #studentlife #relatable #growth,Friday,13,97,2944,5399,4359,230,49,66,68,0.7196077070030144,40,0.0765,15.39,Low,Long,Text,Afternoon
POST-0010,2025-07-18,YouTube,Carousel,Digital Burnout,POV: digital burnout feels harder than people realize. What do you relate to?,#digitalburnout #studentlife #relatable #growth,Friday,8,26,1737,2961,3155,234,29,14,87,0.6536824120341711,25,0.12293,16.45,Low,Short,Text,Morning
POST-0011,2025-05-16,YouTube,Short Video,Friendship,POV: friendship feels harder than people realize. What do you relate to?,#friendship #studentlife #relatable #growth,Friday,19,58,9026,11994,12386,345,18,166,369,0.5414254765484732,253,0.07487,22.05,Low,Short,Text,Evening
POST-0012,2025-10-09,Instagram,Reel,Dating,POV: dating feels harder than people realize. What do you relate to?,#dating #studentlife #relatable #growth,Thursday,20,219,16075,7929,13247,1061,48,71,337,0.5019881324666288,88,0.19132,13.76,Low,Long,Text,Evening
POST-0013,2025-10-11,Instagram,Long Video,Student Life,POV: student life feels harder than people realize. What do you relate to?,#studentlife #studentlife #relatable #growth,Saturday,8,294,6607,4274,3069,80,25,14,51,0.648897823357646,27,0.03978,10.39,Low,Long,Text,Morning
POST-0014,2025-06-08,YouTube,Short Video,Productivity,POV: productivity feels harder than people realize. What do you relate to?,#productivity #studentlife #relatable #growth,Sunday,19,197,4503,4001,5341,453,22,160,22,0.5445738524404711,79,0.16421,19.41,Low,Long,Visual,Evening
POST-0015,2025-02-21,YouTube,Short Video,Digital Burnout,POV: digital burnout feels harder than people realize. What do you relate to?,#digitalburnout #studentlife #relatable #growth,Friday,13,57,5271,6850,11783,292,119,239,109,0.6578726004308408,148,0.1108,16.5,Low,Short,Text,Afternoon
POST-0016,2025-06-05,Instagram,Long Video,Digital Burnout,POV: digital burnout feels harder than people realize. What do you relate to?,#digitalburnout #studentlife #relatable #growth,Thursday,13,43,1625,2068,2113,160,21,9,10,0.4655092902471163,9,0.09671,10.82,Low,Short,Text,Afternoon
POST-0017,2025-02-26,YouTube,Short Video,Academic Pressure,POV: academic pressure feels harder than people realize. What do you relate to?,#academicpressure #studentlife #relatable #growth,Wednesday,8,40,2208,927,715,14,5,12,11,0.6478603867551507,7,0.04531,17.95,Low,Short,Text,Morning
POST-0018,2025-11-21,Instagram,Long Video,Academic Pressure,POV: academic pressure feels harder than people realize. What do you relate to?,#academicpressure #studentlife #relatable #growth,Friday,8,115,23357,28254,21586,1806,33,502,140,0.34651062336198984,343,0.08781,13.3,Low,Long,Text,Morning
POST-0019,2025-08-13,Instagram,Long Video,Academic Pressure,POV: academic pressure feels harder than people realize. What do you relate to?,#academicpressure #studentlife #relatable #growth,Wednesday,21,238,5423,7621,13830,655,111,144,107,0.1720009870882443,100,0.13345,10.67,Low,Long,Visual,Evening
POST-0020,2025-06-08,Instagram,Short Video,Academic Pressure,POV: academic pressure feels harder than people realize. What do you relate to?,#academicpressure #studentlife #relatable #growth,Sunday,14,20,5076,11541,21826,934,150,540,517,0.8278773926491932,515,0.18551,29.05,Low,Short,Visual,Afternoon
POST-0021,2025-08-07,Instagram,Short Video,Career Anxiety,POV: career anxiety feels harder than people realize. What do you relate to?,#careeranxiety #studentlife #relatable #growth,Thursday,21,36,7018,11476,9451,221,106,62,313,0.8384775389176162,168,0.06117,28.34,Low,Short,Visual,Evening
POST-0022,2025-09-21,Instagram,Image,Dating,POV: dating feels harder than people realize. What do you relate to?,#dating #studentlife #relatable #growth,Sunday,20,73,8515,11166,16125,821,151,368,262,0.205045258968228,271,0.14347,13.68,Low,Long,Text,Evening
POST-0023,2025-09-24,Instagram,Reel,Social Anxiety,POV: social anxiety feels harder than people realize. What do you relate to?,#socialanxiety #studentlife #relatable #growth,Wednesday,9,57,12721,12304,22982,811,115,212,166,0.6481281071238435,96,0.10598,15.62,Low,Short,Text,Morning
POST-0024,2025-12-13,Instagram,Short Video,Dating,POV: dating feels harder than people realize. What do you relate to?,#dating #studentlife #relatable #growth,Saturday,21,29,13036,12820,25417,2062,58,613,513,0.7228152779079832,259,0.2532,26.9,Low,Short,Text,Evening
POST-0025,2025-01-05,YouTube,Short Video,Dating,POV: dating feels harder than people realize. What do you relate to?,#dating #studentlife #relatable #growth,Sunday,15,34,3514,3001,5683,124,68,126,60,0.6531529015194264,102,0.12596,21.38,Low,Short,Text,Afternoon
POST-0026,2025-11-24,Instagram,Image,Career Anxiety,POV: career anxiety feels harder than people realize. What do you relate to?,#careeranxiety #studentlife #relatable #growth,Monday,21,13,3775,2552,4363,399,35,13,15,0.7184634170500902,7,0.18103,8.66,Low,Short,Text,Evening
POST-0027,2025-10-20,Instagram,Image,Digital Burnout,POV: digital burnout feels harder than people realize. What do you relate to?,#digitalburnout #studentlife #relatable #growth,Monday,21,57,7771,13649,24423,636,159,523,488,0.6117034478328632,513,0.13232,19.81,Low,Short,Text,Evening
POST-0028,2025-08-12,YouTube,Image,Dating,POV: dating feels harder than people realize. What do you relate to?,#dating #studentlife #relatable #growth,Tuesday,14,14,2885,1161,2147,56,4,13,63,0.40029130089829634,23,0.11714,16.31,Low,Short,Text,Afternoon
POST-0029,2025-06-02,YouTube,Short Video,Student Life,POV: student life feels harder than people realize. What do you relate to?,#studentlife #studentlife #relatable #growth,Monday,9,38,5088,11166,9970,474,61,47,66,0.6042634963755986,35,0.05803,13.38,Low,Short,Text,Morning
POST-0030,2025-02-26,Instagram,Image,Career Anxiety,POV: career anxiety feels harder than people realize. What do you relate to?,#careeranxiety #studentlife #relatable #growth,Wednesday,20,53,1263,1301,971,54,3,16,20,0.5848170096021486,15,0.07148,17.55,Low,Short,Text,Evening
POST-0031,2025-03-13,Instagram,Short Video,Academic Pressure,POV: academic pressure feels harder than people realize. What do you relate to?,#academicpressure #studentlife #relatable #growth,Thursday,20,37,53004,74335,123226,11189,805,1927,3485,0.630982421380785,1569,0.23416,20.94,Low,Short,Text,Evening
POST-0032,2025-02-12,YouTube,Short Video,Career Anxiety,POV: career anxiety feels harder than people realize. What do you relate to?,#careeranxiety #studentlife #relatable #growth,Wednesday,8,25,9539,7030,7789,137,78,194,116,0.40023126989418517,80,0.07468,19.66,Low,Short,Visual,Morning
POST-0033,2025-04-24,YouTube,Carousel,Career Anxiety,POV: career anxiety feels harder than people realize. What do you relate to?,#careeranxiety #studentlife #relatable #growth,Thursday,21,45,1903,2234,3425,115,23,25,29,0.6096679217814742,28,0.08594,18.1,Low,Short,Visual,Evening
POST-0034,2025-06-13,Instagram,Carousel,Digital Burnout,POV: digital burnout feels harder than people realize. What do you relate to?,#digitalburnout #studentlife #relatable #growth,Friday,21,155,21248,39726,50210,1412,150,1285,211,0.6677661626003886,451,0.07698,16.91,Low,Long,Text,Evening
POST-0035,2025-03-30,Instagram,Short Video,Academic Pressure,POV: academic pressure feels harder than people realize. What do you relate to?,#academicpressure #studentlife #relatable #growth,Sunday,15,53,8087,13545,21282,444,107,352,297,0.6008978154343927,331,0.08859,20.59,Low,Short,Visual,Afternoon
POST-0036,2025-02-13,YouTube,Short Video,Friendship,POV: friendship feels harder than people realize. What do you relate to?,#friendship #studentlife #relatable #growth,Thursday,21,153,3258,3613,6837,197,32,49,25,0.4861370470262594,44,0.08386,10.0,Low,Long,Text,Evening
POST-0037,2025-03-04,Instagram,Carousel,Student Life,POV: student life feels harder than people realize. What do you relate to?,#studentlife #studentlife #relatable #growth,Tuesday,10,37,2071,3256,4300,373,38,119,103,0.5896979198836443,115,0.19441,29.8,Low,Short,Visual,Morning
POST-0038,2025-06-02,Instagram,Carousel,Career Anxiety,POV: career anxiety feels harder than people realize. What do you relate to?,#careeranxiety #studentlife #relatable #growth,Monday,21,86,8096,15205,25468,680,36,567,475,0.4291303497096194,570,0.11562,16.48,Low,Long,Text,Evening
POST-0039,2025-03-23,Instagram,Carousel,Digital Burnout,POV: digital burnout feels harder than people realize. What do you relate to?,#digitalburnout #studentlife #relatable #growth,Sunday,20,190,10228,20484,15323,305,33,346,341,0.277728321913823,319,0.05004,15.52,Low,Long,Visual,Evening
POST-0040,2025-02-07,Instagram,Long Video,Dating,POV: dating feels harder than people realize. What do you relate to?,#dating #studentlife #relatable #growth,Friday,9,117,6806,8330,13165,558,142,264,123,0.5365363552079915,217,0.13049,21.11,Low,Long,Visual,Morning
POST-0041,2025-02-11,Instagram,Short Video,Dating,POV: dating feels harder than people realize. What do you relate to?,#dating #studentlife #relatable #growth,Tuesday,19,192,2722,1296,1483,105,17,14,20,0.3006713256216832,8,0.12037,12.65,Low,Long,Text,Evening
POST-0042,2025-06-30,Instagram,Image,Digital Burnout,POV: digital burnout feels harder than people realize. What do you relate to?,#digitalburnout #studentlife #relatable #growth,Monday,21,113,5771,6335,4987,87,29,92,61,0.550471100016335,54,0.04246,11.1,Low,Long,Text,Evening
POST-0043,2025-07-17,YouTube,Short Video,Productivity,POV: productivity feels harder than people realize. What do you relate to?,#productivity #studentlife #relatable #growth,Thursday,14,139,9756,12712,21165,1327,90,159,284,0.5741812843929762,104,0.14632,17.42,Low,Long,Text,Afternoon
POST-0044,2025-06-23,Instagram,Long Video,Social Anxiety,POV: social anxiety feels harder than people realize. What do you relate to?,#socialanxiety #studentlife #relatable #growth,Monday,21,299,4371,8117,15205,439,109,73,313,0.4277511032467245,195,0.11507,12.94,Low,Long,Text,Evening
POST-0045,2025-01-15,Instagram,Short Video,Digital Burnout,POV: digital burnout feels harder than people realize. What do you relate to?,#digitalburnout #studentlife #relatable #growth,Wednesday,19,24,3068,3912,5363,108,11,74,24,0.7535559069992316,47,0.05547,14.7,Low,Short,Visual,Evening
POST-0046,2025-02-10,Instagram,Short Video,Digital Burnout,POV: digital burnout feels harder than people realize. What do you relate to?,#digitalburnout #studentlife #relatable #growth,Monday,14,54,6570,9069,12119,613,116,297,121,0.4323826462557574,141,0.12647,15.85,Low,Short,Visual,Afternoon
POST-0047,2025-12-06,Instagram,Short Video,Digital Burnout,POV: digital burnout feels harder than people realize. What do you relate to?,#digitalburnout #studentlife #relatable #growth,Saturday,14,14,2709,4830,4325,117,48,11,34,0.6858486582636951,10,0.04348,10.9,Low,Short,Visual,Afternoon
POST-0048,2025-11-07,Instagram,Image,Career Anxiety,POV: career anxiety feels harder than people realize. What do you relate to?,#careeranxiety #studentlife #relatable #growth,Friday,20,12,13970,22979,20946,1823,79,542,367,0.5753939964097166,380,0.12233,24.41,Low,Short,Text,Evening
POST-0049,2025-04-19,YouTube,Short Video,Social Anxiety,POV: social anxiety feels harder than people realize. What do you relate to?,#socialanxiety #studentlife #relatable #growth,Saturday,13,184,11992,5930,4380,71,12,94,96,0.26596666443429795,85,0.04604,19.33,Low,Long,Visual,Afternoon
POST-0050,2025-09-02,Instagram,Carousel,Productivity,POV: productivity feels harder than people realize. What do you relate to?,#productivity #studentlife #relatable #growth,Tuesday,10,75,6962,14906,10511,921,78,59,329,0.47043245233718295,180,0.09305,17.07,Low,Long,Visual,Morning
POST-0051,2025-02-18,Instagram,Short Video,Academic Pressure,POV: academic pressure feels harder than people realize. What do you relate to?,#academicpressure #studentlife #relatable #growth,Tuesday,8,28,1588,657,968,84,3,17,19,0.7471068486675585,11,0.18721,24.93,Low,Short,Visual,Morning
POST-0052,2025-07-26,YouTube,Short Video,Career Anxiety,POV: career anxiety feels harder than people realize. What do you relate to?,#careeranxiety #studentlife #relatable #growth,Saturday,21,184,5643,11313,15570,377,167,193,383,0.4195250710307267,137,0.099,13.4,Low,Long,Text,Evening
POST-0053,2025-05-06,YouTube,Short Video,Student Life,POV: student life feels harder than people realize. What do you relate to?,#studentlife #studentlife #relatable #growth,Tuesday,20,55,6790,7494,10282,753,98,200,59,0.7657027794714202,155,0.14812,20.07,Low,Short,Visual,Evening
POST-0054,2025-02-06,YouTube,Short Video,Career Anxiety,POV: career anxiety feels harder than people realize. What do you relate to?,#careeranxiety #studentlife #relatable #growth,Thursday,8,296,6825,12618,23391,1001,180,359,377,0.4957269391255373,308,0.15193,14.58,Low,Long,Text,Morning
POST-0055,2025-02-17,Instagram,Image,Friendship,POV: friendship feels harder than people realize. What do you relate to?,#friendship #studentlife #relatable #growth,Monday,13,19,9320,9297,18048,412,167,462,189,0.5021576696203639,186,0.1323,19.12,Low,Short,Visual,Afternoon
POST-0056,2025-06-25,Instagram,Reel,Productivity,POV: productivity feels harder than people realize. What do you relate to?,#productivity #studentlife #relatable #growth,Wednesday,13,59,6977,8660,7308,265,68,161,229,0.6185216848484827,211,0.08349,21.97,Low,Short,Text,Afternoon
POST-0057,2025-07-21,Instagram,Short Video,Student Life,POV: student life feels harder than people realize. What do you relate to?,#studentlife #studentlife #relatable #growth,Monday,9,16,1697,2656,3731,133,10,80,70,0.5709933647294329,68,0.11032,20.37,Low,Short,Text,Morning
POST-0058,2025-08-09,YouTube,Short Video,Dating,POV: dating feels harder than people realize. What do you relate to?,#dating #studentlife #relatable #growth,Saturday,21,32,5539,2789,2911,77,16,46,28,0.49085057596174786,35,0.05988,18.62,Low,Short,Visual,Evening
POST-0059,2025-05-02,Instagram,Short Video,Social Anxiety,POV: social anxiety feels harder than people realize. What do you relate to?,#socialanxiety #studentlife #relatable #growth,Friday,19,132,3315,6606,11300,585,77,181,166,0.4600610589660321,83,0.15274,14.71,Low,Long,Text,Evening
POST-0060,2025-05-16,Instagram,Carousel,Academic Pressure,POV: academic pressure feels harder than people realize. What do you relate to?,#academicpressure #studentlife #relatable #growth,Friday,20,291,6183,2708,2314,97,17,37,36,0.505393167935406,28,0.06905,17.37,Low,Long,Visual,Evening
POST-0061,2025-11-03,Instagram,Long Video,Academic Pressure,POV: academic pressure feels harder than people realize. What do you relate to?,#academicpressure #studentlife #relatable #growth,Monday,19,259,2617,1251,1432,95,13,37,14,0.42191638421127886,29,0.1271,16.32,Low,Long,Visual,Evening
POST-0062,2025-11-17,Instagram,Reel,Digital Burnout,POV: digital burnout feels harder than people realize. What do you relate to?,#digitalburnout #studentlife #relatable #growth,Monday,19,31,6820,4610,7016,631,31,146,108,0.6467746422087399,111,0.1987,17.5,Low,Short,Text,Evening
POST-0063,2025-02-03,Instagram,Long Video,Productivity,POV: productivity feels harder than people realize. What do you relate to?,#productivity #studentlife #relatable #growth,Monday,15,60,10999,12738,23695,1497,102,563,351,0.5836856288635464,434,0.19728,20.19,Low,Short,Text,Afternoon
POST-0064,2025-09-20,YouTube,Short Video,Dating,POV: dating feels harder than people realize. What do you relate to?,#dating #studentlife #relatable #growth,Saturday,19,43,3701,3844,4889,100,40,107,102,0.6203591949439947,41,0.09079,21.87,Low,Short,Visual,Evening
POST-0065,2025-09-01,Instagram,Long Video,Dating,POV: dating feels harder than people realize. What do you relate to?,#dating #studentlife #relatable #growth,Monday,19,92,5329,3038,3246,254,10,60,71,0.5207850433431245,68,0.13002,14.98,Low,Long,Visual,Evening
POST-0066,2025-06-10,YouTube,Short Video,Career Anxiety,POV: career anxiety feels harder than people realize. What do you relate to?,#careeranxiety #studentlife #relatable #growth,Tuesday,15,38,4348,9417,14062,1317,146,152,286,0.5530674384812692,161,0.20187,21.29,Low,Short,Visual,Afternoon
POST-0067,2025-12-08,YouTube,Short Video,Social Anxiety,POV: social anxiety feels harder than people realize. What do you relate to?,#socialanxiety #studentlife #relatable #growth,Monday,21,13,5634,9920,13141,433,106,127,130,0.4547221213375559,110,0.08024,12.32,Low,Short,Text,Evening
POST-0068,2025-05-14,Instagram,Long Video,Career Anxiety,POV: career anxiety feels harder than people realize. What do you relate to?,#careeranxiety #studentlife #relatable #growth,Wednesday,19,13,9547,19979,17578,457,92,491,165,0.5963737161555308,172,0.06031,21.77,Low,Short,Text,Evening
POST-0069,2025-12-09,Instagram,Long Video,Student Life,POV: student life feels harder than people realize. What do you relate to?,#studentlife #studentlife #relatable #growth,Tuesday,19,40,6971,14543,22723,1847,66,298,406,0.4522268408241379,253,0.17995,17.63,Low,Short,Text,Evening
POST-0070,2025-02-08,Instagram,Long Video,Dating,POV: dating feels harder than people realize. What do you relate to?,#dating #studentlife #relatable #growth,Saturday,19,45,14456,12758,16579,293,139,216,402,0.6936919012535149,298,0.0823,21.38,Low,Short,Visual,Evening
POST-0071,2025-04-28,YouTube,Short Video,Career Anxiety,POV: career anxiety feels harder than people realize. What do you relate to?,#careeranxiety #studentlife #relatable #growth,Monday,19,55,7198,15647,12907,781,22,53,44,0.5766475489995866,35,0.05752,10.03,Low,Short,Visual,Evening
POST-0072,2025-02-23,Instagram,Reel,Social Anxiety,POV: social anxiety feels harder than people realize. What do you relate to?,#socialanxiety #studentlife #relatable #growth,Sunday,19,54,3244,4369,7711,343,70,78,179,0.7858049112053356,93,0.15335,23.71,Low,Short,Visual,Evening
POST-0073,2025-10-02,Instagram,Image,Career Anxiety,POV: career anxiety feels harder than people realize. What do you relate to?,#careeranxiety #studentlife #relatable #growth,Thursday,10,17,9686,7203,6684,330,79,39,158,0.7436234483783277,67,0.08413,21.64,Low,Short,Visual,Morning
POST-0074,2025-03-22,Instagram,Image,Academic Pressure,POV: academic pressure feels harder than people realize. What do you relate to?,#academicpressure #studentlife #relatable #growth,Saturday,20,218,5411,9988,14346,1195,126,41,71,0.3766989985771716,54,0.14347,4.29,Low,Long,Text,Evening
POST-0075,2025-02-27,YouTube,Short Video,Friendship,POV: friendship feels harder than people realize. What do you relate to?,#friendship #studentlife #relatable #growth,Thursday,20,48,9264,8809,12626,257,12,111,342,0.523974596407778,172,0.08196,20.11,Low,Short,Visual,Evening
POST-0076,2025-06-21,YouTube,Short Video,Student Life,POV: student life feels harder than people realize. What do you relate to?,#studentlife #studentlife #relatable #growth,Saturday,14,112,31837,23789,37667,887,123,507,292,0.6581902544080621,197,0.07604,13.55,Low,Long,Visual,Afternoon
POST-0077,2025-04-07,Instagram,Short Video,Academic Pressure,POV: academic pressure feels harder than people realize. What do you relate to?,#academicpressure #studentlife #relatable #growth,Monday,10,41,4486,9658,18432,458,41,344,133,0.30179499980969576,254,0.10106,14.14,Low,Short,Visual,Morning
POST-0078,2025-05-27,Instagram,Short Video,Social Anxiety,POV: social anxiety feels harder than people realize. What do you relate to?,#socialanxiety #studentlife #relatable #growth,Tuesday,19,27,4182,5926,10358,915,67,154,302,0.55405368546439,142,0.24266,22.55,Low,Short,Text,Evening
POST-0079,2025-02-07,Instagram,Long Video,Dating,POV: dating feels harder than people realize. What do you relate to?,#dating #studentlife #relatable #growth,Friday,15,54,2977,2836,3491,205,39,81,47,0.7453847374945313,42,0.13117,23.92,Low,Short,Text,Afternoon
POST-0080,2025-04-28,Instagram,Short Video,Digital Burnout,POV: digital burnout feels harder than people realize. What do you relate to?,#digitalburnout #studentlife #relatable #growth,Monday,21,28,6432,3613,3309,156,11,55,77,0.7399203598969387,35,0.08276,19.0,Low,Short,Text,Evening
POST-0081,2025-12-12,Instagram,Image,Digital Burnout,POV: digital burnout feels harder than people realize. What do you relate to?,#digitalburnout #studentlife #relatable #growth,Friday,21,31,8941,13595,9598,678,69,28,221,0.5480300661057362,113,0.07326,10.71,Low,Short,Text,Evening
POST-0082,2025-11-17,Instagram,Long Video,Academic Pressure,POV: academic pressure feels harder than people realize. What do you relate to?,#academicpressure #studentlife #relatable #growth,Monday,21,30,12827,11777,10702,603,73,333,357,0.5726512577756727,343,0.11599,28.63,Low,Short,Visual,Evening
POST-0083,2025-10-24,Instagram,Short Video,Digital Burnout,POV: digital burnout feels harder than people realize. What do you relate to?,#digitalburnout #studentlife #relatable #growth,Friday,14,176,5426,12581,18737,857,104,88,458,0.6279482320923235,245,0.11978,15.7,Low,Long,Text,Afternoon
POST-0084,2025-06-19,Instagram,Carousel,Career Anxiety,POV: career anxiety feels harder than people realize. What do you relate to?,#careeranxiety #studentlife #relatable #growth,Thursday,9,226,3610,6299,7494,148,45,120,75,0.292453878559218,49,0.0616,14.11,Low,Long,Visual,Morning
POST-0085,2025-10-23,Instagram,Short Video,Productivity,POV: productivity feels harder than people realize. What do you relate to?,#productivity #studentlife #relatable #growth,Thursday,20,59,9651,14712,26964,1246,154,98,540,0.5943434530291412,324,0.13853,21.9,Low,Short,Visual,Evening
POST-0086,2025-04-24,YouTube,Short Video,Career Anxiety,POV: career anxiety feels harder than people realize. What do you relate to?,#careeranxiety #studentlife #relatable #growth,Thursday,15,243,8796,18327,16539,1522,119,211,285,0.43485454754598424,104,0.1166,12.37,Low,Long,Visual,Afternoon
POST-0087,2025-03-11,YouTube,Short Video,Dating,POV: dating feels harder than people realize. What do you relate to?,#dating #studentlife #relatable #growth,Tuesday,15,54,14295,25336,49878,4020,119,1012,884,0.6685826105162851,731,0.2382,21.69,Low,Short,Text,Afternoon
POST-0088,2025-05-22,Instagram,Long Video,Academic Pressure,POV: academic pressure feels harder than people realize. What do you relate to?,#academicpressure #studentlife #relatable #growth,Thursday,13,147,7153,3986,3191,166,35,51,14,0.5203681126427847,18,0.06673,8.87,Low,Long,Text,Afternoon
POST-0089,2025-03-28,YouTube,Reel,Student Life,POV: student life feels harder than people realize. What do you relate to?,#studentlife #studentlife #relatable #growth,Friday,20,14,5634,2763,2634,230,18,48,22,0.7033604733954091,36,0.11509,22.2,Low,Short,Text,Evening
POST-0090,2025-03-24,Instagram,Carousel,Career Anxiety,POV: career anxiety feels harder than people realize. What do you relate to?,#careeranxiety #studentlife #relatable #growth,Monday,14,166,14427,16661,28357,895,128,482,690,0.45487094075524703,393,0.13174,18.52,Low,Long,Text,Afternoon
POST-0091,2025-02-09,Instagram,Long Video,Dating,POV: dating feels harder than people realize. What do you relate to?,#dating #studentlife #relatable #growth,Sunday,20,36,8018,9723,12325,596,77,161,59,0.26532574107859164,100,0.09184,13.06,Low,Short,Text,Evening
POST-0092,2025-11-24,Instagram,Carousel,Career Anxiety,POV: career anxiety feels harder than people realize. What do you relate to?,#careeranxiety #studentlife #relatable #growth,Monday,19,35,5113,10523,16233,841,130,394,374,0.5725707025995834,245,0.16526,23.6,Low,Short,Text,Evening
POST-0093,2025-10-24,Instagram,Image,Dating,POV: dating feels harder than people realize. What do you relate to?,#dating #studentlife #relatable #growth,Friday,14,182,2370,2674,2620,61,8,43,60,0.26788534644727424,51,0.06432,13.25,Low,Long,Text,Afternoon
POST-0094,2025-04-17,Instagram,Short Video,Friendship,POV: friendship feels harder than people realize. What do you relate to?,#friendship #studentlife #relatable #growth,Thursday,8,188,7271,13030,21116,900,132,130,219,0.382861641732868,106,0.10599,10.99,Low,Long,Visual,Morning
POST-0095,2025-10-13,Instagram,Short Video,Career Anxiety,POV: career anxiety feels harder than people realize. What do you relate to?,#careeranxiety #studentlife #relatable #growth,Monday,9,240,11726,15210,26871,1243,78,342,419,0.40504759101417853,204,0.13688,12.68,Low,Long,Text,Morning
POST-0096,2025-04-21,Instagram,Image,Academic Pressure,POV: academic pressure feels harder than people realize. What do you relate to?,#academicpressure #studentlife #relatable #growth,Monday,10,30,1726,3284,6269,428,66,180,141,0.7774430314663897,172,0.24817,31.16,Low,Short,Visual,Morning
POST-0097,2025-06-24,Instagram,Carousel,Friendship,POV: friendship feels harder than people realize. What do you relate to?,#friendship #studentlife #relatable #growth,Tuesday,9,36,10345,14784,20960,494,72,424,542,0.48022062842467517,518,0.10363,23.02,Low,Short,Text,Morning
POST-0098,2025-08-10,Instagram,Long Video,Social Anxiety,POV: social anxiety feels harder than people realize. What do you relate to?,#socialanxiety #studentlife #relatable #growth,Sunday,14,58,1596,2203,2390,70,3,56,33,0.667461092763501,44,0.07354,17.88,Low,Short,Text,Afternoon
POST-0099,2025-11-30,Instagram,Long Video,Career Anxiety,POV: career anxiety feels harder than people realize. What do you relate to?,#careeranxiety #studentlife #relatable #growth,Sunday,21,18,3452,7050,7091,681,27,108,119,0.5438224203234252,62,0.13262,19.03,Low,Short,Visual,Evening
POST-0100,2025-01-02,Instagram,Image,Friendship,POV: friendship feels harder than people realize. What do you relate to?,#friendship #studentlife #relatable #growth,Thursday,20,39,1128,484,469,36,0,5,10,0.6016368948552544,4,0.10537,18.4,Low,Short,Text,Evening
POST-0101,2025-09-27,YouTube,Short Video,Academic Pressure,POV: academic pressure feels harder than people realize. What do you relate to?,#academicpressure #studentlife #relatable #growth,Saturday,15,18,9528,11280,21435,1614,199,104,385,0.8093321845918263,124,0.20408,20.51,Low,Short,Visual,Afternoon
POST-0102,2025-08-21,YouTube,Short Video,Digital Burnout,POV: digital burnout feels harder than people realize. What do you relate to?,#digitalburnout #studentlife #relatable #growth,Thursday,19,41,6412,4115,7929,270,81,114,31,0.6838555248657726,42,0.12053,18.08,Low,Short,Visual,Evening
POST-0103,2025-01-27,YouTube,Short Video,Student Life,POV: student life feels harder than people realize. What do you relate to?,#studentlife #studentlife #relatable #growth,Monday,19,186,15713,15108,22731,587,217,690,515,0.4975125952973729,436,0.13298,24.22,Low,Long,Visual,Evening
POST-0104,2025-09-29,YouTube,Short Video,Social Anxiety,POV: social anxiety feels harder than people realize. What do you relate to?,#socialanxiety #studentlife #relatable #growth,Monday,20,17,2010,2573,3491,155,33,89,33,0.760344577675266,62,0.12048,20.65,Low,Short,Text,Evening
POST-0105,2025-12-02,YouTube,Long Video,Student Life,POV: student life feels harder than people realize. What do you relate to?,#studentlife #studentlife #relatable #growth,Tuesday,19,60,2751,4421,5818,134,32,144,62,0.7629667568349697,105,0.08414,20.34,Low,Short,Text,Evening
POST-0106,2025-03-27,YouTube,Short Video,Friendship,POV: friendship feels harder than people realize. What do you relate to?,#friendship #studentlife #relatable #growth,Thursday,14,131,3711,1496,1475,86,9,4,18,0.3569507846666515,10,0.07821,9.09,Low,Long,Text,Afternoon
POST-0107,2025-12-11,YouTube,Short Video,Career Anxiety,POV: career anxiety feels harder than people realize. What do you relate to?,#careeranxiety #studentlife #relatable #growth,Thursday,9,54,4335,3573,4968,182,17,14,164,0.5641078202170307,68,0.10551,20.01,Low,Short,Visual,Morning
POST-0108,2025-08-22,Instagram,Reel,Student Life,POV: student life feels harder than people realize. What do you relate to?,#studentlife #studentlife #relatable #growth,Friday,13,21,5818,11312,13058,350,152,297,364,0.6969188863273967,206,0.10281,26.12,Low,Short,Text,Afternoon
POST-0109,2025-12-28,Instagram,Reel,Student Life,POV: student life feels harder than people realize. What do you relate to?,#studentlife #studentlife #relatable #growth,Sunday,8,15,7173,14162,20595,1347,220,395,352,0.6287930377502836,353,0.1634,22.62,Low,Short,Visual,Morning
POST-0110,2025-06-04,YouTube,Short Video,Career Anxiety,POV: career anxiety feels harder than people realize. What do you relate to?,#careeranxiety #studentlife #relatable #growth,Wednesday,8,49,9949,10515,16738,383,157,174,170,0.5270417772485524,164,0.08407,14.7,Low,Short,Visual,Morning
POST-0111,2025-04-14,Instagram,Carousel,Academic Pressure,POV: academic pressure feels harder than people realize. What do you relate to?,#academicpressure #studentlife #relatable #growth,Monday,14,33,2908,1884,3017,215,5,37,48,0.526687288670208,17,0.16189,17.34,Low,Short,Text,Afternoon
POST-0112,2025-09-29,YouTube,Short Video,Friendship,POV: friendship feels harder than people realize. What do you relate to?,#friendship #studentlife #relatable #growth,Monday,13,49,2353,3056,4601,243,31,72,105,0.6556299044883335,36,0.14758,20.77,Low,Short,Text,Afternoon
POST-0113,2025-12-18,Instagram,Long Video,Career Anxiety,POV: career anxiety feels harder than people realize. What do you relate to?,#careeranxiety #studentlife #relatable #growth,Thursday,14,169,8444,6978,5748,299,54,124,25,0.4790514581552116,68,0.07194,15.27,Low,Long,Visual,Afternoon
POST-0114,2025-08-23,Instagram,Short Video,Social Anxiety,POV: social anxiety feels harder than people realize. What do you relate to?,#socialanxiety #studentlife #relatable #growth,Saturday,19,32,7142,5547,10414,746,107,291,94,0.619932428345245,125,0.22318,21.8,Low,Short,Text,Evening
POST-0115,2025-05-05,YouTube,Short Video,Career Anxiety,POV: career anxiety feels harder than people realize. What do you relate to?,#careeranxiety #studentlife #relatable #growth,Monday,20,47,12275,9818,13618,565,79,432,463,0.5144429087158993,460,0.15675,32.46,Low,Short,Visual,Evening
POST-0116,2025-03-05,Instagram,Short Video,Dating,POV: dating feels harder than people realize. What do you relate to?,#dating #studentlife #relatable #growth,Wednesday,20,40,5393,8800,9975,230,30,277,150,0.5495215084683466,119,0.07807,22.83,Low,Short,Visual,Evening
POST-0117,2025-04-04,Instagram,Reel,Career Anxiety,POV: career anxiety feels harder than people realize. What do you relate to?,#careeranxiety #studentlife #relatable #growth,Friday,14,55,11358,5642,8216,710,22,150,141,0.5997617895919457,101,0.18132,24.57,Low,Short,Visual,Afternoon
POST-0118,2025-08-05,Instagram,Long Video,Student Life,POV: student life feels harder than people realize. What do you relate to?,#studentlife #studentlife #relatable #growth,Tuesday,10,141,8010,6098,9500,598,109,126,105,0.40605687120111666,92,0.15382,16.08,Low,Long,Text,Morning
POST-0119,2025-01-17,YouTube,Short Video,Friendship,POV: friendship feels harder than people realize. What do you relate to?,#friendship #studentlife #relatable #growth,Friday,13,33,8212,12390,21182,1477,45,273,408,0.43265564933733436,179,0.1778,15.45,Low,Short,Text,Afternoon
POST-0120,2025-10-28,Instagram,Reel,Dating,POV: dating feels harder than people realize. What do you relate to?,#dating #studentlife #relatable #growth,Tuesday,14,57,15631,30410,21993,1786,24,494,642,0.6942926022157823,565,0.09688,25.19,Low,Short,Visual,Afternoon
POST-0121,2025-08-13,Instagram,Long Video,Academic Pressure,POV: academic pressure feels harder than people realize. What do you relate to?,#academicpressure #studentlife #relatable #growth,Wednesday,20,32,15067,10318,17145,1291,177,247,330,0.4887515525939995,177,0.1982,17.41,Low,Short,Text,Evening
POST-0122,2025-06-19,Instagram,Image,Academic Pressure,POV: academic pressure feels harder than people realize. What do you relate to?,#academicpressure #studentlife #relatable #growth,Thursday,9,58,18672,15088,27421,2335,100,445,883,0.6160046312579674,349,0.2494,20.96,Low,Short,Text,Morning
POST-0123,2025-05-05,Instagram,Long Video,Career Anxiety,POV: career anxiety feels harder than people realize. What do you relate to?,#careeranxiety #studentlife #relatable #growth,Monday,8,15,32884,63101,67559,5828,454,1444,1169,0.40683220443892465,1450,0.14096,17.66,Low,Short,Text,Morning
POST-0124,2025-02-25,Instagram,Short Video,Academic Pressure,POV: academic pressure feels harder than people realize. What do you relate to?,#academicpressure #studentlife #relatable #growth,Tuesday,13,226,9779,9296,8196,407,55,79,36,0.428344999984565,54,0.06207,7.96,Low,Long,Visual,Afternoon
POST-0125,2025-06-16,Instagram,Short Video,Student Life,POV: student life feels harder than people realize. What do you relate to?,#studentlife #studentlife #relatable #growth,Monday,8,31,4237,4666,6483,113,43,64,93,0.5256828070482373,35,0.06708,15.04,Low,Short,Text,Morning
POST-0126,2025-10-08,YouTube,Short Video,Dating,POV: dating feels harder than people realize. What do you relate to?,#dating #studentlife #relatable #growth,Wednesday,21,36,4338,8827,6664,350,17,72,197,0.5400946746655476,46,0.07205,15.91,Low,Short,Text,Evening
POST-0127,2025-04-29,YouTube,Short Video,Career Anxiety,POV: career anxiety feels harder than people realize. What do you relate to?,#careeranxiety #studentlife #relatable #growth,Tuesday,13,92,7535,10630,8694,810,56,211,99,0.5498220527168494,123,0.11063,13.98,Low,Long,Text,Afternoon
POST-0128,2025-07-13,Instagram,Short Video,Academic Pressure,POV: academic pressure feels harder than people realize. What do you relate to?,#academicpressure #studentlife #relatable #growth,Sunday,21,59,4470,4381,3243,105,27,25,79,0.6336497784183373,27,0.05387,21.84,Low,Short,Visual,Evening
POST-0129,2025-11-08,Instagram,Reel,Productivity,POV: productivity feels harder than people realize. What do you relate to?,#productivity #studentlife #relatable #growth,Saturday,13,198,9880,19511,22348,1140,52,192,595,0.5720240751994873,166,0.10143,18.71,Low,Long,Visual,Afternoon
POST-0130,2025-05-05,YouTube,Carousel,Digital Burnout,POV: digital burnout feels harder than people realize. What do you relate to?,#digitalburnout #studentlife #relatable #growth,Monday,20,19,8988,12853,11969,205,134,108,48,0.73574608186872,43,0.03851,9.94,Low,Short,Text,Evening
POST-0131,2025-05-19,Instagram,Long Video,Student Life,POV: student life feels harder than people realize. What do you relate to?,#studentlife #studentlife #relatable #growth,Monday,14,30,1182,1187,969,30,9,27,27,0.6664470475274893,20,0.07835,28.3,Low,Short,Visual,Afternoon
POST-0132,2025-06-08,YouTube,Reel,Digital Burnout,POV: digital burnout feels harder than people realize. What do you relate to?,#digitalburnout #studentlife #relatable #growth,Sunday,19,245,12428,12242,23357,2238,221,124,483,0.2630227143755105,115,0.25045,13.76,Low,Long,Visual,Evening
POST-0133,2025-04-11,Instagram,Image,Career Anxiety,POV: career anxiety feels harder than people realize. What do you relate to?,#careeranxiety #studentlife #relatable #growth,Friday,21,32,9868,12799,13372,689,142,123,417,0.6787260726726091,175,0.10712,22.29,Low,Short,Text,Evening
POST-0134,2025-02-25,Instagram,Reel,Career Anxiety,POV: career anxiety feels harder than people realize. What do you relate to?,#careeranxiety #studentlife #relatable #growth,Tuesday,15,29,4363,5350,9475,914,91,229,279,0.6317602296919259,120,0.2828,27.17,Low,Short,Text,Afternoon
POST-0135,2025-12-06,Instagram,Reel,Friendship,POV: friendship feels harder than people realize. What do you relate to?,#friendship #studentlife #relatable #growth,Saturday,21,88,9094,15619,12128,942,21,215,121,0.36687841025623913,149,0.08317,11.82,Low,Long,Visual,Evening
POST-0136,2025-08-03,Instagram,Reel,Productivity,POV: productivity feels harder than people realize. What do you relate to?,#productivity #studentlife #relatable #growth,Sunday,9,233,3658,2291,1913,95,21,7,13,0.6361390018382437,12,0.05936,9.25,Low,Long,Text,Morning
POST-0137,2025-03-11,Instagram,Short Video,Student Life,POV: student life feels harder than people realize. What do you relate to?,#studentlife #studentlife #relatable #growth,Tuesday,14,56,6914,12013,9457,635,44,185,52,0.6923608224112012,141,0.07625,15.42,Low,Short,Visual,Afternoon
POST-0138,2025-07-16,Instagram,Long Video,Productivity,POV: productivity feels harder than people realize. What do you relate to?,#productivity #studentlife #relatable #growth,Wednesday,14,26,3149,3186,3284,95,12,53,50,0.6407608567582671,32,0.06591,16.13,Low,Short,Text,Afternoon
POST-0139,2025-02-14,YouTube,Short Video,Digital Burnout,POV: digital burnout feels harder than people realize. What do you relate to?,#digitalburnout #studentlife #relatable #growth,Friday,21,56,10814,13235,21279,1124,42,355,136,0.7375502409387168,242,0.1252,16.24,Low,Short,Text,Evening
POST-0140,2025-06-12,Instagram,Long Video,Dating,POV: dating feels harder than people realize. What do you relate to?,#dating #studentlife #relatable #growth,Thursday,21,202,2752,1079,1535,114,12,20,12,0.5495138365585119,10,0.14643,16.33,Low,Long,Text,Evening
POST-0141,2025-02-04,YouTube,Short Video,Dating,POV: dating feels harder than people realize. What do you relate to?,#dating #studentlife #relatable #growth,Tuesday,19,26,17738,27680,41345,1454,59,868,172,0.7331112345079751,212,0.09223,19.06,Low,Short,Text,Evening
POST-0142,2025-06-09,Instagram,Long Video,Digital Burnout,POV: digital burnout feels harder than people realize. What do you relate to?,#digitalburnout #studentlife #relatable #growth,Monday,13,138,8652,10624,15698,1505,29,170,123,0.5461109257072249,94,0.17197,13.49,Low,Long,Text,Afternoon
POST-0143,2025-12-14,YouTube,Short Video,Student Life,POV: student life feels harder than people realize. What do you relate to?,#studentlife #studentlife #relatable #growth,Sunday,13,67,13721,12045,23871,748,174,369,445,0.32662939647458356,266,0.14413,18.44,Low,Long,Visual,Afternoon
POST-0144,2025-06-06,YouTube,Short Video,Productivity,POV: productivity feels harder than people realize. What do you relate to?,#productivity #studentlife #relatable #growth,Friday,20,39,1873,1220,963,34,8,3,29,0.7643240967843375,14,0.06066,17.99,Low,Short,Text,Evening
POST-0145,2025-07-20,Instagram,Carousel,Student Life,POV: student life feels harder than people realize. What do you relate to?,#studentlife #studentlife #relatable #growth,Sunday,21,32,4471,5889,7955,219,80,32,126,0.7749234866220962,81,0.0776,19.38,Low,Short,Visual,Evening
POST-0146,2025-07-10,Instagram,Short Video,Digital Burnout,POV: digital burnout feels harder than people realize. What do you relate to?,#digitalburnout #studentlife #relatable #growth,Thursday,13,34,18146,17768,18231,511,193,288,120,0.3339933556451166,208,0.06258,10.83,Low,Short,Text,Afternoon
POST-0147,2025-10-06,Instagram,Short Video,Social Anxiety,POV: social anxiety feels harder than people realize. What do you relate to?,#socialanxiety #studentlife #relatable #growth,Monday,8,60,12934,22426,17793,1275,88,46,339,0.7975354572622632,192,0.07795,17.83,Low,Short,Visual,Morning
POST-0148,2025-10-17,Instagram,Short Video,Productivity,POV: productivity feels harder than people realize. What do you relate to?,#productivity #studentlife #relatable #growth,Friday,21,48,7770,14016,14316,523,66,432,352,0.6380097356414028,432,0.09796,27.42,Low,Short,Visual,Evening
POST-0149,2025-07-12,Instagram,Long Video,Academic Pressure,POV: academic pressure feels harder than people realize. What do you relate to?,#academicpressure #studentlife #relatable #growth,Saturday,8,15,12470,7799,7466,179,81,139,41,0.6062266461197693,92,0.05642,16.19,Low,Short,Text,Morning
POST-0150,2025-04-28,Instagram,Carousel,Student Life,POV: student life feels harder than people realize. What do you relate to?,#studentlife #studentlife #relatable #growth,Monday,21,228,4059,6124,9575,720,114,61,81,0.6147713556529847,62,0.15937,10.98,Low,Long,Text,Evening
POST-0151,2025-08-02,Instagram,Image,Dating,POV: dating feels harder than people realize. What do you relate to?,#dating #studentlife #relatable #growth,Saturday,14,44,14532,20993,36261,769,145,512,963,0.5160872139401257,609,0.1138,17.01,Low,Short,Text,Afternoon
POST-0152,2025-12-17,YouTube,Short Video,Productivity,POV: productivity feels harder than people realize. What do you relate to?,#productivity #studentlife #relatable #growth,Wednesday,20,26,10861,20740,34020,1420,52,201,321,0.5863119918979146,161,0.09614,10.68,Low,Short,Text,Evening
POST-0153,2025-01-14,Instagram,Short Video,Student Life,POV: student life feels harder than people realize. What do you relate to?,#studentlife #studentlife #relatable #growth,Tuesday,10,53,5463,10525,8883,810,48,28,248,0.41888255045163136,125,0.10774,15.96,Low,Short,Text,Morning
POST-0154,2025-03-14,Instagram,Short Video,Productivity,POV: productivity feels harder than people realize. What do you relate to?,#productivity #studentlife #relatable #growth,Friday,19,42,12273,22659,24026,2013,271,383,562,0.5716204787683942,340,0.1425,19.39,Low,Short,Text,Evening
POST-0155,2025-02-05,YouTube,Short Video,Career Anxiety,POV: career anxiety feels harder than people realize. What do you relate to?,#careeranxiety #studentlife #relatable #growth,Wednesday,13,23,3781,3110,2836,132,22,74,23,0.7787005197827747,56,0.08071,24.89,Low,Short,Visual,Afternoon
POST-0156,2025-09-10,Instagram,Carousel,Digital Burnout,POV: digital burnout feels harder than people realize. What do you relate to?,#digitalburnout #studentlife #relatable #growth,Wednesday,20,12,28373,43515,74667,1272,493,1142,1104,0.6157010304000854,718,0.09218,17.3,Low,Short,Text,Evening
POST-0157,2025-07-18,Instagram,Carousel,Social Anxiety,POV: social anxiety feels harder than people realize. What do you relate to?,#socialanxiety #studentlife #relatable #growth,Friday,13,36,6016,12678,13575,229,52,171,52,0.7678250161147164,102,0.03975,16.01,Low,Short,Text,Afternoon
POST-0158,2025-01-16,Instagram,Carousel,Social Anxiety,POV: social anxiety feels harder than people realize. What do you relate to?,#socialanxiety #studentlife #relatable #growth,Thursday,21,16,7886,17284,12453,888,125,202,245,0.5496181218896042,202,0.08447,22.23,Low,Short,Text,Evening
POST-0159,2025-09-21,YouTube,Short Video,Digital Burnout,POV: digital burnout feels harder than people realize. What do you relate to?,#digitalburnout #studentlife #relatable #growth,Sunday,8,145,4928,5107,4676,226,44,121,96,0.6177907709419186,52,0.09536,21.31,Low,Long,Visual,Morning
POST-0160,2025-06-09,YouTube,Reel,Social Anxiety,POV: social anxiety feels harder than people realize. What do you relate to?,#socialanxiety #studentlife #relatable #growth,Monday,14,261,12456,21722,16097,982,57,320,200,0.442573042529352,276,0.07177,14.99,Low,Long,Visual,Afternoon
POST-0161,2025-04-20,Instagram,Image,Career Anxiety,POV: career anxiety feels harder than people realize. What do you relate to?,#careeranxiety #studentlife #relatable #growth,Sunday,13,30,21853,48532,89333,3156,1005,1555,1480,0.7793787945074956,1259,0.14827,20.97,Low,Short,Visual,Afternoon
POST-0162,2025-11-01,Instagram,Short Video,Dating,POV: dating feels harder than people realize. What do you relate to?,#dating #studentlife #relatable #growth,Saturday,10,38,9000,9668,12604,908,40,232,296,0.7719565468603239,204,0.15267,23.27,Low,Short,Text,Morning
POST-0163,2025-11-18,YouTube,Short Video,Career Anxiety,POV: career anxiety feels harder than people realize. What do you relate to?,#careeranxiety #studentlife #relatable #growth,Tuesday,19,53,37306,46260,81329,4380,910,1008,1708,0.42701770265461503,616,0.17307,16.53,Low,Short,Text,Evening
POST-0164,2025-06-29,Instagram,Reel,Student Life,POV: student life feels harder than people realize. What do you relate to?,#studentlife #studentlife #relatable #growth,Sunday,14,51,5669,2855,4131,264,24,46,65,0.4198358480133084,44,0.13975,14.53,Low,Short,Text,Afternoon
POST-0165,2025-10-20,Instagram,Image,Social Anxiety,POV: social anxiety feels harder than people realize. What do you relate to?,#socialanxiety #studentlife #relatable #growth,Monday,20,265,7857,11219,12014,395,100,121,201,0.6423688293050471,174,0.07282,16.67,Low,Long,Visual,Evening
POST-0166,2025-10-27,Instagram,Long Video,Social Anxiety,POV: social anxiety feels harder than people realize. What do you relate to?,#socialanxiety #studentlife #relatable #growth,Monday,20,68,5590,10961,17486,770,173,358,273,0.5506368182084883,345,0.1436,20.66,Low,Long,Text,Evening
POST-0167,2025-04-02,Instagram,Short Video,Student Life,POV: student life feels harder than people realize. What do you relate to?,#studentlife #studentlife #relatable #growth,Wednesday,21,18,18569,14990,20298,339,144,360,503,0.5496898147458098,269,0.08979,21.55,Low,Short,Visual,Evening
POST-0168,2025-05-24,Instagram,Reel,Productivity,POV: productivity feels harder than people realize. What do you relate to?,#productivity #studentlife #relatable #growth,Saturday,20,275,6529,5775,8209,284,49,65,163,0.652317374976213,97,0.09714,17.93,Low,Long,Visual,Evening
POST-0169,2025-06-22,YouTube,Short Video,Digital Burnout,POV: digital burnout feels harder than people realize. What do you relate to?,#digitalburnout #studentlife #relatable #growth,Sunday,10,103,7427,10088,7493,555,76,33,200,0.6344210715174603,104,0.08565,20.77,Low,Long,Visual,Morning
POST-0170,2025-10-02,Instagram,Image,Academic Pressure,POV: academic pressure feels harder than people realize. What do you relate to?,#academicpressure #studentlife #relatable #growth,Thursday,21,42,2725,1424,2745,194,28,76,23,0.6453037522505705,53,0.22542,21.74,Low,Short,Text,Evening
POST-0171,2025-07-22,Instagram,Image,Social Anxiety,POV: social anxiety feels harder than people realize. What do you relate to?,#socialanxiety #studentlife #relatable #growth,Tuesday,14,16,7551,4276,3567,147,12,73,76,0.641084054739782,56,0.07203,21.3,Low,Short,Visual,Afternoon
POST-0172,2025-10-22,YouTube,Long Video,Student Life,POV: student life feels harder than people realize. What do you relate to?,#studentlife #studentlife #relatable #growth,Wednesday,10,16,6499,6848,10842,1023,69,36,206,0.5917819224062677,51,0.1948,11.86,Low,Short,Text,Morning
POST-0173,2025-01-08,Instagram,Image,Friendship,POV: friendship feels harder than people realize. What do you relate to?,#friendship #studentlife #relatable #growth,Wednesday,8,21,2859,1236,910,33,6,10,25,0.4257113815858202,9,0.05987,18.44,Low,Short,Text,Morning
POST-0174,2025-12-15,YouTube,Short Video,Dating,POV: dating feels harder than people realize. What do you relate to?,#dating #studentlife #relatable #growth,Monday,19,22,3807,6127,6056,282,61,120,123,0.7190856369710372,106,0.09564,21.03,Low,Short,Text,Evening
POST-0175,2025-06-09,Instagram,Carousel,Friendship,POV: friendship feels harder than people realize. What do you relate to?,#friendship #studentlife #relatable #growth,Monday,21,24,3909,5731,5744,425,29,79,84,0.6661722253045992,80,0.10766,22.65,Low,Short,Visual,Evening
POST-0176,2025-09-30,Instagram,Reel,Friendship,POV: friendship feels harder than people realize. What do you relate to?,#friendship #studentlife #relatable #growth,Tuesday,19,170,10386,14002,15584,733,36,199,281,0.40277266500592224,244,0.0892,13.02,Low,Long,Text,Evening
POST-0177,2025-02-13,Instagram,Long Video,Dating,POV: dating feels harder than people realize. What do you relate to?,#dating #studentlife #relatable #growth,Thursday,10,22,4956,5089,7062,180,14,103,83,0.6208648472451644,72,0.07467,12.34,Low,Short,Text,Morning
POST-0178,2025-02-23,Instagram,Reel,Productivity,POV: productivity feels harder than people realize. What do you relate to?,#productivity #studentlife #relatable #growth,Sunday,10,296,30933,44836,88896,7674,288,1669,1466,0.37017291346160114,1031,0.2475,18.76,Low,Long,Visual,Morning
POST-0179,2025-12-20,Instagram,Short Video,Student Life,POV: student life feels harder than people realize. What do you relate to?,#studentlife #studentlife #relatable #growth,Saturday,14,74,11913,17517,28302,1634,237,406,203,0.4118733428096758,188,0.14158,16.59,Low,Long,Visual,Afternoon
POST-0180,2025-02-28,Instagram,Long Video,Digital Burnout,POV: digital burnout feels harder than people realize. What do you relate to?,#digitalburnout #studentlife #relatable #growth,Friday,19,222,3255,5019,7976,361,69,160,68,0.38599187353240555,99,0.1311,15.85,Low,Long,Visual,Evening
POST-0181,2025-03-31,Instagram,Long Video,Digital Burnout,POV: digital burnout feels harder than people realize. What do you relate to?,#digitalburnout #studentlife #relatable #growth,Monday,14,12,1102,898,1579,61,8,14,38,0.5202456996858709,26,0.13474,16.92,Low,Short,Text,Afternoon
POST-0182,2025-03-13,YouTube,Short Video,Digital Burnout,POV: digital burnout feels harder than people realize. What do you relate to?,#digitalburnout #studentlife #relatable #growth,Thursday,9,226,6153,5324,10052,943,21,180,99,0.4004191499235882,111,0.23347,17.19,Low,Long,Visual,Morning
POST-0183,2025-03-14,Instagram,Carousel,Academic Pressure,POV: academic pressure feels harder than people realize. What do you relate to?,#academicpressure #studentlife #relatable #growth,Friday,9,24,16548,22975,40559,2989,360,1032,912,0.6852652404934616,575,0.23038,32.61,Low,Short,Visual,Morning
POST-0184,2025-12-18,Instagram,Reel,Academic Pressure,POV: academic pressure feels harder than people realize. What do you relate to?,#academicpressure #studentlife #relatable #growth,Thursday,14,57,2396,4691,8295,503,59,122,197,0.727826633617114,82,0.18781,26.62,Low,Short,Visual,Afternoon
POST-0185,2025-04-13,Instagram,Long Video,Academic Pressure,POV: academic pressure feels harder than people realize. What do you relate to?,#academicpressure #studentlife #relatable #growth,Sunday,21,15,4812,7491,6322,486,26,158,171,0.7718191934585992,143,0.11227,25.95,Low,Short,Text,Evening
POST-0186,2025-06-09,Instagram,Long Video,Social Anxiety,POV: social anxiety feels harder than people realize. What do you relate to?,#socialanxiety #studentlife #relatable #growth,Monday,8,156,1000,1227,1769,45,6,38,34,0.5437467874311097,23,0.10024,17.73,Low,Long,Text,Morning
POST-0187,2025-09-19,YouTube,Short Video,Productivity,POV: productivity feels harder than people realize. What do you relate to?,#productivity #studentlife #relatable #growth,Friday,14,56,15099,22576,26947,1910,159,596,909,0.549916480013359,516,0.15831,27.61,Low,Short,Visual,Afternoon
POST-0188,2025-10-29,Instagram,Short Video,Social Anxiety,POV: social anxiety feels harder than people realize. What do you relate to?,#socialanxiety #studentlife #relatable #growth,Wednesday,20,67,2305,2919,4385,136,17,77,65,0.5052641604947096,39,0.10106,14.58,Low,Long,Text,Evening
POST-0189,2025-02-22,Instagram,Carousel,Dating,POV: dating feels harder than people realize. What do you relate to?,#dating #studentlife #relatable #growth,Saturday,15,15,5078,10183,17927,1351,196,201,349,0.8559352965650708,229,0.20593,24.24,Low,Short,Visual,Afternoon
POST-0190,2025-07-16,YouTube,Reel,Productivity,POV: productivity feels harder than people realize. What do you relate to?,#productivity #studentlife #relatable #growth,Wednesday,19,57,4004,5342,10122,866,61,40,61,0.37463260843942153,36,0.19244,11.24,Low,Short,Visual,Evening
POST-0191,2025-03-13,YouTube,Short Video,Academic Pressure,POV: academic pressure feels harder than people realize. What do you relate to?,#academicpressure #studentlife #relatable #growth,Thursday,19,223,2480,4140,3902,158,14,92,92,0.538418225657914,64,0.08599,21.0,Low,Long,Visual,Evening
POST-0192,2025-03-01,Instagram,Image,Academic Pressure,POV: academic pressure feels harder than people realize. What do you relate to?,#academicpressure #studentlife #relatable #growth,Saturday,15,28,13510,17366,16455,988,39,337,539,0.5078913123022448,284,0.10958,24.29,Low,Short,Visual,Afternoon
POST-0193,2025-01-21,YouTube,Carousel,Friendship,POV: friendship feels harder than people realize. What do you relate to?,#friendship #studentlife #relatable #growth,Tuesday,19,50,6656,6186,5721,115,57,123,130,0.8692053591030828,116,0.0687,30.36,Low,Short,Visual,Evening
POST-0194,2025-02-15,Instagram,Long Video,Student Life,POV: student life feels harder than people realize. What do you relate to?,#studentlife #studentlife #relatable #growth,Saturday,20,21,2732,1376,1065,42,12,33,7,0.5635014010669357,20,0.06831,25.39,Low,Short,Visual,Evening
POST-0195,2025-08-09,Instagram,Long Video,Social Anxiety,POV: social anxiety feels harder than people realize. What do you relate to?,#socialanxiety #studentlife #relatable #growth,Saturday,8,60,3923,6531,12931,232,136,134,40,0.49807801647101335,81,0.08299,13.45,Low,Short,Text,Morning
POST-0196,2025-01-30,Instagram,Long Video,Dating,POV: dating feels harder than people realize. What do you relate to?,#dating #studentlife #relatable #growth,Thursday,10,47,12377,7156,7691,123,54,160,157,0.5399898979751774,105,0.06903,23.74,Low,Short,Visual,Morning
POST-0197,2025-12-01,YouTube,Long Video,Friendship,POV: friendship feels harder than people realize. What do you relate to?,#friendship #studentlife #relatable #growth,Monday,21,43,11324,12946,9123,215,18,118,200,0.5451676988444768,143,0.04256,22.73,Low,Short,Visual,Evening
POST-0198,2025-04-13,Instagram,Long Video,Career Anxiety,POV: career anxiety feels harder than people realize. What do you relate to?,#careeranxiety #studentlife #relatable #growth,Sunday,13,140,8936,18204,30726,859,303,621,291,0.6932063816541144,430,0.11393,18.12,Low,Long,Visual,Afternoon
POST-0199,2025-03-01,Instagram,Carousel,Academic Pressure,POV: academic pressure feels harder than people realize. What do you relate to?,#academicpressure #studentlife #relatable #growth,Saturday,19,18,10273,9730,11303,1005,81,336,144,0.5426167632035205,117,0.16095,26.58,Low,Short,Visual,Evening
POST-0200,2025-12-21,Instagram,Reel,Student Life,POV: student life feels harder than people realize. What do you relate to?,#studentlife #studentlife #relatable #growth,Sunday,20,193,7644,10069,7536,178,33,145,31,0.3615533814555736,42,0.03843,10.36,Low,Long,Visual,Evening
POST-0201,2025-03-10,Instagram,Carousel,Student Life,POV: student life feels harder than people realize. What do you relate to?,#studentlife #studentlife #relatable #growth,Monday,15,49,2579,1650,3213,212,28,67,80,0.4637864315103788,53,0.23455,24.51,Low,Short,Visual,Afternoon
POST-0202,2025-04-11,Instagram,Reel,Academic Pressure,POV: academic pressure feels harder than people realize. What do you relate to?,#academicpressure #studentlife #relatable #growth,Friday,19,16,4278,7076,10734,252,61,139,277,0.7044977769967742,158,0.10302,27.77,Low,Short,Visual,Evening
POST-0203,2025-06-24,Instagram,Long Video,Academic Pressure,POV: academic pressure feels harder than people realize. What do you relate to?,#academicpressure #studentlife #relatable #growth,Tuesday,19,67,4131,4195,4332,91,5,88,24,0.5538702345433546,63,0.04958,13.75,Low,Long,Visual,Evening
POST-0204,2025-09-27,Instagram,Reel,Friendship,POV: friendship feels harder than people realize. What do you relate to?,#friendship #studentlife #relatable #growth,Saturday,15,16,3353,3166,2267,157,22,36,58,0.6782147070643497,31,0.08623,23.74,Low,Short,Text,Afternoon
POST-0205,2025-01-10,Instagram,Image,Digital Burnout,POV: digital burnout feels harder than people realize. What do you relate to?,#digitalburnout #studentlife #relatable #growth,Friday,19,23,24721,26451,36557,1444,245,402,920,0.632893844323678,307,0.11383,13.62,Low,Short,Text,Evening
POST-0206,2025-10-10,Instagram,Long Video,Career Anxiety,POV: career anxiety feels harder than people realize. What do you relate to?,#careeranxiety #studentlife #relatable #growth,Friday,19,31,4906,3047,2286,131,11,38,42,0.7353312183344259,34,0.07286,18.34,Low,Short,Text,Evening
POST-0207,2025-04-25,Instagram,Reel,Dating,POV: dating feels harder than people realize. What do you relate to?,#dating #studentlife #relatable #growth,Friday,21,28,2913,4237,3709,285,5,103,27,0.5606301883369146,52,0.09913,19.62,Low,Short,Visual,Evening
POST-0208,2025-02-20,YouTube,Short Video,Friendship,POV: friendship feels harder than people realize. What do you relate to?,#friendship #studentlife #relatable #growth,Thursday,15,176,9776,7228,11498,1006,67,108,77,0.4267318036297492,89,0.17405,13.96,Low,Long,Visual,Afternoon
POST-0209,2025-09-24,Instagram,Image,Digital Burnout,POV: digital burnout feels harder than people realize. What do you relate to?,#digitalburnout #studentlife #relatable #growth,Wednesday,19,15,7573,3867,6901,613,73,183,116,0.6540687201410568,88,0.25472,27.55,Low,Short,Visual,Evening
POST-0210,2025-07-16,Instagram,Image,Career Anxiety,POV: career anxiety feels harder than people realize. What do you relate to?,#careeranxiety #studentlife #relatable #growth,Wednesday,8,35,2798,4607,7937,687,83,78,189,0.7116937286602147,87,0.22509,21.35,Low,Short,Text,Morning
POST-0211,2025-09-23,YouTube,Reel,Student Life,POV: student life feels harder than people realize. What do you relate to?,#studentlife #studentlife #relatable #growth,Tuesday,20,20,1000,849,678,28,3,1,12,0.5570702128434748,3,0.05183,10.44,Low,Short,Text,Evening
POST-0212,2025-01-08,Instagram,Short Video,Friendship,POV: friendship feels harder than people realize. What do you relate to?,#friendship #studentlife #relatable #growth,Wednesday,21,46,5409,10317,16501,253,22,458,398,0.5499335673089337,451,0.10962,21.83,Low,Short,Text,Evening
POST-0213,2025-10-17,YouTube,Short Video,Dating,POV: dating feels harder than people realize. What do you relate to?,#dating #studentlife #relatable #growth,Friday,14,26,6511,11121,16744,602,194,233,252,0.5586998529136381,200,0.11519,21.06,Low,Short,Visual,Afternoon
POST-0214,2025-07-25,YouTube,Short Video,Productivity,POV: productivity feels harder than people realize. What do you relate to?,#productivity #studentlife #relatable #growth,Friday,19,33,15390,28669,41050,2865,346,880,407,0.7051594238765452,521,0.15689,16.8,Low,Short,Text,Evening
POST-0215,2025-10-25,Instagram,Carousel,Digital Burnout,POV: digital burnout feels harder than people realize. What do you relate to?,#digitalburnout #studentlife #relatable #growth,Saturday,19,233,6991,8043,14561,900,14,315,326,0.4963922739615241,246,0.19334,26.2,Low,Long,Visual,Evening
POST-0216,2025-12-27,YouTube,Reel,Productivity,POV: productivity feels harder than people realize. What do you relate to?,#productivity #studentlife #relatable #growth,Saturday,13,59,5050,8648,12905,705,121,180,392,0.6831442421748675,124,0.16166,22.99,Low,Short,Text,Afternoon
POST-0217,2025-11-02,Instagram,Short Video,Dating,POV: dating feels harder than people realize. What do you relate to?,#dating #studentlife #relatable #growth,Sunday,10,35,4312,1542,2028,129,19,14,38,0.70450284141478,12,0.1297,15.58,Low,Short,Text,Morning
POST-0218,2025-05-01,Instagram,Reel,Student Life,POV: student life feels harder than people realize. What do you relate to?,#studentlife #studentlife #relatable #growth,Thursday,20,35,9829,22660,19233,1611,136,213,327,0.39248177610247226,158,0.10093,15.46,Low,Short,Text,Evening
POST-0219,2025-09-17,Instagram,Carousel,Digital Burnout,POV: digital burnout feels harder than people realize. What do you relate to?,#digitalburnout #studentlife #relatable #growth,Wednesday,20,181,4450,3291,6467,550,40,177,72,0.6372047631440341,125,0.25494,21.94,Low,Long,Visual,Evening
POST-0220,2025-10-27,Instagram,Reel,Academic Pressure,POV: academic pressure feels harder than people realize. What do you relate to?,#academicpressure #studentlife #relatable #growth,Monday,14,24,14805,7776,13183,642,117,349,373,0.6913628253644221,239,0.19046,33.74,Low,Short,Visual,Afternoon
POST-0221,2025-10-22,Instagram,Short Video,Career Anxiety,POV: career anxiety feels harder than people realize. What do you relate to?,#careeranxiety #studentlife #relatable #growth,Wednesday,20,16,4021,9711,17773,1688,103,171,133,0.6045971866458899,121,0.21573,15.95,Low,Short,Text,Evening
POST-0222,2025-03-14,Instagram,Image,Productivity,POV: productivity feels harder than people realize. What do you relate to?,#productivity #studentlife #relatable #growth,Friday,8,23,9025,8454,12677,747,109,131,106,0.60654033198673,79,0.12929,11.98,Low,Short,Text,Morning
POST-0223,2025-05-05,YouTube,Short Video,Friendship,POV: friendship feels harder than people realize. What do you relate to?,#friendship #studentlife #relatable #growth,Monday,14,50,9169,14393,13625,1214,103,157,257,0.8126580059352757,85,0.12027,21.79,Low,Short,Text,Afternoon
POST-0224,2025-09-18,Instagram,Long Video,Digital Burnout,POV: digital burnout feels harder than people realize. What do you relate to?,#digitalburnout #studentlife #relatable #growth,Thursday,19,17,3425,1633,2747,129,10,76,30,0.46927342485583545,29,0.15003,22.47,Low,Short,Visual,Evening
POST-0225,2025-11-21,Instagram,Short Video,Dating,POV: dating feels harder than people realize. What do you relate to?,#dating #studentlife #relatable #growth,Friday,9,45,4077,2849,5358,332,19,62,46,0.6423263412382626,26,0.16111,14.89,Low,Short,Text,Morning
POST-0226,2025-01-14,Instagram,Short Video,Digital Burnout,POV: digital burnout feels harder than people realize. What do you relate to?,#digitalburnout #studentlife #relatable #growth,Tuesday,20,57,6376,6452,9310,189,84,61,134,0.6737770573552048,72,0.07254,18.01,Low,Short,Text,Evening
POST-0227,2025-05-08,Instagram,Short Video,Dating,POV: dating feels harder than people realize. What do you relate to?,#dating #studentlife #relatable #growth,Thursday,20,45,1775,868,1219,53,5,4,4,0.6153307958256539,3,0.07604,10.14,Low,Short,Text,Evening
POST-0228,2025-01-30,Instagram,Carousel,Social Anxiety,POV: social anxiety feels harder than people realize. What do you relate to?,#socialanxiety #studentlife #relatable #growth,Thursday,19,44,8626,10025,16585,1192,197,413,431,0.7462489863228491,427,0.22274,32.03,Low,Short,Visual,Evening
POST-0229,2025-07-26,Instagram,Long Video,Student Life,POV: student life feels harder than people realize. What do you relate to?,#studentlife #studentlife #relatable #growth,Saturday,14,223,5372,10528,18309,647,161,355,517,0.3184726406586015,448,0.15957,14.9,Low,Long,Text,Afternoon
POST-0230,2025-06-23,Instagram,Reel,Dating,POV: dating feels harder than people realize. What do you relate to?,#dating #studentlife #relatable #growth,Monday,21,58,13129,9141,8644,433,17,179,84,0.6617521372619253,140,0.078,18.09,Low,Short,Text,Evening
POST-0231,2025-02-27,Instagram,Reel,Dating,POV: dating feels harder than people realize. What do you relate to?,#dating #studentlife #relatable #growth,Thursday,21,42,1656,1298,1377,35,16,14,7,0.6832037650525492,7,0.05547,15.46,Low,Short,Text,Evening
POST-0232,2025-04-17,Instagram,Carousel,Productivity,POV: productivity feels harder than people realize. What do you relate to?,#productivity #studentlife #relatable #growth,Thursday,14,218,2863,4515,7960,404,69,30,214,0.5312977250545006,121,0.1588,12.46,Low,Long,Text,Afternoon
POST-0233,2025-09-09,Instagram,Long Video,Digital Burnout,POV: digital burnout feels harder than people realize. What do you relate to?,#digitalburnout #studentlife #relatable #growth,Tuesday,15,107,6371,6787,10910,459,13,69,198,0.38625707686235927,103,0.10888,11.88,Low,Long,Visual,Afternoon
POST-0234,2025-04-10,Instagram,Carousel,Digital Burnout,POV: digital burnout feels harder than people realize. What do you relate to?,#digitalburnout #studentlife #relatable #growth,Thursday,13,79,12274,5086,4601,306,51,93,84,0.5137025218470627,43,0.10499,20.16,Low,Long,Text,Afternoon
POST-0235,2025-01-29,Instagram,Carousel,Student Life,POV: student life feels harder than people realize. What do you relate to?,#studentlife #studentlife #relatable #growth,Wednesday,13,19,64617,120209,182246,3316,1631,2648,1878,0.5664553682783285,1508,0.0788,14.08,Low,Short,Text,Afternoon
POST-0236,2025-07-26,Instagram,Carousel,Career Anxiety,POV: career anxiety feels harder than people realize. What do you relate to?,#careeranxiety #studentlife #relatable #growth,Saturday,20,25,3708,6600,4962,197,42,93,117,0.5441821173100663,86,0.06803,19.72,Low,Short,Text,Evening
POST-0237,2025-07-13,Instagram,Image,Student Life,POV: student life feels harder than people realize. What do you relate to?,#studentlife #studentlife #relatable #growth,Sunday,14,182,10638,11988,17802,1407,103,324,92,0.590963903612375,167,0.16066,15.08,Low,Long,Text,Afternoon
POST-0238,2025-04-12,Instagram,Short Video,Student Life,POV: student life feels harder than people realize. What do you relate to?,#studentlife #studentlife #relatable #growth,Saturday,20,12,1467,1870,2209,54,5,71,31,0.5065692137751948,19,0.0861,27.05,Low,Short,Visual,Evening
POST-0239,2025-11-17,YouTube,Carousel,Student Life,POV: student life feels harder than people realize. What do you relate to?,#studentlife #studentlife #relatable #growth,Monday,20,25,10895,24890,44906,1608,115,867,760,0.7207041626182716,616,0.13459,22.03,Low,Short,Text,Evening
POST-0240,2025-07-19,Instagram,Short Video,Digital Burnout,POV: digital burnout feels harder than people realize. What do you relate to?,#digitalburnout #studentlife #relatable #growth,Saturday,13,33,5198,9199,12781,1038,136,186,321,0.7578490819787291,188,0.18274,24.83,Low,Short,Text,Afternoon
POST-0241,2025-05-28,Instagram,Short Video,Academic Pressure,POV: academic pressure feels harder than people realize. What do you relate to?,#academicpressure #studentlife #relatable #growth,Wednesday,14,281,7980,9880,9713,429,108,75,202,0.36390119071497184,105,0.08239,15.83,Low,Long,Visual,Afternoon
POST-0242,2025-03-27,Instagram,Long Video,Friendship,POV: friendship feels harder than people realize. What do you relate to?,#friendship #studentlife #relatable #growth,Thursday,20,46,29154,24906,28529,1522,57,135,228,0.6087217480658454,89,0.07797,10.1,Low,Short,Visual,Evening
POST-0243,2025-11-13,Instagram,Long Video,Social Anxiety,POV: social anxiety feels harder than people realize. What do you relate to?,#socialanxiety #studentlife #relatable #growth,Thursday,10,53,9098,19325,37252,751,280,1060,1064,0.4779489083527766,478,0.16326,28.71,Low,Short,Visual,Morning
POST-0244,2025-12-07,Instagram,Reel,Student Life,POV: student life feels harder than people realize. What do you relate to?,#studentlife #studentlife #relatable #growth,Sunday,20,28,9148,11040,9785,265,65,71,49,0.4637812697334683,35,0.04076,8.51,Low,Short,Text,Evening
POST-0245,2025-08-06,Instagram,Carousel,Social Anxiety,POV: social anxiety feels harder than people realize. What do you relate to?,#socialanxiety #studentlife #relatable #growth,Wednesday,20,14,2141,2223,1763,88,20,49,51,0.6952992676006213,34,0.09357,27.91,Low,Short,Text,Evening
POST-0246,2025-11-06,Instagram,Short Video,Friendship,POV: friendship feels harder than people realize. What do you relate to?,#friendship #studentlife #relatable #growth,Thursday,9,47,2869,4901,5705,192,39,40,93,0.7823112691707854,31,0.07427,18.44,Low,Short,Visual,Morning
POST-0247,2025-04-07,YouTube,Short Video,Student Life,POV: student life feels harder than people realize. What do you relate to?,#studentlife #studentlife #relatable #growth,Monday,9,39,11301,9654,12440,902,42,92,143,0.7148090659366677,119,0.12213,17.6,Low,Short,Visual,Morning
POST-0248,2025-11-27,Instagram,Image,Student Life,POV: student life feels harder than people realize. What do you relate to?,#studentlife #studentlife #relatable #growth,Thursday,20,37,21684,34942,49267,1991,508,591,1240,0.519461208946682,627,0.12392,18.8,Low,Short,Text,Evening
POST-0249,2025-03-30,Instagram,Image,Career Anxiety,POV: career anxiety feels harder than people realize. What do you relate to?,#careeranxiety #studentlife #relatable #growth,Sunday,14,124,14626,26987,52205,3217,309,1263,1557,0.5979887963334485,813,0.23515,24.82,Low,Long,Visual,Afternoon
POST-0250,2025-06-13,YouTube,Short Video,Social Anxiety,POV: social anxiety feels harder than people realize. What do you relate to?,#socialanxiety #studentlife #relatable #growth,Friday,20,111,7907,6882,11037,315,58,240,158,0.3997993957974357,103,0.11203,17.87,Low,Long,Visual,Evening
POST-0251,2025-12-07,Instagram,Image,Social Anxiety,POV: social anxiety feels harder than people realize. What do you relate to?,#socialanxiety #studentlife #relatable #growth,Sunday,20,20,9432,16026,17669,1488,122,368,87,0.6540129722893564,129,0.12885,21.79,Low,Short,Visual,Evening
POST-0252,2025-03-15,Instagram,Long Video,Student Life,POV: student life feels harder than people realize. What do you relate to?,#studentlife #studentlife #relatable #growth,Saturday,8,112,39777,67681,127020,8590,909,1147,3493,0.44183670794315166,959,0.20891,17.52,Low,Long,Text,Morning
POST-0253,2025-08-14,Instagram,Long Video,Friendship,POV: friendship feels harder than people realize. What do you relate to?,#friendship #studentlife #relatable #growth,Thursday,21,274,6661,12029,12609,1027,56,185,361,0.31720801788730635,248,0.13542,15.42,Low,Long,Text,Evening
POST-0254,2025-10-22,Instagram,Long Video,Dating,POV: dating feels harder than people realize. What do you relate to?,#dating #studentlife #relatable #growth,Wednesday,9,39,7550,12083,18304,916,120,51,303,0.5368175664629066,166,0.11504,13.17,Low,Short,Visual,Morning
POST-0255,2025-01-20,Instagram,Short Video,Dating,POV: dating feels harder than people realize. What do you relate to?,#dating #studentlife #relatable #growth,Monday,20,183,6128,2349,3752,162,14,60,55,0.5486514868318179,41,0.12388,15.99,Low,Long,Text,Evening
POST-0256,2025-03-26,Instagram,Long Video,Productivity,POV: productivity feels harder than people realize. What do you relate to?,#productivity #studentlife #relatable #growth,Wednesday,8,44,9248,17591,21377,705,25,277,429,0.6087201470925458,237,0.08163,16.9,Low,Short,Visual,Morning
POST-0257,2025-12-30,YouTube,Short Video,Friendship,POV: friendship feels harder than people realize. What do you relate to?,#friendship #studentlife #relatable #growth,Tuesday,14,207,13206,21011,39258,983,341,593,1091,0.6031427601728236,793,0.14316,26.32,Low,Long,Visual,Afternoon
POST-0258,2025-09-22,Instagram,Carousel,Digital Burnout,POV: digital burnout feels harder than people realize. What do you relate to?,#digitalburnout #studentlife #relatable #growth,Monday,15,39,12761,11846,16286,1417,47,81,139,0.6877928784256178,104,0.14216,10.11,Low,Short,Visual,Afternoon
POST-0259,2025-01-23,Instagram,Image,Social Anxiety,POV: social anxiety feels harder than people realize. What do you relate to?,#socialanxiety #studentlife #relatable #growth,Thursday,20,168,10277,16891,19656,462,142,137,419,0.6152331771854758,111,0.06868,12.43,Low,Long,Text,Evening
POST-0260,2025-02-25,Instagram,Carousel,Student Life,POV: student life feels harder than people realize. What do you relate to?,#studentlife #studentlife #relatable #growth,Tuesday,10,22,3035,4671,4341,155,50,11,98,0.6619726181258071,49,0.06722,14.31,Low,Short,Text,Morning
POST-0261,2025-08-28,Instagram,Image,Friendship,POV: friendship feels harder than people realize. What do you relate to?,#friendship #studentlife #relatable #growth,Thursday,20,50,20661,25945,35322,1252,367,112,292,0.8593314193617287,218,0.07797,15.2,Low,Short,Visual,Evening
POST-0262,2025-11-04,YouTube,Short Video,Student Life,POV: student life feels harder than people realize. What do you relate to?,#studentlife #studentlife #relatable #growth,Tuesday,19,39,2293,2085,4059,154,40,92,68,0.5929319574717675,57,0.16978,26.43,Low,Short,Visual,Evening
POST-0263,2025-02-16,Instagram,Image,Productivity,POV: productivity feels harder than people realize. What do you relate to?,#productivity #studentlife #relatable #growth,Sunday,21,229,4408,1848,2265,81,19,6,32,0.22801176171298532,15,0.07468,9.2,Low,Long,Visual,Evening
POST-0264,2025-07-31,Instagram,Reel,Dating,POV: dating feels harder than people realize. What do you relate to?,#dating #studentlife #relatable #growth,Thursday,21,277,12804,5665,4517,321,24,61,85,0.6333036230088328,55,0.08667,14.14,Low,Long,Text,Evening
POST-0265,2025-09-23,Instagram,Image,Friendship,POV: friendship feels harder than people realize. What do you relate to?,#friendship #studentlife #relatable #growth,Tuesday,19,21,13496,13585,26110,1438,255,267,656,0.6241013258869489,166,0.19257,25.72,Low,Short,Visual,Evening
POST-0266,2025-08-04,Instagram,Image,Academic Pressure,POV: academic pressure feels harder than people realize. What do you relate to?,#academicpressure #studentlife #relatable #growth,Monday,21,278,90836,45028,43317,908,396,1034,1387,0.5302557393840657,533,0.08273,22.73,Low,Long,Text,Evening
POST-0267,2025-04-05,Instagram,Carousel,Friendship,POV: friendship feels harder than people realize. What do you relate to?,#friendship #studentlife #relatable #growth,Saturday,19,58,6229,11763,10182,724,116,223,271,0.5181770029576831,189,0.11341,23.49,Low,Short,Text,Evening
POST-0268,2025-06-29,Instagram,Reel,Social Anxiety,POV: social anxiety feels harder than people realize. What do you relate to?,#socialanxiety #studentlife #relatable #growth,Sunday,21,23,3524,3279,4367,145,30,83,128,0.7541089036319787,94,0.11772,22.31,Low,Short,Text,Evening
POST-0269,2025-01-14,Instagram,Carousel,Career Anxiety,POV: career anxiety feels harder than people realize. What do you relate to?,#careeranxiety #studentlife #relatable #growth,Tuesday,8,55,5725,4133,6065,462,19,137,25,0.6673519305644648,68,0.15558,16.71,Low,Short,Text,Morning
POST-0270,2025-06-22,YouTube,Short Video,Social Anxiety,POV: social anxiety feels harder than people realize. What do you relate to?,#socialanxiety #studentlife #relatable #growth,Sunday,20,19,25689,36650,35232,1899,288,465,523,0.6043526913296563,257,0.08663,19.27,Low,Short,Visual,Evening
POST-0271,2025-08-06,YouTube,Short Video,Student Life,POV: student life feels harder than people realize. What do you relate to?,#studentlife #studentlife #relatable #growth,Wednesday,19,246,3722,8013,9521,272,48,39,219,0.48003241249058154,56,0.07213,14.33,Low,Long,Visual,Evening
POST-0272,2025-09-05,Instagram,Carousel,Productivity,POV: productivity feels harder than people realize. What do you relate to?,#productivity #studentlife #relatable #growth,Friday,9,130,4299,6256,6237,265,19,32,67,0.394097106746252,18,0.06122,10.78,Low,Long,Text,Morning
POST-0273,2025-01-03,Instagram,Long Video,Student Life,POV: student life feels harder than people realize. What do you relate to?,#studentlife #studentlife #relatable #growth,Friday,14,254,15021,14168,15476,627,164,355,92,0.4981907813783427,183,0.08738,14.71,Low,Long,Text,Afternoon
POST-0274,2025-08-09,YouTube,Carousel,Dating,POV: dating feels harder than people realize. What do you relate to?,#dating #studentlife #relatable #growth,Saturday,9,56,5654,5146,4598,79,46,61,65,0.44425611580236934,40,0.04878,20.78,Low,Short,Visual,Morning
POST-0275,2025-12-31,Instagram,Reel,Career Anxiety,POV: career anxiety feels harder than people realize. What do you relate to?,#careeranxiety #studentlife #relatable #growth,Wednesday,10,55,9496,9040,13942,800,114,199,151,0.7083373114713266,184,0.13982,13.27,Low,Short,Text,Morning
POST-0276,2025-05-26,Instagram,Image,Academic Pressure,POV: academic pressure feels harder than people realize. What do you relate to?,#academicpressure #studentlife #relatable #growth,Monday,21,42,9699,5838,6275,368,64,175,42,0.5743480686821586,70,0.11117,22.06,Low,Short,Text,Evening
POST-0277,2025-06-30,YouTube,Short Video,Student Life,POV: student life feels harder than people realize. What do you relate to?,#studentlife #studentlife #relatable #growth,Monday,21,34,2947,3718,3234,155,9,80,37,0.564129586449368,49,0.07558,21.17,Low,Short,Visual,Evening
POST-0278,2025-06-07,Instagram,Image,Dating,POV: dating feels harder than people realize. What do you relate to?,#dating #studentlife #relatable #growth,Saturday,10,26,5814,4392,3558,244,36,67,64,0.6573691216940811,61,0.09358,18.9,Low,Short,Text,Morning
POST-0279,2025-08-27,Instagram,Image,Dating,POV: dating feels harder than people realize. What do you relate to?,#dating #studentlife #relatable #growth,Wednesday,21,35,6358,3087,4834,192,7,16,143,0.6653555151240889,49,0.11597,17.94,Low,Short,Visual,Evening
POST-0280,2025-03-22,YouTube,Short Video,Friendship,POV: friendship feels harder than people realize. What do you relate to?,#friendship #studentlife #relatable #growth,Saturday,13,175,6737,10995,11275,836,101,33,248,0.387762863404624,145,0.11078,12.42,Low,Long,Visual,Afternoon
POST-0281,2025-12-25,Instagram,Long Video,Career Anxiety,POV: career anxiety feels harder than people realize. What do you relate to?,#careeranxiety #studentlife #relatable #growth,Thursday,10,22,4049,6303,6898,206,34,148,64,0.6185564096121264,111,0.07171,20.93,Low,Short,Text,Morning
POST-0282,2025-09-29,YouTube,Reel,Social Anxiety,POV: social anxiety feels harder than people realize. What do you relate to?,#socialanxiety #studentlife #relatable #growth,Monday,21,45,7883,10134,19118,1553,68,287,434,0.6475265193790951,180,0.2311,20.0,Low,Short,Text,Evening
POST-0283,2025-01-05,Instagram,Carousel,Career Anxiety,POV: career anxiety feels harder than people realize. What do you relate to?,#careeranxiety #studentlife #relatable #growth,Sunday,9,170,4524,10824,16746,720,174,117,113,0.41997421694924847,145,0.10384,13.16,Low,Long,Text,Morning
POST-0284,2025-07-21,Instagram,Image,Friendship,POV: friendship feels harder than people realize. What do you relate to?,#friendship #studentlife #relatable #growth,Monday,13,40,18357,22023,30079,2619,241,784,178,0.7345553352382768,454,0.17355,25.26,Low,Short,Visual,Afternoon
POST-0285,2025-02-25,Instagram,Reel,Academic Pressure,POV: academic pressure feels harder than people realize. What do you relate to?,#academicpressure #studentlife #relatable #growth,Tuesday,14,42,5492,9192,7068,509,20,57,68,0.79177725367129,23,0.07115,17.52,Low,Short,Visual,Afternoon
POST-0286,2025-04-10,YouTube,Short Video,Student Life,POV: student life feels harder than people realize. What do you relate to?,#studentlife #studentlife #relatable #growth,Thursday,21,27,1506,3023,5270,134,29,149,141,0.6225438372214839,65,0.14985,30.68,Low,Short,Visual,Evening
POST-0287,2025-01-31,Instagram,Reel,Productivity,POV: productivity feels harder than people realize. What do you relate to?,#productivity #studentlife #relatable #growth,Friday,20,40,9603,17411,19891,740,27,216,476,0.6972978004582379,151,0.0838,14.73,Low,Short,Visual,Evening
POST-0288,2025-05-05,YouTube,Short Video,Productivity,POV: productivity feels harder than people realize. What do you relate to?,#productivity #studentlife #relatable #growth,Monday,21,28,8510,9909,17970,887,66,433,538,0.6635111599635919,314,0.19417,30.44,Low,Short,Visual,Evening
POST-0289,2025-12-24,YouTube,Carousel,Career Anxiety,POV: career anxiety feels harder than people realize. What do you relate to?,#careeranxiety #studentlife #relatable #growth,Wednesday,20,49,4597,4547,3693,111,17,96,40,0.6488085815170497,59,0.05806,21.37,Low,Short,Visual,Evening
POST-0290,2025-01-22,Instagram,Reel,Student Life,POV: student life feels harder than people realize. What do you relate to?,#studentlife #studentlife #relatable #growth,Wednesday,14,28,10362,14738,15438,328,72,363,154,0.49305484825629503,226,0.06222,18.27,Low,Short,Visual,Afternoon
POST-0291,2025-11-19,Instagram,Long Video,Academic Pressure,POV: academic pressure feels harder than people realize. What do you relate to?,#academicpressure #studentlife #relatable #growth,Wednesday,15,30,10643,5076,4418,146,15,101,54,0.6280945479281433,34,0.06225,19.56,Low,Short,Visual,Afternoon
POST-0292,2025-12-02,Instagram,Image,Career Anxiety,POV: career anxiety feels harder than people realize. What do you relate to?,#careeranxiety #studentlife #relatable #growth,Tuesday,19,24,2541,3473,6603,335,78,25,213,0.5633768422734297,81,0.18745,19.48,Low,Short,Text,Evening
POST-0293,2025-07-16,Instagram,Carousel,Friendship,POV: friendship feels harder than people realize. What do you relate to?,#friendship #studentlife #relatable #growth,Wednesday,14,81,14669,24873,38237,597,226,81,192,0.4974591656442372,104,0.04406,4.46,Low,Long,Text,Afternoon
POST-0294,2025-03-22,YouTube,Image,Friendship,POV: friendship feels harder than people realize. What do you relate to?,#friendship #studentlife #relatable #growth,Saturday,14,31,29210,28005,46893,3173,300,111,487,0.6077201483080008,319,0.14537,13.25,Low,Short,Text,Afternoon
POST-0295,2025-07-26,YouTube,Reel,Digital Burnout,POV: digital burnout feels harder than people realize. What do you relate to?,#digitalburnout #studentlife #relatable #growth,Saturday,14,19,3946,5091,8956,437,67,107,166,0.439949551733539,102,0.15262,14.67,Low,Short,Text,Afternoon
POST-0296,2025-03-22,Instagram,Long Video,Academic Pressure,POV: academic pressure feels harder than people realize. What do you relate to?,#academicpressure #studentlife #relatable #growth,Saturday,13,47,12509,18534,30190,2115,263,397,481,0.6522030785622227,227,0.17568,22.29,Low,Short,Visual,Afternoon
POST-0297,2025-01-15,Instagram,Long Video,Friendship,POV: friendship feels harder than people realize. What do you relate to?,#friendship #studentlife #relatable #growth,Wednesday,21,206,13291,25474,20272,500,55,504,293,0.49857506934286056,235,0.05307,18.25,Low,Long,Text,Evening
POST-0298,2025-06-06,Instagram,Short Video,Career Anxiety,POV: career anxiety feels harder than people realize. What do you relate to?,#careeranxiety #studentlife #relatable #growth,Friday,8,48,39873,74695,130511,3087,1493,1898,3004,0.619557316922193,958,0.12694,23.12,Low,Short,Visual,Morning
POST-0299,2025-11-20,YouTube,Short Video,Dating,POV: dating feels harder than people realize. What do you relate to?,#dating #studentlife #relatable #growth,Thursday,15,17,2862,2125,2709,120,9,56,50,0.6500387951828556,40,0.11059,24.59,Low,Short,Visual,Afternoon
POST-0300,2025-02-24,Instagram,Carousel,Dating,POV: dating feels harder than people realize. What do you relate to?,#dating #studentlife #relatable #growth,Monday,15,41,17405,16026,29132,634,251,370,873,0.7471704332981882,318,0.13278,25.2,Low,Short,Visual,Afternoon
POST-0301,2025-03-22,Instagram,Reel,Productivity,POV: productivity feels harder than people realize. What do you relate to?,#productivity #studentlife #relatable #growth,Saturday,21,36,6803,12106,16324,455,174,385,346,0.5179751149833131,387,0.11234,28.49,Low,Short,Visual,Evening
POST-0302,2025-05-22,Instagram,Reel,Academic Pressure,POV: academic pressure feels harder than people realize. What do you relate to?,#academicpressure #studentlife #relatable #growth,Thursday,10,58,3279,6578,11008,999,60,120,92,0.6741411343829145,64,0.19322,15.69,Low,Short,Text,Morning
POST-0303,2025-09-19,Instagram,Short Video,Career Anxiety,POV: career anxiety feels harder than people realize. What do you relate to?,#careeranxiety #studentlife #relatable #growth,Friday,9,26,6294,10489,18081,1239,48,215,469,0.617907932366119,266,0.18791,23.55,Low,Short,Visual,Morning
POST-0304,2025-07-22,YouTube,Short Video,Productivity,POV: productivity feels harder than people realize. What do you relate to?,#productivity #studentlife #relatable #growth,Tuesday,21,14,4618,7072,11304,782,40,310,118,0.39321768091638576,124,0.17675,16.6,Low,Short,Text,Evening
POST-0305,2025-09-14,Instagram,Short Video,Friendship,POV: friendship feels harder than people realize. What do you relate to?,#friendship #studentlife #relatable #growth,Sunday,19,15,1941,1556,1107,43,1,23,22,0.7241812135672002,9,0.0572,22.76,Low,Short,Visual,Evening
POST-0306,2025-07-07,Instagram,Carousel,Productivity,POV: productivity feels harder than people realize. What do you relate to?,#productivity #studentlife #relatable #growth,Monday,13,245,4344,8662,8585,227,37,82,198,0.5514343272405647,67,0.0628,13.84,Low,Long,Text,Afternoon
POST-0307,2025-01-03,YouTube,Short Video,Dating,POV: dating feels harder than people realize. What do you relate to?,#dating #studentlife #relatable #growth,Friday,20,41,2884,1793,2353,135,7,52,55,0.6894077837620207,25,0.13887,25.09,Low,Short,Visual,Evening
POST-0308,2025-03-16,YouTube,Short Video,Career Anxiety,POV: career anxiety feels harder than people realize. What do you relate to?,#careeranxiety #studentlife #relatable #growth,Sunday,19,207,2051,3820,3652,212,23,74,62,0.377419809968066,73,0.09712,13.05,Low,Long,Visual,Evening
POST-0309,2025-10-15,Instagram,Image,Friendship,POV: friendship feels harder than people realize. What do you relate to?,#friendship #studentlife #relatable #growth,Wednesday,20,164,3072,1244,882,16,5,18,7,0.38695114511875756,14,0.03698,10.73,Low,Long,Visual,Evening
POST-0310,2025-03-05,Instagram,Image,Student Life,POV: student life feels harder than people realize. What do you relate to?,#studentlife #studentlife #relatable #growth,Wednesday,13,194,2316,5344,5336,150,62,38,76,0.6235181014058122,46,0.061,16.9,Low,Long,Text,Afternoon
POST-0311,2025-12-24,Instagram,Short Video,Productivity,POV: productivity feels harder than people realize. What do you relate to?,#productivity #studentlife #relatable #growth,Wednesday,20,182,3093,1964,2145,176,14,39,31,0.4482697544730355,20,0.13238,14.86,Low,Long,Text,Evening
POST-0312,2025-08-07,Instagram,Short Video,Social Anxiety,POV: social anxiety feels harder than people realize. What do you relate to?,#socialanxiety #studentlife #relatable #growth,Thursday,15,42,34614,21689,25050,703,185,333,110,0.6930668619892437,271,0.06137,15.32,Low,Short,Visual,Afternoon
POST-0313,2025-10-26,Instagram,Carousel,Academic Pressure,POV: academic pressure feels harder than people realize. What do you relate to?,#academicpressure #studentlife #relatable #growth,Sunday,20,65,2141,2367,4718,339,38,111,142,0.4264361813965878,98,0.26616,22.54,Low,Long,Text,Evening
POST-0314,2025-11-10,Instagram,Image,Dating,POV: dating feels harder than people realize. What do you relate to?,#dating #studentlife #relatable #growth,Monday,19,52,8270,14753,13621,915,153,71,381,0.43275590312682854,173,0.10303,15.82,Low,Short,Text,Evening
POST-0315,2025-02-08,Instagram,Carousel,Student Life,POV: student life feels harder than people realize. What do you relate to?,#studentlife #studentlife #relatable #growth,Saturday,20,24,9346,4194,5331,468,62,61,41,0.4218168805712771,31,0.15069,12.69,Low,Short,Visual,Evening
POST-0316,2025-11-09,Instagram,Carousel,Friendship,POV: friendship feels harder than people realize. What do you relate to?,#friendship #studentlife #relatable #growth,Sunday,8,142,2559,3631,4047,164,41,91,64,0.611224150585952,85,0.09915,17.84,Low,Long,Text,Morning
POST-0317,2025-02-07,Instagram,Reel,Dating,POV: dating feels harder than people realize. What do you relate to?,#dating #studentlife #relatable #growth,Friday,13,29,14929,20216,26115,2193,296,146,371,0.5274604685480065,228,0.14869,12.94,Low,Short,Visual,Afternoon
POST-0318,2025-08-22,Instagram,Image,Social Anxiety,POV: social anxiety feels harder than people realize. What do you relate to?,#socialanxiety #studentlife #relatable #growth,Friday,10,53,14997,6548,6068,178,6,94,104,0.7514184897575116,82,0.05834,20.92,Low,Short,Visual,Morning
POST-0319,2025-09-03,YouTube,Short Video,Career Anxiety,POV: career anxiety feels harder than people realize. What do you relate to?,#careeranxiety #studentlife #relatable #growth,Wednesday,10,37,8835,13694,20416,543,171,522,688,0.5387611582865403,415,0.1405,31.68,Low,Short,Visual,Morning
POST-0320,2025-03-04,Instagram,Long Video,Career Anxiety,POV: career anxiety feels harder than people realize. What do you relate to?,#careeranxiety #studentlife #relatable #growth,Tuesday,13,34,3980,1692,1298,29,2,16,14,0.7052329851765412,16,0.03605,15.47,Low,Short,Text,Afternoon
POST-0321,2025-04-17,Instagram,Short Video,Student Life,POV: student life feels harder than people realize. What do you relate to?,#studentlife #studentlife #relatable #growth,Thursday,13,18,42170,61440,50896,2727,298,302,158,0.5146692721365708,139,0.05672,12.85,Low,Short,Visual,Afternoon
POST-0322,2025-09-18,Instagram,Image,Digital Burnout,POV: digital burnout feels harder than people realize. What do you relate to?,#digitalburnout #studentlife #relatable #growth,Thursday,14,211,12535,7366,9346,254,39,84,93,0.576397706834912,64,0.06381,10.83,Low,Long,Text,Afternoon
POST-0323,2025-08-28,YouTube,Short Video,Social Anxiety,POV: social anxiety feels harder than people realize. What do you relate to?,#socialanxiety #studentlife #relatable #growth,Thursday,8,31,3136,5458,10034,468,57,64,206,0.455946333915892,101,0.14566,15.66,Low,Short,Text,Morning
POST-0324,2025-11-22,Instagram,Short Video,Student Life,POV: student life feels harder than people realize. What do you relate to?,#studentlife #studentlife #relatable #growth,Saturday,10,91,23581,52472,96433,8047,501,1870,1792,0.3235180491326495,1668,0.2327,14.06,Low,Long,Text,Morning
POST-0325,2025-12-16,YouTube,Short Video,Digital Burnout,POV: digital burnout feels harder than people realize. What do you relate to?,#digitalburnout #studentlife #relatable #growth,Tuesday,15,108,24173,46613,66249,4298,308,815,1741,0.3961641102405055,1042,0.15365,15.3,Low,Long,Text,Afternoon
POST-0326,2025-02-03,Instagram,Long Video,Digital Burnout,POV: digital burnout feels harder than people realize. What do you relate to?,#digitalburnout #studentlife #relatable #growth,Monday,15,193,1648,2985,3391,226,40,29,27,0.4704184363073112,18,0.10787,12.62,Low,Long,Text,Afternoon
POST-0327,2025-05-25,Instagram,Reel,Digital Burnout,POV: digital burnout feels harder than people realize. What do you relate to?,#digitalburnout #studentlife #relatable #growth,Sunday,20,13,8622,10173,11460,767,120,43,79,0.732435985029721,33,0.09918,14.45,Low,Short,Visual,Evening
POST-0328,2025-04-01,YouTube,Short Video,Student Life,POV: student life feels harder than people realize. What do you relate to?,#studentlife #studentlife #relatable #growth,Tuesday,14,19,2278,4269,6845,554,27,67,28,0.5540687576269522,53,0.15835,14.13,Low,Short,Text,Afternoon
POST-0329,2025-10-06,YouTube,Short Video,Dating,POV: dating feels harder than people realize. What do you relate to?,#dating #studentlife #relatable #growth,Monday,19,35,6899,10161,15711,1249,118,234,201,0.5825902509314538,223,0.17734,19.35,Low,Short,Visual,Evening
POST-0330,2025-03-28,YouTube,Reel,Digital Burnout,POV: digital burnout feels harder than people realize. What do you relate to?,#digitalburnout #studentlife #relatable #growth,Friday,20,31,12807,12799,11377,727,92,225,112,0.95,166,0.09032,24.6,Low,Short,Text,Evening
POST-0331,2025-03-21,YouTube,Short Video,Dating,POV: dating feels harder than people realize. What do you relate to?,#dating #studentlife #relatable #growth,Friday,19,118,8033,3844,3644,290,26,51,107,0.5396563488463313,53,0.12331,22.17,Low,Long,Visual,Evening
POST-0332,2025-01-15,Instagram,Reel,Friendship,POV: friendship feels harder than people realize. What do you relate to?,#friendship #studentlife #relatable #growth,Wednesday,14,45,1515,1639,1459,103,7,9,13,0.5671893187295441,10,0.08054,14.24,Low,Short,Visual,Afternoon
POST-0333,2025-05-02,YouTube,Short Video,Social Anxiety,POV: social anxiety feels harder than people realize. What do you relate to?,#socialanxiety #studentlife #relatable #growth,Friday,8,18,8700,8733,10481,774,11,245,214,0.7954209031272319,243,0.14245,21.3,Low,Short,Text,Morning
POST-0334,2025-10-24,Instagram,Image,Digital Burnout,POV: digital burnout feels harder than people realize. What do you relate to?,#digitalburnout #studentlife #relatable #growth,Friday,14,137,19551,10876,19348,1776,52,110,482,0.3559637201377306,257,0.22251,17.84,Low,Long,Visual,Afternoon
POST-0335,2025-09-26,Instagram,Short Video,Productivity,POV: productivity feels harder than people realize. What do you relate to?,#productivity #studentlife #relatable #growth,Friday,20,220,6750,9345,15622,1299,106,122,367,0.3822854936312061,118,0.20268,19.59,Low,Long,Visual,Evening
POST-0336,2025-02-10,YouTube,Short Video,Productivity,POV: productivity feels harder than people realize. What do you relate to?,#productivity #studentlife #relatable #growth,Monday,8,51,7711,4621,6348,388,10,150,62,0.37781070970403974,97,0.13201,15.67,Low,Short,Text,Morning
POST-0337,2025-02-02,YouTube,Short Video,Digital Burnout,POV: digital burnout feels harder than people realize. What do you relate to?,#digitalburnout #studentlife #relatable #growth,Sunday,19,31,1409,2992,5643,155,31,139,64,0.6039404170693959,93,0.13001,26.23,Low,Short,Visual,Evening
POST-0338,2025-11-11,YouTube,Short Video,Student Life,POV: student life feels harder than people realize. What do you relate to?,#studentlife #studentlife #relatable #growth,Tuesday,13,13,6294,4406,5987,389,63,71,45,0.7276833750824029,44,0.12892,20.83,Low,Short,Visual,Afternoon
POST-0339,2025-04-30,Instagram,Image,Academic Pressure,POV: academic pressure feels harder than people realize. What do you relate to?,#academicpressure #studentlife #relatable #growth,Wednesday,20,17,2436,1777,1689,105,9,14,28,0.587898497370169,17,0.08779,15.59,Low,Short,Text,Evening
POST-0340,2025-05-06,YouTube,Image,Dating,POV: dating feels harder than people realize. What do you relate to?,#dating #studentlife #relatable #growth,Tuesday,9,53,5168,4816,8627,302,66,90,26,0.6205948036410884,75,0.1005,13.97,Low,Short,Text,Morning
POST-0341,2025-12-21,Instagram,Reel,Social Anxiety,POV: social anxiety feels harder than people realize. What do you relate to?,#socialanxiety #studentlife #relatable #growth,Sunday,21,42,10827,12898,13855,571,40,267,370,0.474707170696987,182,0.09676,18.44,Low,Short,Text,Evening
POST-0342,2025-02-06,Instagram,Image,Student Life,POV: student life feels harder than people realize. What do you relate to?,#studentlife #studentlife #relatable #growth,Thursday,19,20,2781,2356,3677,114,39,22,12,0.5390422138181211,16,0.07937,8.33,Low,Short,Text,Evening
POST-0343,2025-11-07,Instagram,Short Video,Dating,POV: dating feels harder than people realize. What do you relate to?,#dating #studentlife #relatable #growth,Friday,21,48,18709,18667,20937,1353,239,406,229,0.515558357881108,257,0.1193,22.64,Low,Short,Visual,Evening
POST-0344,2025-07-27,Instagram,Long Video,Productivity,POV: productivity feels harder than people realize. What do you relate to?,#productivity #studentlife #relatable #growth,Sunday,19,213,3040,3322,4806,258,8,140,152,0.6572170357437849,110,0.16797,26.27,Low,Long,Visual,Evening
POST-0345,2025-06-15,YouTube,Short Video,Social Anxiety,POV: social anxiety feels harder than people realize. What do you relate to?,#socialanxiety #studentlife #relatable #growth,Sunday,15,50,4332,6542,6508,505,49,26,97,0.7168984680827538,36,0.10349,16.74,Low,Short,Visual,Afternoon
POST-0346,2025-01-30,YouTube,Reel,Student Life,POV: student life feels harder than people realize. What do you relate to?,#studentlife #studentlife #relatable #growth,Thursday,19,43,11832,8480,10574,260,88,95,234,0.3529564175482421,64,0.07983,12.16,Low,Short,Text,Evening
POST-0347,2025-04-08,Instagram,Image,Student Life,POV: student life feels harder than people realize. What do you relate to?,#studentlife #studentlife #relatable #growth,Tuesday,20,52,1933,1015,1283,109,7,25,16,0.571604562449525,12,0.15468,21.9,Low,Short,Visual,Evening
POST-0348,2025-10-19,YouTube,Short Video,Academic Pressure,POV: academic pressure feels harder than people realize. What do you relate to?,#academicpressure #studentlife #relatable #growth,Sunday,9,64,5529,3526,3430,127,37,58,100,0.5532156604556531,64,0.09132,14.8,Low,Long,Text,Morning
POST-0349,2025-12-27,YouTube,Short Video,Career Anxiety,POV: career anxiety feels harder than people realize. What do you relate to?,#careeranxiety #studentlife #relatable #growth,Saturday,20,26,25240,54279,64316,4160,361,194,361,0.6604991766582607,154,0.09352,12.59,Low,Short,Visual,Evening
POST-0350,2025-07-18,Instagram,Carousel,Dating,POV: dating feels harder than people realize. What do you relate to?,#dating #studentlife #relatable #growth,Friday,10,100,9223,5021,9393,168,94,45,44,0.3211209486323867,51,0.06991,9.01,Low,Long,Visual,Morning
POST-0351,2025-08-15,Instagram,Long Video,Career Anxiety,POV: career anxiety feels harder than people realize. What do you relate to?,#careeranxiety #studentlife #relatable #growth,Friday,20,38,9174,21883,34834,1144,351,972,226,0.7431710816656663,304,0.12306,21.66,Low,Short,Text,Evening
POST-0352,2025-10-09,YouTube,Reel,Dating,POV: dating feels harder than people realize. What do you relate to?,#dating #studentlife #relatable #growth,Thursday,20,60,9086,7709,8157,506,88,58,234,0.5974132974449683,114,0.11493,23.09,Low,Short,Visual,Evening
POST-0353,2025-11-12,Instagram,Short Video,Student Life,POV: student life feels harder than people realize. What do you relate to?,#studentlife #studentlife #relatable #growth,Wednesday,21,134,9658,4818,4519,415,52,16,60,0.3980309271349186,37,0.1127,12.12,Low,Long,Visual,Evening
POST-0354,2025-06-07,Instagram,Image,Digital Burnout,POV: digital burnout feels harder than people realize. What do you relate to?,#digitalburnout #studentlife #relatable #growth,Saturday,8,12,17730,38609,64401,3462,357,758,1264,0.7370165055896879,621,0.15129,16.41,Low,Short,Visual,Morning
POST-0355,2025-04-28,Instagram,Long Video,Social Anxiety,POV: social anxiety feels harder than people realize. What do you relate to?,#socialanxiety #studentlife #relatable #growth,Monday,13,148,10592,14464,23736,2128,283,346,626,0.5630236826804477,266,0.23389,19.1,Low,Long,Visual,Afternoon
POST-0356,2025-10-04,Instagram,Long Video,Social Anxiety,POV: social anxiety feels harder than people realize. What do you relate to?,#socialanxiety #studentlife #relatable #growth,Saturday,21,88,5778,3242,5522,297,60,106,75,0.48088619689563905,66,0.16595,18.24,Low,Long,Text,Evening
POST-0357,2025-10-09,YouTube,Carousel,Career Anxiety,POV: career anxiety feels harder than people realize. What do you relate to?,#careeranxiety #studentlife #relatable #growth,Thursday,21,149,6785,9705,7735,584,52,175,98,0.41902548091011754,75,0.09366,18.93,Low,Long,Text,Evening
POST-0358,2025-09-12,YouTube,Short Video,Social Anxiety,POV: social anxiety feels harder than people realize. What do you relate to?,#socialanxiety #studentlife #relatable #growth,Friday,20,29,10727,17382,17775,1322,148,176,213,0.5777937006174013,174,0.10695,14.09,Low,Short,Text,Evening
POST-0359,2025-03-14,Instagram,Reel,Academic Pressure,POV: academic pressure feels harder than people realize. What do you relate to?,#academicpressure #studentlife #relatable #growth,Friday,19,151,2993,2750,3953,348,44,35,25,0.5316863107763982,33,0.16436,18.98,Low,Long,Visual,Evening
POST-0360,2025-10-27,Instagram,Image,Dating,POV: dating feels harder than people realize. What do you relate to?,#dating #studentlife #relatable #growth,Monday,15,40,7493,9689,9962,162,80,188,210,0.95,124,0.06605,20.93,Low,Short,Text,Afternoon
POST-0361,2025-04-16,Instagram,Carousel,Productivity,POV: productivity feels harder than people realize. What do you relate to?,#productivity #studentlife #relatable #growth,Wednesday,9,17,9526,6127,8094,223,71,68,106,0.7561438938436662,48,0.07638,18.07,Low,Short,Text,Morning
POST-0362,2025-02-27,Instagram,Carousel,Career Anxiety,POV: career anxiety feels harder than people realize. What do you relate to?,#careeranxiety #studentlife #relatable #growth,Thursday,10,53,16214,38131,55864,4827,72,1110,394,0.6486291332060565,792,0.16792,18.16,Low,Short,Text,Morning
POST-0363,2025-10-19,Instagram,Image,Digital Burnout,POV: digital burnout feels harder than people realize. What do you relate to?,#digitalburnout #studentlife #relatable #growth,Sunday,10,172,6099,9955,15037,402,174,76,259,0.5502167348953292,96,0.09151,15.37,Low,Long,Visual,Morning
POST-0364,2025-07-14,YouTube,Short Video,Friendship,POV: friendship feels harder than people realize. What do you relate to?,#friendship #studentlife #relatable #growth,Monday,20,229,27317,25337,36230,2825,361,900,153,0.39264234175630613,681,0.1673,12.69,Low,Long,Text,Evening
POST-0365,2025-01-08,Instagram,Short Video,Social Anxiety,POV: social anxiety feels harder than people realize. What do you relate to?,#socialanxiety #studentlife #relatable #growth,Wednesday,13,39,4555,8639,13827,360,137,39,140,0.7541401280659666,39,0.07825,11.94,Low,Short,Text,Afternoon
POST-0366,2025-07-05,Instagram,Image,Productivity,POV: productivity feels harder than people realize. What do you relate to?,#productivity #studentlife #relatable #growth,Saturday,14,52,8250,12418,17507,1116,76,40,144,0.6610029063149797,66,0.11081,12.78,Low,Short,Text,Afternoon
POST-0367,2025-05-08,Instagram,Short Video,Social Anxiety,POV: social anxiety feels harder than people realize. What do you relate to?,#socialanxiety #studentlife #relatable #growth,Thursday,20,41,7799,3404,4752,416,16,118,58,0.3825601199732772,45,0.17861,19.54,Low,Short,Visual,Evening
POST-0368,2025-08-16,Instagram,Carousel,Dating,POV: dating feels harder than people realize. What do you relate to?,#dating #studentlife #relatable #growth,Saturday,21,45,10464,10321,19971,433,171,621,549,0.7487611143153988,472,0.17188,32.24,Low,Short,Visual,Evening
POST-0369,2025-10-25,YouTube,Short Video,Student Life,POV: student life feels harder than people realize. What do you relate to?,#studentlife #studentlife #relatable #growth,Saturday,19,17,4564,3064,2387,160,24,53,62,0.4221120402368962,54,0.09758,25.92,Low,Short,Text,Evening
POST-0370,2025-02-27,Instagram,Long Video,Digital Burnout,POV: digital burnout feels harder than people realize. What do you relate to?,#digitalburnout #studentlife #relatable #growth,Thursday,9,52,18489,41648,82157,2195,875,2011,2178,0.5765370639134022,1027,0.17429,31.86,Low,Short,Visual,Morning
POST-0371,2025-02-15,Instagram,Short Video,Friendship,POV: friendship feels harder than people realize. What do you relate to?,#friendship #studentlife #relatable #growth,Saturday,13,13,17145,34482,65034,2090,369,808,204,0.6891283404273669,554,0.10066,13.71,Low,Short,Text,Afternoon
POST-0372,2025-06-07,Instagram,Image,Dating,POV: dating feels harder than people realize. What do you relate to?,#dating #studentlife #relatable #growth,Saturday,13,38,19798,14268,10500,247,76,248,282,0.6889225139935082,222,0.05978,27.97,Low,Short,Visual,Afternoon
POST-0373,2025-10-17,YouTube,Short Video,Student Life,POV: student life feels harder than people realize. What do you relate to?,#studentlife #studentlife #relatable #growth,Friday,13,13,6108,13143,10060,303,99,162,200,0.6406437364136562,117,0.05813,19.77,Low,Short,Visual,Afternoon
POST-0374,2025-08-30,Instagram,Reel,Student Life,POV: student life feels harder than people realize. What do you relate to?,#studentlife #studentlife #relatable #growth,Saturday,8,287,11277,14913,15121,1106,26,81,296,0.26120194277726516,138,0.10119,12.55,Low,Long,Visual,Morning
POST-0375,2025-05-20,Instagram,Reel,Social Anxiety,POV: social anxiety feels harder than people realize. What do you relate to?,#socialanxiety #studentlife #relatable #growth,Tuesday,19,38,12387,23693,42308,3702,498,270,546,0.5708899632067781,354,0.21171,16.22,Low,Short,Visual,Evening
POST-0376,2025-01-27,Instagram,Short Video,Friendship,POV: friendship feels harder than people realize. What do you relate to?,#friendship #studentlife #relatable #growth,Monday,21,35,6371,12651,8862,382,75,112,42,0.5726003274442191,54,0.0483,14.65,Low,Short,Visual,Evening
POST-0377,2025-04-24,Instagram,Reel,Productivity,POV: productivity feels harder than people realize. What do you relate to?,#productivity #studentlife #relatable #growth,Thursday,15,26,4461,3527,6856,193,40,50,57,0.6491621073617831,24,0.0964,15.64,Low,Short,Visual,Afternoon
POST-0378,2025-09-25,Instagram,Image,Student Life,POV: student life feels harder than people realize. What do you relate to?,#studentlife #studentlife #relatable #growth,Thursday,21,52,10261,18141,21152,1036,43,293,88,0.5973831907551723,77,0.08048,11.26,Low,Short,Text,Evening
POST-0379,2025-04-12,Instagram,Carousel,Career Anxiety,POV: career anxiety feels harder than people realize. What do you relate to?,#careeranxiety #studentlife #relatable #growth,Saturday,15,53,1691,2234,2567,250,14,32,42,0.6936302619213651,25,0.1513,16.28,Low,Short,Visual,Afternoon
POST-0380,2025-01-09,Instagram,Short Video,Career Anxiety,POV: career anxiety feels harder than people realize. What do you relate to?,#careeranxiety #studentlife #relatable #growth,Thursday,13,294,5206,9002,8623,654,33,140,193,0.5708908581660457,160,0.11331,16.7,Low,Long,Text,Afternoon
POST-0381,2025-06-22,Instagram,Carousel,Friendship,POV: friendship feels harder than people realize. What do you relate to?,#friendship #studentlife #relatable #growth,Sunday,10,41,2546,5664,7689,204,64,85,83,0.6973416906418635,35,0.07698,14.14,Low,Short,Text,Morning
POST-0382,2025-11-26,Instagram,Image,Academic Pressure,POV: academic pressure feels harder than people realize. What do you relate to?,#academicpressure #studentlife #relatable #growth,Wednesday,13,25,11105,19631,18730,978,63,323,149,0.5044001515436547,187,0.07707,11.12,Low,Short,Visual,Afternoon
POST-0383,2025-06-18,Instagram,Short Video,Academic Pressure,POV: academic pressure feels harder than people realize. What do you relate to?,#academicpressure #studentlife #relatable #growth,Wednesday,15,58,8863,7346,8504,427,71,208,178,0.4552982939390723,167,0.12034,21.1,Low,Short,Visual,Afternoon
POST-0384,2025-04-04,Instagram,Image,Productivity,POV: productivity feels harder than people realize. What do you relate to?,#productivity #studentlife #relatable #growth,Friday,10,42,14746,15180,27069,1252,133,715,866,0.5349786215817298,658,0.19539,33.88,Low,Short,Visual,Morning
POST-0385,2025-08-29,Instagram,Short Video,Digital Burnout,POV: digital burnout feels harder than people realize. What do you relate to?,#digitalburnout #studentlife #relatable #growth,Friday,19,34,9424,19168,15277,290,19,215,137,0.4846223915489519,145,0.03448,12.0,Low,Short,Text,Evening
POST-0386,2025-03-11,Instagram,Image,Career Anxiety,POV: career anxiety feels harder than people realize. What do you relate to?,#careeranxiety #studentlife #relatable #growth,Tuesday,10,32,5604,5218,6295,539,45,98,211,0.7270277090608515,90,0.17114,27.67,Low,Short,Visual,Morning
POST-0387,2025-12-05,YouTube,Short Video,Social Anxiety,POV: social anxiety feels harder than people realize. What do you relate to?,#socialanxiety #studentlife #relatable #growth,Friday,19,252,4623,7129,7574,229,49,118,55,0.2327365263450825,86,0.06326,7.44,Low,Long,Text,Evening
POST-0388,2025-04-29,YouTube,Short Video,Social Anxiety,POV: social anxiety feels harder than people realize. What do you relate to?,#socialanxiety #studentlife #relatable #growth,Tuesday,15,70,8343,13598,18460,1255,117,291,170,0.42270976543107497,161,0.1348,16.92,Low,Long,Text,Afternoon
POST-0389,2025-08-07,YouTube,Short Video,Digital Burnout,POV: digital burnout feels harder than people realize. What do you relate to?,#digitalburnout #studentlife #relatable #growth,Thursday,8,31,3589,4961,6500,302,37,63,45,0.4898046435852108,52,0.0901,9.05,Low,Short,Text,Morning
POST-0390,2025-08-21,Instagram,Long Video,Digital Burnout,POV: digital burnout feels harder than people realize. What do you relate to?,#digitalburnout #studentlife #relatable #growth,Thursday,15,290,2295,3107,4957,445,46,59,51,0.45349401521389693,44,0.19343,11.2,Low,Long,Text,Afternoon
POST-0391,2025-08-22,Instagram,Reel,Productivity,POV: productivity feels harder than people realize. What do you relate to?,#productivity #studentlife #relatable #growth,Friday,15,37,6308,12104,14121,421,100,256,435,0.527077771893418,136,0.10013,24.1,Low,Short,Text,Afternoon
POST-0392,2025-11-16,Instagram,Image,Student Life,POV: student life feels harder than people realize. What do you relate to?,#studentlife #studentlife #relatable #growth,Sunday,8,26,13674,23770,43584,3271,126,966,455,0.582099899801621,347,0.20269,20.35,Low,Short,Text,Morning
POST-0393,2025-02-18,Instagram,Reel,Productivity,POV: productivity feels harder than people realize. What do you relate to?,#productivity #studentlife #relatable #growth,Tuesday,20,41,5853,10424,9404,700,26,82,33,0.4620030285610388,47,0.08068,13.74,Low,Short,Visual,Evening
POST-0394,2025-03-19,Instagram,Reel,Social Anxiety,POV: social anxiety feels harder than people realize. What do you relate to?,#socialanxiety #studentlife #relatable #growth,Wednesday,9,65,5355,6173,11918,319,70,79,318,0.4114260514886082,160,0.12733,12.08,Low,Long,Text,Morning
POST-0395,2025-01-09,Instagram,Long Video,Friendship,POV: friendship feels harder than people realize. What do you relate to?,#friendship #studentlife #relatable #growth,Thursday,19,17,9349,11571,10152,498,22,262,194,0.595682120803975,151,0.08435,20.55,Low,Short,Text,Evening
POST-0396,2025-11-29,Instagram,Image,Dating,POV: dating feels harder than people realize. What do you relate to?,#dating #studentlife #relatable #growth,Saturday,20,262,10915,7873,7078,333,60,177,77,0.3263175298390719,80,0.08218,19.72,Low,Long,Visual,Evening
POST-0397,2025-09-22,Instagram,Reel,Productivity,POV: productivity feels harder than people realize. What do you relate to?,#productivity #studentlife #relatable #growth,Monday,21,37,14533,10912,18119,621,128,505,202,0.5338999493326128,351,0.13343,27.03,Low,Short,Visual,Evening
POST-0398,2025-07-30,YouTube,Short Video,Dating,POV: dating feels harder than people realize. What do you relate to?,#dating #studentlife #relatable #growth,Wednesday,19,12,8409,8961,9147,617,55,225,208,0.8538111864921376,238,0.12331,24.62,Low,Short,Text,Evening
POST-0399,2025-08-29,YouTube,Short Video,Social Anxiety,POV: social anxiety feels harder than people realize. What do you relate to?,#socialanxiety #studentlife #relatable #growth,Friday,9,44,14946,9667,17422,838,107,212,328,0.6397625143783662,278,0.15362,18.1,Low,Short,Visual,Morning
POST-0400,2025-12-11,Instagram,Long Video,Student Life,POV: student life feels harder than people realize. What do you relate to?,#studentlife #studentlife #relatable #growth,Thursday,19,72,3016,4479,7714,230,71,46,120,0.4518084686102073,76,0.10426,10.71,Low,Long,Text,Evening
POST-0401,2025-01-17,Instagram,Short Video,Dating,POV: dating feels harder than people realize. What do you relate to?,#dating #studentlife #relatable #growth,Friday,21,22,15685,32422,35453,1781,68,379,1056,0.5889568424909771,580,0.10129,19.7,Low,Short,Visual,Evening
POST-0402,2025-07-04,Instagram,Reel,Friendship,POV: friendship feels harder than people realize. What do you relate to?,#friendship #studentlife #relatable #growth,Friday,10,48,7440,6119,11625,408,119,37,210,0.6588168900190806,109,0.12649,19.0,Low,Short,Visual,Morning
POST-0403,2025-02-28,Instagram,Long Video,Student Life,POV: student life feels harder than people realize. What do you relate to?,#studentlife #studentlife #relatable #growth,Friday,19,30,2165,1403,2578,132,12,13,73,0.8497190490324538,26,0.16393,22.73,Low,Short,Text,Evening
POST-0404,2025-01-12,YouTube,Short Video,Career Anxiety,POV: career anxiety feels harder than people realize. What do you relate to?,#careeranxiety #studentlife #relatable #growth,Sunday,20,56,2686,3401,5142,406,59,138,148,0.7283268676995007,118,0.22082,30.73,Low,Short,Text,Evening
POST-0405,2025-01-12,Instagram,Carousel,Career Anxiety,POV: career anxiety feels harder than people realize. What do you relate to?,#careeranxiety #studentlife #relatable #growth,Sunday,15,53,7816,7051,11287,934,135,130,124,0.7357615272996341,79,0.18763,19.03,Low,Short,Visual,Afternoon
POST-0406,2025-05-19,Instagram,Reel,Dating,POV: dating feels harder than people realize. What do you relate to?,#dating #studentlife #relatable #growth,Monday,8,52,15903,29181,28814,426,255,227,482,0.6930418895496546,160,0.04763,19.42,Low,Short,Text,Morning
POST-0407,2025-01-07,Instagram,Carousel,Career Anxiety,POV: career anxiety feels harder than people realize. What do you relate to?,#careeranxiety #studentlife #relatable #growth,Tuesday,19,40,8650,3380,4246,388,34,84,41,0.6354850794304682,60,0.16183,20.64,Low,Short,Visual,Evening
POST-0408,2025-11-18,YouTube,Short Video,Dating,POV: dating feels harder than people realize. What do you relate to?,#dating #studentlife #relatable #growth,Tuesday,20,17,21286,36389,43733,3139,142,479,873,0.6396466706069621,285,0.12732,16.3,Low,Short,Text,Evening
POST-0409,2025-12-28,Instagram,Carousel,Student Life,POV: student life feels harder than people realize. What do you relate to?,#studentlife #studentlife #relatable #growth,Sunday,14,221,4237,5844,6954,634,67,94,83,0.38784534795118186,97,0.15024,15.14,Low,Long,Visual,Afternoon
POST-0410,2025-01-28,YouTube,Short Video,Dating,POV: dating feels harder than people realize. What do you relate to?,#dating #studentlife #relatable #growth,Tuesday,19,55,62321,55257,75316,4688,188,1014,2039,0.7368488352117598,565,0.14349,19.78,Low,Short,Text,Evening
POST-0411,2025-11-21,YouTube,Short Video,Dating,POV: dating feels harder than people realize. What do you relate to?,#dating #studentlife #relatable #growth,Friday,19,29,9242,17279,24628,1130,40,714,617,0.7103362187530126,467,0.14474,29.49,Low,Short,Visual,Evening
POST-0412,2025-03-27,Instagram,Long Video,Career Anxiety,POV: career anxiety feels harder than people realize. What do you relate to?,#careeranxiety #studentlife #relatable #growth,Thursday,19,42,2079,1318,1708,51,11,35,14,0.4830541705327013,13,0.08422,20.05,Low,Short,Visual,Evening
POST-0413,2025-11-03,YouTube,Carousel,Digital Burnout,POV: digital burnout feels harder than people realize. What do you relate to?,#digitalburnout #studentlife #relatable #growth,Monday,20,42,2783,3210,3828,101,21,54,15,0.5410776669449038,22,0.0595,14.55,Low,Short,Visual,Evening
POST-0414,2025-02-05,YouTube,Carousel,Social Anxiety,POV: social anxiety feels harder than people realize. What do you relate to?,#socialanxiety #studentlife #relatable #growth,Wednesday,20,295,4928,7166,12399,742,61,47,40,0.630252650941031,22,0.1242,6.1,Low,Long,Text,Evening
POST-0415,2025-01-07,Instagram,Reel,Student Life,POV: student life feels harder than people realize. What do you relate to?,#studentlife #studentlife #relatable #growth,Tuesday,14,25,5923,12646,16058,1262,172,184,153,0.6542247111638909,75,0.14004,18.7,Low,Short,Text,Afternoon
POST-0416,2025-10-31,Instagram,Reel,Friendship,POV: friendship feels harder than people realize. What do you relate to?,#friendship #studentlife #relatable #growth,Friday,14,35,13449,14747,17004,864,199,235,227,0.6467478995604605,165,0.10341,16.46,Low,Short,Text,Afternoon
POST-0417,2025-08-14,Instagram,Carousel,Academic Pressure,POV: academic pressure feels harder than people realize. What do you relate to?,#academicpressure #studentlife #relatable #growth,Thursday,13,75,7081,9820,12657,982,130,154,172,0.4091867457411074,155,0.14644,13.79,Low,Long,Visual,Afternoon
POST-0418,2025-07-22,Instagram,Reel,Academic Pressure,POV: academic pressure feels harder than people realize. What do you relate to?,#academicpressure #studentlife #relatable #growth,Tuesday,21,19,4981,8490,11385,1000,108,179,375,0.6293168691832604,182,0.19576,25.05,Low,Short,Text,Evening
POST-0419,2025-07-03,Instagram,Image,Dating,POV: dating feels harder than people realize. What do you relate to?,#dating #studentlife #relatable #growth,Thursday,14,21,7164,4725,4066,246,45,62,15,0.7183287345037754,37,0.07788,17.48,Low,Short,Visual,Afternoon
POST-0420,2025-08-01,YouTube,Short Video,Career Anxiety,POV: career anxiety feels harder than people realize. What do you relate to?,#careeranxiety #studentlife #relatable #growth,Friday,20,90,3732,4480,4081,281,48,118,103,0.577411091817523,126,0.12277,22.24,Low,Long,Visual,Evening
POST-0421,2025-01-29,Instagram,Image,Student Life,POV: student life feels harder than people realize. What do you relate to?,#studentlife #studentlife #relatable #growth,Wednesday,9,40,27398,63055,74544,3567,188,835,693,0.45390518875897645,476,0.08378,16.82,Low,Short,Visual,Morning
POST-0422,2025-02-01,Instagram,Short Video,Academic Pressure,POV: academic pressure feels harder than people realize. What do you relate to?,#academicpressure #studentlife #relatable #growth,Saturday,19,34,2780,3925,2969,183,25,57,50,0.5809808716395495,35,0.08025,19.55,Low,Short,Visual,Evening
POST-0423,2025-12-21,Instagram,Reel,Friendship,POV: friendship feels harder than people realize. What do you relate to?,#friendship #studentlife #relatable #growth,Sunday,13,59,4798,5314,9258,819,52,74,179,0.5010139624910366,100,0.21152,19.12,Low,Short,Text,Afternoon
POST-0424,2025-02-07,Instagram,Reel,Social Anxiety,POV: social anxiety feels harder than people realize. What do you relate to?,#socialanxiety #studentlife #relatable #growth,Friday,8,52,5592,8183,15807,861,136,146,251,0.73017754702494,196,0.17035,21.6,Low,Short,Text,Morning
POST-0425,2025-12-27,YouTube,Short Video,Digital Burnout,POV: digital burnout feels harder than people realize. What do you relate to?,#digitalburnout #studentlife #relatable #growth,Saturday,14,220,21680,40294,74603,5109,304,1169,1736,0.5430086449034479,1341,0.20643,18.91,Low,Long,Text,Afternoon
POST-0426,2025-11-29,Instagram,Carousel,Productivity,POV: productivity feels harder than people realize. What do you relate to?,#productivity #studentlife #relatable #growth,Saturday,8,27,2521,1968,3227,212,26,58,101,0.7260541953514353,60,0.20173,28.83,Low,Short,Text,Morning
POST-0427,2025-08-06,Instagram,Short Video,Dating,POV: dating feels harder than people realize. What do you relate to?,#dating #studentlife #relatable #growth,Wednesday,15,152,5371,8524,13882,1067,104,387,86,0.3875846300831175,223,0.19287,15.8,Low,Long,Visual,Afternoon
POST-0428,2025-11-28,Instagram,Short Video,Social Anxiety,POV: social anxiety feels harder than people realize. What do you relate to?,#socialanxiety #studentlife #relatable #growth,Friday,19,29,4030,5707,6932,397,47,53,132,0.6626832058536453,70,0.11022,19.88,Low,Short,Visual,Evening
POST-0429,2025-01-10,Instagram,Long Video,Digital Burnout,POV: digital burnout feels harder than people realize. What do you relate to?,#digitalburnout #studentlife #relatable #growth,Friday,21,52,11348,21906,35415,3312,142,895,409,0.528921816320828,577,0.2172,20.27,Low,Short,Visual,Evening
POST-0430,2025-04-05,Instagram,Reel,Dating,POV: dating feels harder than people realize. What do you relate to?,#dating #studentlife #relatable #growth,Saturday,10,56,5984,10261,18365,765,192,402,423,0.7470942392249822,438,0.17367,25.19,Low,Short,Visual,Morning
POST-0431,2025-04-03,YouTube,Short Video,Academic Pressure,POV: academic pressure feels harder than people realize. What do you relate to?,#academicpressure #studentlife #relatable #growth,Thursday,13,198,4377,10194,7208,258,83,77,30,0.6929018668204522,25,0.04395,11.95,Low,Long,Text,Afternoon
POST-0432,2025-08-06,Instagram,Long Video,Friendship,POV: friendship feels harder than people realize. What do you relate to?,#friendship #studentlife #relatable #growth,Wednesday,13,112,30027,24945,37311,573,131,254,236,0.4296499388818798,126,0.04787,8.38,Low,Long,Text,Afternoon
POST-0433,2025-09-27,YouTube,Short Video,Friendship,POV: friendship feels harder than people realize. What do you relate to?,#friendship #studentlife #relatable #growth,Saturday,19,21,7461,16206,31618,1271,208,308,931,0.6074706750637192,308,0.16772,18.38,Low,Short,Text,Evening
POST-0434,2025-12-11,YouTube,Short Video,Digital Burnout,POV: digital burnout feels harder than people realize. What do you relate to?,#digitalburnout #studentlife #relatable #growth,Thursday,14,27,5542,2210,2332,107,23,49,66,0.49633813971348745,39,0.11086,27.2,Low,Short,Visual,Afternoon
POST-0435,2025-04-02,Instagram,Short Video,Productivity,POV: productivity feels harder than people realize. What do you relate to?,#productivity #studentlife #relatable #growth,Wednesday,15,31,2062,4421,3758,278,38,76,37,0.5320258002460885,52,0.09704,17.4,Low,Short,Text,Afternoon
POST-0436,2025-05-22,Instagram,Short Video,Productivity,POV: productivity feels harder than people realize. What do you relate to?,#productivity #studentlife #relatable #growth,Thursday,9,232,3381,5873,9273,462,43,78,34,0.440069196200415,39,0.10506,10.25,Low,Long,Visual,Morning
POST-0437,2025-12-15,Instagram,Reel,Friendship,POV: friendship feels harder than people realize. What do you relate to?,#friendship #studentlife #relatable #growth,Monday,14,60,12713,8073,15704,1056,107,322,427,0.792929213388802,240,0.23684,24.02,Low,Short,Text,Afternoon
POST-0438,2025-04-17,Instagram,Image,Friendship,POV: friendship feels harder than people realize. What do you relate to?,#friendship #studentlife #relatable #growth,Thursday,15,40,12178,27275,30337,2439,131,431,636,0.825187910711286,241,0.13335,23.2,Low,Short,Visual,Afternoon
POST-0439,2025-04-09,Instagram,Image,Dating,POV: dating feels harder than people realize. What do you relate to?,#dating #studentlife #relatable #growth,Wednesday,10,51,9551,14982,25396,1883,227,286,599,0.7933212442512118,393,0.19991,22.52,Low,Short,Visual,Morning
POST-0440,2025-11-28,Instagram,Image,Academic Pressure,POV: academic pressure feels harder than people realize. What do you relate to?,#academicpressure #studentlife #relatable #growth,Friday,21,18,1869,4270,4060,258,24,79,114,0.5663588648105774,99,0.11124,23.49,Low,Short,Visual,Evening
POST-0441,2025-03-07,Instagram,Reel,Career Anxiety,POV: career anxiety feels harder than people realize. What do you relate to?,#careeranxiety #studentlife #relatable #growth,Friday,20,123,15771,26916,31381,816,367,815,425,0.4891313374707019,381,0.09002,16.09,Low,Long,Text,Evening
POST-0442,2025-12-30,Instagram,Short Video,Friendship,POV: friendship feels harder than people realize. What do you relate to?,#friendship #studentlife #relatable #growth,Tuesday,8,43,4083,6533,9045,521,58,211,260,0.6382257779947149,108,0.16072,28.23,Low,Short,Visual,Morning
POST-0443,2025-11-17,Instagram,Image,Student Life,POV: student life feels harder than people realize. What do you relate to?,#studentlife #studentlife #relatable #growth,Monday,13,190,18633,21409,30120,886,236,416,730,0.5407927091615347,480,0.10594,14.36,Low,Long,Text,Afternoon
POST-0444,2025-01-25,YouTube,Short Video,Digital Burnout,POV: digital burnout feels harder than people realize. What do you relate to?,#digitalburnout #studentlife #relatable #growth,Saturday,19,107,1185,908,1253,86,2,3,14,0.4969314458594567,3,0.11564,12.81,Low,Long,Text,Evening
POST-0445,2025-08-10,Instagram,Image,Digital Burnout,POV: digital burnout feels harder than people realize. What do you relate to?,#digitalburnout #studentlife #relatable #growth,Sunday,9,50,21948,35415,46984,2899,196,982,1181,0.5373825306961048,757,0.14847,19.91,Low,Short,Visual,Morning
POST-0446,2025-07-15,Instagram,Image,Academic Pressure,POV: academic pressure feels harder than people realize. What do you relate to?,#academicpressure #studentlife #relatable #growth,Tuesday,20,37,17068,27283,38169,2004,419,785,192,0.5799338208807736,588,0.12462,18.81,Low,Short,Text,Evening
POST-0447,2025-04-27,Instagram,Long Video,Digital Burnout,POV: digital burnout feels harder than people realize. What do you relate to?,#digitalburnout #studentlife #relatable #growth,Sunday,19,42,2872,3109,5652,100,20,116,132,0.5543865893282931,80,0.11837,21.14,Low,Short,Text,Evening
POST-0448,2025-02-27,Instagram,Image,Friendship,POV: friendship feels harder than people realize. What do you relate to?,#friendship #studentlife #relatable #growth,Thursday,21,92,9272,19293,33504,1984,102,392,342,0.5473536631681459,367,0.14617,12.43,Low,Long,Text,Evening
POST-0449,2025-11-28,Instagram,Image,Friendship,POV: friendship feels harder than people realize. What do you relate to?,#friendship #studentlife #relatable #growth,Friday,20,215,1778,2848,5248,293,31,21,127,0.5419697139305285,31,0.16573,14.61,Low,Long,Text,Evening
POST-0450,2025-04-24,Instagram,Short Video,Academic Pressure,POV: academic pressure feels harder than people realize. What do you relate to?,#academicpressure #studentlife #relatable #growth,Thursday,14,20,92511,214414,277914,5571,390,3527,8986,0.7211224644772716,5184,0.08616,25.54,Low,Short,Visual,Afternoon
POST-0451,2025-03-19,Instagram,Carousel,Academic Pressure,POV: academic pressure feels harder than people realize. What do you relate to?,#academicpressure #studentlife #relatable #growth,Wednesday,13,55,28037,47456,57220,3904,364,288,1799,0.6501783837221381,725,0.13391,19.9,Low,Short,Text,Afternoon
POST-0452,2025-05-05,Instagram,Reel,Career Anxiety,POV: career anxiety feels harder than people realize. What do you relate to?,#careeranxiety #studentlife #relatable #growth,Monday,15,35,5922,3847,2877,273,21,38,44,0.5613906012721356,37,0.09774,16.52,Low,Short,Text,Afternoon
POST-0453,2025-10-28,YouTube,Short Video,Social Anxiety,POV: social anxiety feels harder than people realize. What do you relate to?,#socialanxiety #studentlife #relatable #growth,Tuesday,14,21,11708,7767,13348,1126,57,327,233,0.5565289929025107,280,0.22441,23.25,Low,Short,Visual,Afternoon
POST-0454,2025-05-08,Instagram,Carousel,Career Anxiety,POV: career anxiety feels harder than people realize. What do you relate to?,#careeranxiety #studentlife #relatable #growth,Thursday,20,29,7036,16239,12691,1036,89,81,57,0.7747886632114005,42,0.07778,15.61,Low,Short,Visual,Evening
POST-0455,2025-05-23,YouTube,Carousel,Academic Pressure,POV: academic pressure feels harder than people realize. What do you relate to?,#academicpressure #studentlife #relatable #growth,Friday,20,27,11165,9903,11068,665,12,343,235,0.598050705177475,234,0.12673,28.47,Low,Short,Visual,Evening
POST-0456,2025-08-29,Instagram,Image,Dating,POV: dating feels harder than people realize. What do you relate to?,#dating #studentlife #relatable #growth,Friday,9,261,25166,46688,60690,1307,192,516,995,0.4452402540209483,664,0.06447,12.43,Low,Long,Text,Morning
POST-0457,2025-08-25,YouTube,Carousel,Career Anxiety,POV: career anxiety feels harder than people realize. What do you relate to?,#careeranxiety #studentlife #relatable #growth,Monday,21,47,6118,2475,3129,143,10,80,96,0.8209231088224186,83,0.13293,29.1,Low,Short,Text,Evening
POST-0458,2025-05-15,Instagram,Short Video,Career Anxiety,POV: career anxiety feels harder than people realize. What do you relate to?,#careeranxiety #studentlife #relatable #growth,Thursday,20,35,10859,9482,10510,696,121,194,274,0.6879627654884805,228,0.13552,30.96,Low,Short,Visual,Evening
POST-0459,2025-11-27,Instagram,Carousel,Student Life,POV: student life feels harder than people realize. What do you relate to?,#studentlife #studentlife #relatable #growth,Thursday,20,58,6865,5360,5007,314,14,116,62,0.572424094154419,65,0.0944,17.75,Low,Short,Text,Evening
POST-0460,2025-11-28,Instagram,Short Video,Productivity,POV: productivity feels harder than people realize. What do you relate to?,#productivity #studentlife #relatable #growth,Friday,14,36,7023,12198,13194,450,16,75,54,0.5533793930780296,71,0.04878,7.99,Low,Short,Text,Afternoon
POST-0461,2025-08-30,Instagram,Carousel,Social Anxiety,POV: social anxiety feels harder than people realize. What do you relate to?,#socialanxiety #studentlife #relatable #growth,Saturday,14,66,6551,11169,10551,579,95,255,273,0.36755898856850927,221,0.10762,21.29,Low,Long,Text,Afternoon
POST-0462,2025-09-19,Instagram,Carousel,Academic Pressure,POV: academic pressure feels harder than people realize. What do you relate to?,#academicpressure #studentlife #relatable #growth,Friday,10,37,48786,83986,98386,2065,479,1242,849,0.6011849851165094,564,0.05519,11.55,Low,Short,Text,Morning
POST-0463,2025-02-10,Instagram,Image,Friendship,POV: friendship feels harder than people realize. What do you relate to?,#friendship #studentlife #relatable #growth,Monday,15,81,5017,2222,2519,136,25,12,25,0.6444955872916609,21,0.08911,12.28,Low,Long,Text,Afternoon
POST-0464,2025-07-14,Instagram,Carousel,Academic Pressure,POV: academic pressure feels harder than people realize. What do you relate to?,#academicpressure #studentlife #relatable #growth,Monday,19,74,17825,6993,12933,522,44,256,413,0.42712366147363234,188,0.17661,16.5,Low,Long,Text,Evening
POST-0465,2025-02-13,Instagram,Reel,Friendship,POV: friendship feels harder than people realize. What do you relate to?,#friendship #studentlife #relatable #growth,Thursday,19,166,5403,10940,8179,692,96,155,234,0.4894710255219871,82,0.10759,16.55,Low,Long,Text,Evening
POST-0466,2025-01-07,Instagram,Image,Social Anxiety,POV: social anxiety feels harder than people realize. What do you relate to?,#socialanxiety #studentlife #relatable #growth,Tuesday,21,149,6712,4341,7500,324,19,240,147,0.38829986905389324,137,0.16816,27.59,Low,Long,Visual,Evening
POST-0467,2025-11-21,Instagram,Long Video,Friendship,POV: friendship feels harder than people realize. What do you relate to?,#friendship #studentlife #relatable #growth,Friday,20,132,3199,3583,5302,480,35,90,144,0.26997414421847155,125,0.20904,17.05,Low,Long,Text,Evening
POST-0468,2025-09-01,YouTube,Reel,Academic Pressure,POV: academic pressure feels harder than people realize. What do you relate to?,#academicpressure #studentlife #relatable #growth,Monday,20,32,5806,11578,12526,939,128,150,331,0.78214211941508,105,0.1337,25.49,Low,Short,Visual,Evening
POST-0469,2025-05-19,YouTube,Short Video,Digital Burnout,POV: digital burnout feels harder than people realize. What do you relate to?,#digitalburnout #studentlife #relatable #growth,Monday,21,36,15856,33776,48977,796,316,1503,904,0.7560322829607198,812,0.10419,27.64,Low,Short,Visual,Evening
POST-0470,2025-01-31,Instagram,Short Video,Friendship,POV: friendship feels harder than people realize. What do you relate to?,#friendship #studentlife #relatable #growth,Friday,19,173,5864,5602,9021,502,13,80,212,0.4944193120054852,127,0.14406,16.66,Low,Long,Visual,Evening
POST-0471,2025-07-21,YouTube,Short Video,Social Anxiety,POV: social anxiety feels harder than people realize. What do you relate to?,#socialanxiety #studentlife #relatable #growth,Monday,15,57,7667,9078,15460,965,102,441,118,0.7353233211943887,329,0.17911,25.85,Low,Short,Visual,Afternoon
POST-0472,2025-12-22,YouTube,Carousel,Student Life,POV: student life feels harder than people realize. What do you relate to?,#studentlife #studentlife #relatable #growth,Monday,14,60,2784,3465,6257,509,40,125,81,0.6463852835628039,69,0.21789,22.67,Low,Short,Visual,Afternoon
POST-0473,2025-04-26,Instagram,Short Video,Friendship,POV: friendship feels harder than people realize. What do you relate to?,#friendship #studentlife #relatable #growth,Saturday,15,52,14415,20858,18940,1090,152,257,317,0.6389956444661499,147,0.08706,17.22,Low,Short,Visual,Afternoon
POST-0474,2025-04-06,YouTube,Short Video,Friendship,POV: friendship feels harder than people realize. What do you relate to?,#friendship #studentlife #relatable #growth,Sunday,13,22,9290,12781,22752,1110,71,571,103,0.58195644562522,249,0.14514,26.07,Low,Short,Visual,Afternoon
POST-0475,2025-05-14,Instagram,Reel,Student Life,POV: student life feels harder than people realize. What do you relate to?,#studentlife #studentlife #relatable #growth,Wednesday,13,50,4147,4217,4272,200,38,51,23,0.6558617653326072,29,0.07399,14.62,Low,Short,Text,Afternoon
POST-0476,2025-10-25,YouTube,Short Video,Career Anxiety,POV: career anxiety feels harder than people realize. What do you relate to?,#careeranxiety #studentlife #relatable #growth,Saturday,19,38,9072,8806,15458,595,168,372,257,0.5230613137626208,350,0.15807,23.51,Low,Short,Text,Evening
POST-0477,2025-12-10,Instagram,Image,Friendship,POV: friendship feels harder than people realize. What do you relate to?,#friendship #studentlife #relatable #growth,Wednesday,21,24,5686,8841,6233,275,73,143,27,0.7813285966508292,44,0.05859,24.15,Low,Short,Visual,Evening
POST-0478,2025-11-15,Instagram,Carousel,Career Anxiety,POV: career anxiety feels harder than people realize. What do you relate to?,#careeranxiety #studentlife #relatable #growth,Saturday,14,21,16595,32167,34838,1215,180,843,869,0.6146205338803752,849,0.09659,23.14,Low,Short,Text,Afternoon
POST-0479,2025-05-31,Instagram,Long Video,Digital Burnout,POV: digital burnout feels harder than people realize. What do you relate to?,#digitalburnout #studentlife #relatable #growth,Saturday,21,213,2610,2234,4107,155,12,108,51,0.4702337754621339,60,0.14593,21.57,Low,Long,Visual,Evening
POST-0480,2025-10-16,YouTube,Short Video,Career Anxiety,POV: career anxiety feels harder than people realize. What do you relate to?,#careeranxiety #studentlife #relatable #growth,Thursday,13,267,3410,3052,4334,269,35,105,76,0.2775640513669752,80,0.15891,15.24,Low,Long,Text,Afternoon
POST-0481,2025-12-03,Instagram,Short Video,Friendship,POV: friendship feels harder than people realize. What do you relate to?,#friendship #studentlife #relatable #growth,Wednesday,21,33,4997,3535,6919,153,59,141,83,0.52115648281144,68,0.12334,16.6,Low,Short,Visual,Evening
POST-0482,2025-09-19,Instagram,Short Video,Academic Pressure,POV: academic pressure feels harder than people realize. What do you relate to?,#academicpressure #studentlife #relatable #growth,Friday,19,170,2734,2544,3458,116,30,64,102,0.5076927353946332,65,0.12264,24.22,Low,Long,Visual,Evening
POST-0483,2025-09-28,Instagram,Image,Friendship,POV: friendship feels harder than people realize. What do you relate to?,#friendship #studentlife #relatable #growth,Sunday,10,14,15197,6541,5660,94,17,87,123,0.4660946444355215,39,0.04908,17.62,Low,Short,Text,Morning
POST-0484,2025-01-14,Instagram,Reel,Career Anxiety,POV: career anxiety feels harder than people realize. What do you relate to?,#careeranxiety #studentlife #relatable #growth,Tuesday,20,14,8145,18855,19899,869,174,75,290,0.563586289307735,107,0.07468,15.56,Low,Short,Text,Evening
POST-0485,2025-08-29,YouTube,Short Video,Dating,POV: dating feels harder than people realize. What do you relate to?,#dating #studentlife #relatable #growth,Friday,21,96,7135,10485,15300,1249,66,202,303,0.3405040697609668,262,0.17358,14.4,Low,Long,Visual,Evening
POST-0486,2025-02-28,YouTube,Short Video,Friendship,POV: friendship feels harder than people realize. What do you relate to?,#friendship #studentlife #relatable #growth,Friday,20,58,7604,8610,15802,1426,169,56,444,0.5814428107354541,159,0.24332,18.4,Low,Short,Text,Evening
POST-0487,2025-10-24,YouTube,Short Video,Digital Burnout,POV: digital burnout feels harder than people realize. What do you relate to?,#digitalburnout #studentlife #relatable #growth,Friday,19,21,4678,1795,2873,174,5,19,56,0.5481729592514386,20,0.1415,16.54,Low,Short,Text,Evening
POST-0488,2025-05-13,Instagram,Image,Dating,POV: dating feels harder than people realize. What do you relate to?,#dating #studentlife #relatable #growth,Tuesday,19,45,7699,10529,10804,467,44,317,223,0.6573715248560077,227,0.09982,27.05,Low,Short,Visual,Evening
POST-0489,2025-04-04,Instagram,Carousel,Social Anxiety,POV: social anxiety feels harder than people realize. What do you relate to?,#socialanxiety #studentlife #relatable #growth,Friday,20,86,2088,1278,1325,90,3,35,22,0.6275073096751418,29,0.11737,26.46,Low,Long,Visual,Evening
POST-0490,2025-01-06,Instagram,Image,Productivity,POV: productivity feels harder than people realize. What do you relate to?,#productivity #studentlife #relatable #growth,Monday,8,50,5497,10245,19935,943,107,518,642,0.5936010898743947,618,0.21571,29.61,Low,Short,Visual,Morning
POST-0491,2025-11-09,Instagram,Carousel,Dating,POV: dating feels harder than people realize. What do you relate to?,#dating #studentlife #relatable #growth,Sunday,19,195,3233,1591,2900,110,7,48,26,0.5474759813671364,41,0.12005,12.79,Low,Long,Visual,Evening
POST-0492,2025-07-19,YouTube,Carousel,Social Anxiety,POV: social anxiety feels harder than people realize. What do you relate to?,#socialanxiety #studentlife #relatable #growth,Saturday,8,51,4009,5763,11270,741,56,23,107,0.4956486454317478,59,0.16085,14.07,Low,Short,Text,Morning
POST-0493,2025-12-12,Instagram,Short Video,Student Life,POV: student life feels harder than people realize. What do you relate to?,#studentlife #studentlife #relatable #growth,Friday,8,32,34734,45630,54898,5024,412,984,705,0.686312141642554,704,0.15615,21.49,Low,Short,Visual,Morning
POST-0494,2025-01-31,Instagram,Long Video,Productivity,POV: productivity feels harder than people realize. What do you relate to?,#productivity #studentlife #relatable #growth,Friday,13,261,10523,11443,20509,1705,67,435,693,0.5508771695996248,416,0.25343,23.61,Low,Long,Visual,Afternoon
POST-0495,2025-08-03,YouTube,Reel,Digital Burnout,POV: digital burnout feels harder than people realize. What do you relate to?,#digitalburnout #studentlife #relatable #growth,Sunday,19,199,4972,8846,16334,567,114,407,463,0.46014117664429594,210,0.17533,23.57,Low,Long,Visual,Evening
POST-0496,2025-07-14,Instagram,Reel,Productivity,POV: productivity feels harder than people realize. What do you relate to?,#productivity #studentlife #relatable #growth,Monday,21,23,12176,25913,34601,1125,407,1102,345,0.6273171850920398,672,0.11496,22.92,Low,Short,Visual,Evening
POST-0497,2025-07-30,YouTube,Short Video,Career Anxiety,POV: career anxiety feels harder than people realize. What do you relate to?,#careeranxiety #studentlife #relatable #growth,Wednesday,20,23,2303,1191,1243,25,12,5,24,0.8646528426581462,9,0.05542,19.14,Low,Short,Text,Evening
POST-0498,2025-03-07,YouTube,Short Video,Social Anxiety,POV: social anxiety feels harder than people realize. What do you relate to?,#socialanxiety #studentlife #relatable #growth,Friday,20,13,5827,11093,16430,611,63,437,372,0.562644930491892,188,0.13369,24.65,Low,Short,Text,Evening
POST-0499,2025-12-11,YouTube,Short Video,Academic Pressure,POV: academic pressure feels harder than people realize. What do you relate to?,#academicpressure #studentlife #relatable #growth,Thursday,14,57,26604,60247,70068,5099,539,849,1655,0.7277806148608748,1264,0.13514,21.64,Low,Short,Text,Afternoon
POST-0500,2025-01-30,Instagram,Short Video,Career Anxiety,POV: career anxiety feels harder than people realize. What do you relate to?,#careeranxiety #studentlife #relatable #growth,Thursday,13,165,2087,2003,2077,92,15,32,23,0.43036609771791506,15,0.08088,11.99,Low,Long,Text,Afternoon
POST-0501,2025-07-09,Instagram,Carousel,Dating,POV: dating feels harder than people realize. What do you relate to?,#dating #studentlife #relatable #growth,Wednesday,21,23,1932,3563,3488,133,18,57,32,0.791245934988705,25,0.06736,17.67,Low,Short,Text,Evening
POST-0502,2025-02-28,Instagram,Image,Friendship,POV: friendship feels harder than people realize. What do you relate to?,#friendship #studentlife #relatable #growth,Friday,20,52,4067,5997,8405,703,66,142,147,0.4917701512781157,97,0.17642,18.17,Low,Short,Text,Evening
POST-0503,2025-02-11,Instagram,Carousel,Digital Burnout,POV: digital burnout feels harder than people realize. What do you relate to?,#digitalburnout #studentlife #relatable #growth,Tuesday,10,293,8546,13755,23963,2019,54,557,656,0.4193109474507671,443,0.23889,21.98,Low,Long,Text,Morning
POST-0504,2025-03-15,YouTube,Short Video,Student Life,POV: student life feels harder than people realize. What do you relate to?,#studentlife #studentlife #relatable #growth,Saturday,10,41,5715,6214,7562,498,87,89,221,0.4164117565309271,130,0.14403,21.53,Low,Short,Text,Morning
POST-0505,2025-06-01,Instagram,Reel,Academic Pressure,POV: academic pressure feels harder than people realize. What do you relate to?,#academicpressure #studentlife #relatable #growth,Sunday,21,51,3151,6124,6897,261,17,160,58,0.7298322063975854,124,0.08099,21.62,Low,Short,Visual,Evening
POST-0506,2025-11-23,Instagram,Long Video,Academic Pressure,POV: academic pressure feels harder than people realize. What do you relate to?,#academicpressure #studentlife #relatable #growth,Sunday,19,17,4540,6433,10093,211,116,323,149,0.37187324818801704,275,0.1242,26.17,Low,Short,Visual,Evening
POST-0507,2025-05-25,Instagram,Carousel,Productivity,POV: productivity feels harder than people realize. What do you relate to?,#productivity #studentlife #relatable #growth,Sunday,13,18,4000,7415,11820,839,44,264,249,0.7855895360836488,164,0.18827,28.02,Low,Short,Visual,Afternoon
POST-0508,2025-03-13,YouTube,Long Video,Dating,POV: dating feels harder than people realize. What do you relate to?,#dating #studentlife #relatable #growth,Thursday,20,236,11693,13760,12439,812,48,146,179,0.7367618092869255,148,0.08612,13.52,Low,Long,Text,Evening
POST-0509,2025-07-04,Instagram,Reel,Dating,POV: dating feels harder than people realize. What do you relate to?,#dating #studentlife #relatable #growth,Friday,20,17,10844,11131,21031,666,192,645,323,0.7658004822898332,195,0.16405,26.08,Low,Short,Visual,Evening
POST-0510,2025-05-06,Instagram,Reel,Dating,POV: dating feels harder than people realize. What do you relate to?,#dating #studentlife #relatable #growth,Tuesday,15,46,5842,4148,5405,121,46,107,70,0.6141134871846362,103,0.08293,20.85,Low,Short,Visual,Afternoon
POST-0511,2025-07-19,Instagram,Carousel,Student Life,POV: student life feels harder than people realize. What do you relate to?,#studentlife #studentlife #relatable #growth,Saturday,14,57,2726,2621,3295,193,5,89,87,0.6503023892380657,45,0.14269,30.16,Low,Short,Visual,Afternoon
POST-0512,2025-08-22,Instagram,Reel,Social Anxiety,POV: social anxiety feels harder than people realize. What do you relate to?,#socialanxiety #studentlife #relatable #growth,Friday,15,80,3073,2284,3632,84,19,68,26,0.3540510208158052,40,0.08625,12.8,Low,Long,Text,Afternoon
POST-0513,2025-02-21,Instagram,Image,Digital Burnout,POV: digital burnout feels harder than people realize. What do you relate to?,#digitalburnout #studentlife #relatable #growth,Friday,19,66,11020,23845,44052,1412,298,1152,934,0.39171239041858497,486,0.15919,21.22,Low,Long,Visual,Evening
POST-0514,2025-07-22,Instagram,Short Video,Dating,POV: dating feels harder than people realize. What do you relate to?,#dating #studentlife #relatable #growth,Tuesday,15,296,15706,25841,29319,1285,206,227,408,0.31655253880986534,268,0.08227,12.63,Low,Long,Visual,Afternoon
POST-0515,2025-07-01,Instagram,Image,Academic Pressure,POV: academic pressure feels harder than people realize. What do you relate to?,#academicpressure #studentlife #relatable #growth,Tuesday,13,196,1824,1828,1688,160,12,20,35,0.4649846366106314,23,0.12418,15.97,Low,Long,Text,Afternoon
POST-0516,2025-07-19,Instagram,Image,Student Life,POV: student life feels harder than people realize. What do you relate to?,#studentlife #studentlife #relatable #growth,Saturday,10,242,2357,4509,6109,379,62,164,154,0.5241704050297047,83,0.16833,22.27,Low,Long,Visual,Morning
POST-0517,2025-08-21,Instagram,Short Video,Dating,POV: dating feels harder than people realize. What do you relate to?,#dating #studentlife #relatable #growth,Thursday,20,26,2969,5250,10111,380,20,95,260,0.48803951503894294,138,0.14381,14.98,Low,Short,Text,Evening
POST-0518,2025-12-18,Instagram,Carousel,Academic Pressure,POV: academic pressure feels harder than people realize. What do you relate to?,#academicpressure #studentlife #relatable #growth,Thursday,20,41,7214,3089,5705,445,54,85,161,0.6497616212857071,127,0.24118,27.26,Low,Short,Visual,Evening
POST-0519,2025-11-12,Instagram,Long Video,Career Anxiety,POV: career anxiety feels harder than people realize. What do you relate to?,#careeranxiety #studentlife #relatable #growth,Wednesday,15,13,4772,8441,7120,670,14,39,239,0.5067905997500936,62,0.11397,16.45,Low,Short,Text,Afternoon
POST-0520,2025-12-02,Instagram,Reel,Student Life,POV: student life feels harder than people realize. What do you relate to?,#studentlife #studentlife #relatable #growth,Tuesday,20,218,8263,16578,25682,1192,167,403,327,0.4745085522068233,267,0.12601,13.31,Low,Long,Text,Evening
POST-0521,2025-10-17,Instagram,Carousel,Dating,POV: dating feels harder than people realize. What do you relate to?,#dating #studentlife #relatable #growth,Friday,14,34,5189,9022,6540,473,46,148,167,0.7054352205612084,167,0.09244,28.31,Low,Short,Visual,Afternoon
POST-0522,2025-01-02,YouTube,Short Video,Student Life,POV: student life feels harder than people realize. What do you relate to?,#studentlife #studentlife #relatable #growth,Thursday,10,276,4748,3216,6073,98,7,120,44,0.37512493798525415,70,0.08364,10.56,Low,Long,Text,Morning
POST-0523,2025-05-01,YouTube,Carousel,Friendship,POV: friendship feels harder than people realize. What do you relate to?,#friendship #studentlife #relatable #growth,Thursday,13,25,6678,14481,17554,1515,48,295,102,0.7312340501564744,177,0.13535,22.86,Low,Short,Visual,Afternoon
POST-0524,2025-04-01,YouTube,Carousel,Friendship,POV: friendship feels harder than people realize. What do you relate to?,#friendship #studentlife #relatable #growth,Tuesday,10,289,5491,8612,6454,559,58,54,38,0.38700043423089064,56,0.08233,13.33,Low,Long,Visual,Morning
POST-0525,2025-12-21,Instagram,Reel,Career Anxiety,POV: career anxiety feels harder than people realize. What do you relate to?,#careeranxiety #studentlife #relatable #growth,Sunday,10,53,6469,12310,17435,1239,134,339,492,0.40146252981349884,365,0.17904,24.48,Low,Short,Visual,Morning
POST-0526,2025-11-29,Instagram,Image,Student Life,POV: student life feels harder than people realize. What do you relate to?,#studentlife #studentlife #relatable #growth,Saturday,21,55,1155,2369,2419,108,26,38,52,0.6311271446268744,43,0.09455,22.9,Low,Short,Visual,Evening
POST-0527,2025-10-20,YouTube,Short Video,Student Life,POV: student life feels harder than people realize. What do you relate to?,#studentlife #studentlife #relatable #growth,Monday,15,66,7345,11569,10456,462,71,21,270,0.590376520823039,82,0.07122,13.63,Low,Long,Text,Afternoon
POST-0528,2025-01-16,Instagram,Carousel,Academic Pressure,POV: academic pressure feels harder than people realize. What do you relate to?,#academicpressure #studentlife #relatable #growth,Thursday,20,54,9497,5050,8608,592,49,126,173,0.5311369506499644,60,0.18614,22.1,Low,Short,Visual,Evening
POST-0529,2025-09-30,Instagram,Reel,Student Life,POV: student life feels harder than people realize. What do you relate to?,#studentlife #studentlife #relatable #growth,Tuesday,14,24,10998,7342,12099,257,27,200,222,0.6331936270577153,181,0.09616,16.63,Low,Short,Text,Afternoon
POST-0530,2025-09-06,Instagram,Image,Dating,POV: dating feels harder than people realize. What do you relate to?,#dating #studentlife #relatable #growth,Saturday,21,143,9308,7956,14935,1121,98,232,46,0.5078913136873819,136,0.18816,16.03,Low,Long,Text,Evening
POST-0531,2025-01-06,Instagram,Reel,Social Anxiety,POV: social anxiety feels harder than people realize. What do you relate to?,#socialanxiety #studentlife #relatable #growth,Monday,13,25,13101,5976,6664,289,56,58,102,0.7372379276814358,68,0.0845,20.67,Low,Short,Visual,Afternoon
POST-0532,2025-03-17,Instagram,Short Video,Friendship,POV: friendship feels harder than people realize. What do you relate to?,#friendship #studentlife #relatable #growth,Monday,8,105,4413,6270,7858,287,93,182,39,0.4466087953958905,111,0.09585,13.41,Low,Long,Text,Morning
POST-0533,2025-05-08,Instagram,Reel,Productivity,POV: productivity feels harder than people realize. What do you relate to?,#productivity #studentlife #relatable #growth,Thursday,20,60,2605,1494,2461,157,23,49,18,0.6686210168231062,31,0.16533,18.97,Low,Short,Text,Evening
POST-0534,2025-03-02,YouTube,Short Video,Student Life,POV: student life feels harder than people realize. What do you relate to?,#studentlife #studentlife #relatable #growth,Sunday,8,16,7099,7113,5084,397,32,27,64,0.577983587123044,22,0.07311,14.28,Low,Short,Text,Morning
POST-0535,2025-05-05,Instagram,Carousel,Dating,POV: dating feels harder than people realize. What do you relate to?,#dating #studentlife #relatable #growth,Monday,9,18,6823,2705,2018,130,4,46,45,0.4462198974436812,16,0.08318,21.14,Low,Short,Visual,Morning
POST-0536,2025-06-18,Instagram,Reel,Productivity,POV: productivity feels harder than people realize. What do you relate to?,#productivity #studentlife #relatable #growth,Wednesday,21,26,1354,2307,3134,274,15,17,46,0.6685058163222768,16,0.15258,14.41,Low,Short,Text,Evening
POST-0537,2025-10-03,Instagram,Carousel,Productivity,POV: productivity feels harder than people realize. What do you relate to?,#productivity #studentlife #relatable #growth,Friday,20,48,8363,12565,8934,243,80,150,142,0.5508807317319472,134,0.04895,15.57,Low,Short,Text,Evening
POST-0538,2025-10-21,Instagram,Carousel,Student Life,POV: student life feels harder than people realize. What do you relate to?,#studentlife #studentlife #relatable #growth,Tuesday,21,110,7165,5946,6249,291,19,109,35,0.5095416338790522,44,0.07635,14.01,Low,Long,Text,Evening
POST-0539,2025-06-03,YouTube,Short Video,Dating,POV: dating feels harder than people realize. What do you relate to?,#dating #studentlife #relatable #growth,Tuesday,20,15,2523,5079,8040,496,23,110,197,0.6237688145095812,146,0.16263,17.58,Low,Short,Text,Evening
POST-0540,2025-09-23,Instagram,Carousel,Student Life,POV: student life feels harder than people realize. What do you relate to?,#studentlife #studentlife #relatable #growth,Tuesday,19,23,1564,2577,2904,248,30,31,67,0.476823675714769,37,0.14591,13.24,Low,Short,Text,Evening
POST-0541,2025-03-06,Instagram,Reel,Productivity,POV: productivity feels harder than people realize. What do you relate to?,#productivity #studentlife #relatable #growth,Thursday,10,25,6754,4918,8441,138,81,222,259,0.585877782007453,235,0.14233,27.17,Low,Short,Visual,Morning
POST-0542,2025-11-12,Instagram,Carousel,Student Life,POV: student life feels harder than people realize. What do you relate to?,#studentlife #studentlife #relatable #growth,Wednesday,20,251,4444,9370,11238,743,102,279,299,0.44058698653145867,263,0.15187,22.74,Low,Long,Text,Evening
POST-0543,2025-02-02,Instagram,Carousel,Friendship,POV: friendship feels harder than people realize. What do you relate to?,#friendship #studentlife #relatable #growth,Sunday,9,197,5718,2921,4505,128,38,31,30,0.6595785777214056,16,0.07771,14.62,Low,Long,Visual,Morning
POST-0544,2025-10-19,Instagram,Image,Student Life,POV: student life feels harder than people realize. What do you relate to?,#studentlife #studentlife #relatable #growth,Sunday,19,59,9891,6515,5707,335,17,142,164,0.6867413306877215,83,0.101,21.84,Low,Short,Text,Evening
POST-0545,2025-01-25,Instagram,Reel,Friendship,POV: friendship feels harder than people realize. What do you relate to?,#friendship #studentlife #relatable #growth,Saturday,20,35,4941,5551,6797,389,72,20,162,0.6922903263162903,33,0.11583,19.15,Low,Short,Visual,Evening
POST-0546,2025-09-21,Instagram,Reel,Digital Burnout,POV: digital burnout feels harder than people realize. What do you relate to?,#digitalburnout #studentlife #relatable #growth,Sunday,8,57,6033,2554,3446,68,26,68,13,0.6976873938731207,44,0.06852,19.36,Low,Short,Text,Morning
POST-0547,2025-03-29,Instagram,Carousel,Career Anxiety,POV: career anxiety feels harder than people realize. What do you relate to?,#careeranxiety #studentlife #relatable #growth,Saturday,14,26,10654,7896,7464,605,35,177,81,0.6006751663044696,92,0.11373,21.11,Low,Short,Text,Afternoon
POST-0548,2025-08-15,Instagram,Short Video,Dating,POV: dating feels harder than people realize. What do you relate to?,#dating #studentlife #relatable #growth,Friday,15,31,4530,3569,4982,374,45,65,115,0.5626849635974511,33,0.16783,20.71,Low,Short,Visual,Afternoon
POST-0549,2025-09-15,YouTube,Short Video,Career Anxiety,POV: career anxiety feels harder than people realize. What do you relate to?,#careeranxiety #studentlife #relatable #growth,Monday,20,54,9043,6082,11859,1133,40,36,201,0.7042763344425617,113,0.23183,18.12,Low,Short,Visual,Evening
POST-0550,2025-12-11,Instagram,Image,Friendship,POV: friendship feels harder than people realize. What do you relate to?,#friendship #studentlife #relatable #growth,Thursday,19,56,4249,2782,3014,122,35,50,39,0.6209717373618631,42,0.08843,21.36,Low,Short,Visual,Evening
POST-0551,2025-04-10,Instagram,Image,Career Anxiety,POV: career anxiety feels harder than people realize. What do you relate to?,#careeranxiety #studentlife #relatable #growth,Thursday,15,35,13240,9608,13039,1197,89,285,202,0.7657620618671518,249,0.18453,20.81,Low,Short,Text,Afternoon
POST-0552,2025-04-17,YouTube,Reel,Friendship,POV: friendship feels harder than people realize. What do you relate to?,#friendship #studentlife #relatable #growth,Thursday,9,50,14294,22330,39625,2875,162,969,153,0.41846915180128597,414,0.18625,15.71,Low,Short,Text,Morning
POST-0553,2025-10-28,Instagram,Reel,Friendship,POV: friendship feels harder than people realize. What do you relate to?,#friendship #studentlife #relatable #growth,Tuesday,15,17,25569,56072,86068,2936,548,230,278,0.4320662223550402,276,0.07119,10.46,Low,Short,Text,Afternoon
POST-0554,2025-11-06,Instagram,Image,Dating,POV: dating feels harder than people realize. What do you relate to?,#dating #studentlife #relatable #growth,Thursday,10,15,5009,10134,18219,760,160,378,203,0.5300725062902281,349,0.14812,18.95,Low,Short,Text,Morning
POST-0555,2025-12-06,YouTube,Image,Digital Burnout,POV: digital burnout feels harder than people realize. What do you relate to?,#digitalburnout #studentlife #relatable #growth,Saturday,19,42,12067,26437,32193,1711,134,819,583,0.6079491550618582,456,0.12282,22.63,Low,Short,Text,Evening
POST-0556,2025-01-06,Instagram,Reel,Social Anxiety,POV: social anxiety feels harder than people realize. What do you relate to?,#socialanxiety #studentlife #relatable #growth,Monday,13,12,7381,8163,16243,352,120,432,393,0.6830978238985819,414,0.15889,30.7,Low,Short,Visual,Afternoon
POST-0557,2025-07-21,YouTube,Long Video,Social Anxiety,POV: social anxiety feels harder than people realize. What do you relate to?,#socialanxiety #studentlife #relatable #growth,Monday,10,36,4357,3097,4596,274,38,52,40,0.4822590526219537,30,0.13045,14.89,Low,Short,Visual,Morning
POST-0558,2025-09-28,YouTube,Short Video,Productivity,POV: productivity feels harder than people realize. What do you relate to?,#productivity #studentlife #relatable #growth,Sunday,10,13,4401,5233,6116,183,7,29,71,0.39477008286551185,45,0.05542,9.95,Low,Short,Visual,Morning
POST-0559,2025-03-23,Instagram,Long Video,Career Anxiety,POV: career anxiety feels harder than people realize. What do you relate to?,#careeranxiety #studentlife #relatable #growth,Sunday,19,22,9844,13037,15694,1515,69,282,288,0.5541452045243469,256,0.16522,22.99,Low,Short,Visual,Evening
POST-0560,2025-09-06,YouTube,Short Video,Digital Burnout,POV: digital burnout feels harder than people realize. What do you relate to?,#digitalburnout #studentlife #relatable #growth,Saturday,15,12,1955,2568,3245,92,23,52,84,0.814998325781282,54,0.09774,24.28,Low,Short,Text,Afternoon
POST-0561,2025-05-08,YouTube,Short Video,Student Life,POV: student life feels harder than people realize. What do you relate to?,#studentlife #studentlife #relatable #growth,Thursday,20,207,10200,16618,13655,666,101,39,297,0.5477869688261571,114,0.06637,12.74,Low,Long,Text,Evening
POST-0562,2025-01-20,YouTube,Short Video,Dating,POV: dating feels harder than people realize. What do you relate to?,#dating #studentlife #relatable #growth,Monday,15,38,24124,17939,23086,509,110,266,394,0.7821616506502983,353,0.0713,23.71,Low,Short,Visual,Afternoon
POST-0563,2025-03-18,Instagram,Carousel,Social Anxiety,POV: social anxiety feels harder than people realize. What do you relate to?,#socialanxiety #studentlife #relatable #growth,Tuesday,9,72,18744,30093,43689,1957,337,212,322,0.5835142838158706,173,0.09398,10.21,Low,Long,Text,Morning
POST-0564,2025-02-11,YouTube,Reel,Student Life,POV: student life feels harder than people realize. What do you relate to?,#studentlife #studentlife #relatable #growth,Tuesday,9,14,5073,2220,2786,131,32,61,82,0.48444543251116023,66,0.13784,29.75,Low,Short,Visual,Morning
POST-0565,2025-12-09,Instagram,Image,Productivity,POV: productivity feels harder than people realize. What do you relate to?,#productivity #studentlife #relatable #growth,Tuesday,14,213,1184,719,1031,37,6,6,34,0.6340514397838439,12,0.11544,14.31,Low,Long,Visual,Afternoon
POST-0566,2025-04-03,Instagram,Long Video,Student Life,POV: student life feels harder than people realize. What do you relate to?,#studentlife #studentlife #relatable #growth,Thursday,19,23,20947,23192,20300,329,186,558,605,0.4858216606271604,555,0.07235,22.71,Low,Short,Text,Evening
POST-0567,2025-05-19,Instagram,Short Video,Career Anxiety,POV: career anxiety feels harder than people realize. What do you relate to?,#careeranxiety #studentlife #relatable #growth,Monday,13,296,21716,42612,73129,1604,710,1150,2317,0.488594523421282,765,0.13567,20.01,Low,Long,Text,Afternoon
POST-0568,2025-09-07,YouTube,Short Video,Dating,POV: dating feels harder than people realize. What do you relate to?,#dating #studentlife #relatable #growth,Sunday,21,36,6904,6761,9951,396,78,269,94,0.7612694399394916,124,0.1238,23.67,Low,Short,Visual,Evening
POST-0569,2025-11-25,Instagram,Short Video,Digital Burnout,POV: digital burnout feels harder than people realize. What do you relate to?,#digitalburnout #studentlife #relatable #growth,Tuesday,8,155,13137,30529,25857,2179,68,476,405,0.39177642742052204,443,0.10246,12.97,Low,Long,Text,Morning
POST-0570,2025-09-15,YouTube,Short Video,Student Life,POV: student life feels harder than people realize. What do you relate to?,#studentlife #studentlife #relatable #growth,Monday,20,12,15378,7037,7793,705,92,113,60,0.728567498018768,72,0.13784,18.67,Low,Short,Text,Evening
POST-0571,2025-12-08,Instagram,Carousel,Social Anxiety,POV: social anxiety feels harder than people realize. What do you relate to?,#socialanxiety #studentlife #relatable #growth,Monday,14,86,3841,1930,1752,39,19,34,9,0.4460274821212654,24,0.05233,11.34,Low,Long,Visual,Afternoon
POST-0572,2025-07-19,Instagram,Carousel,Dating,POV: dating feels harder than people realize. What do you relate to?,#dating #studentlife #relatable #growth,Saturday,10,39,2222,3213,3196,102,23,19,90,0.566374111807043,51,0.07283,15.59,Low,Short,Text,Morning
POST-0573,2025-06-08,Instagram,Reel,Digital Burnout,POV: digital burnout feels harder than people realize. What do you relate to?,#digitalburnout #studentlife #relatable #growth,Sunday,19,140,12901,18369,25288,510,192,532,108,0.59199960250368,239,0.07306,14.67,Low,Long,Visual,Evening
POST-0574,2025-01-01,Instagram,Long Video,Career Anxiety,POV: career anxiety feels harder than people realize. What do you relate to?,#careeranxiety #studentlife #relatable #growth,Wednesday,14,43,4248,1672,2987,204,21,38,87,0.7343356427738376,52,0.20933,25.76,Low,Short,Visual,Afternoon
POST-0575,2025-07-05,YouTube,Short Video,Student Life,POV: student life feels harder than people realize. What do you relate to?,#studentlife #studentlife #relatable #growth,Saturday,13,135,1581,2573,3827,144,22,72,64,0.5515093256114788,64,0.11737,18.32,Low,Long,Visual,Afternoon
POST-0576,2025-01-31,YouTube,Long Video,Productivity,POV: productivity feels harder than people realize. What do you relate to?,#productivity #studentlife #relatable #growth,Friday,19,228,18493,25576,25128,691,117,167,449,0.6280041060096653,197,0.05568,15.43,Low,Long,Text,Evening
POST-0577,2025-03-29,YouTube,Short Video,Productivity,POV: productivity feels harder than people realize. What do you relate to?,#productivity #studentlife #relatable #growth,Saturday,21,12,6314,11836,16791,1161,140,282,508,0.7408913132740788,364,0.17666,22.59,Low,Short,Text,Evening
POST-0578,2025-09-17,Instagram,Image,Academic Pressure,POV: academic pressure feels harder than people realize. What do you relate to?,#academicpressure #studentlife #relatable #growth,Wednesday,19,41,2342,1477,2381,104,11,20,79,0.5843407499243215,45,0.14489,17.78,Low,Short,Text,Evening
POST-0579,2025-06-24,YouTube,Short Video,Dating,POV: dating feels harder than people realize. What do you relate to?,#dating #studentlife #relatable #growth,Tuesday,19,142,16596,22900,39292,1774,336,1071,644,0.47449366870374493,475,0.16703,18.63,Low,Long,Visual,Evening
POST-0580,2025-07-15,Instagram,Image,Friendship,POV: friendship feels harder than people realize. What do you relate to?,#friendship #studentlife #relatable #growth,Tuesday,21,25,3177,4509,8715,332,76,82,153,0.47419405675113524,89,0.1426,19.49,Low,Short,Text,Evening
POST-0581,2025-12-10,YouTube,Short Video,Friendship,POV: friendship feels harder than people realize. What do you relate to?,#friendship #studentlife #relatable #growth,Wednesday,13,38,7616,5658,5277,473,56,15,54,0.39453487374527585,18,0.10569,14.7,Low,Short,Visual,Afternoon
POST-0582,2025-03-24,Instagram,Carousel,Academic Pressure,POV: academic pressure feels harder than people realize. What do you relate to?,#academicpressure #studentlife #relatable #growth,Monday,20,44,2419,1007,812,77,5,20,10,0.42658300788782855,14,0.11122,24.99,Low,Short,Visual,Evening
POST-0583,2025-12-23,YouTube,Short Video,Friendship,POV: friendship feels harder than people realize. What do you relate to?,#friendship #studentlife #relatable #growth,Tuesday,20,80,3381,6978,8482,703,63,42,62,0.6124397844905716,24,0.12468,9.99,Low,Long,Visual,Evening
POST-0584,2025-08-01,Instagram,Short Video,Friendship,POV: friendship feels harder than people realize. What do you relate to?,#friendship #studentlife #relatable #growth,Friday,20,113,12228,18799,27099,1913,48,544,400,0.5039789635981906,264,0.15453,19.91,Low,Long,Visual,Evening
POST-0585,2025-04-26,Instagram,Long Video,Academic Pressure,POV: academic pressure feels harder than people realize. What do you relate to?,#academicpressure #studentlife #relatable #growth,Saturday,19,57,4010,6543,4850,112,35,74,29,0.6015574317778997,56,0.03821,13.86,Low,Short,Text,Evening
POST-0586,2025-01-30,Instagram,Image,Academic Pressure,POV: academic pressure feels harder than people realize. What do you relate to?,#academicpressure #studentlife #relatable #growth,Thursday,21,52,12555,10661,17267,1658,198,270,340,0.5582881002484129,256,0.23131,23.57,Low,Short,Visual,Evening
POST-0587,2025-12-16,Instagram,Image,Student Life,POV: student life feels harder than people realize. What do you relate to?,#studentlife #studentlife #relatable #growth,Tuesday,21,23,7044,3999,3558,157,28,55,75,0.656555170337509,56,0.07877,19.21,Low,Short,Text,Evening
POST-0588,2025-06-12,Instagram,Image,Social Anxiety,POV: social anxiety feels harder than people realize. What do you relate to?,#socialanxiety #studentlife #relatable #growth,Thursday,19,44,4884,7422,6357,294,56,26,114,0.56758740718657,32,0.06602,15.03,Low,Short,Visual,Evening
POST-0589,2025-12-17,Instagram,Reel,Dating,POV: dating feels harder than people realize. What do you relate to?,#dating #studentlife #relatable #growth,Wednesday,19,37,3845,6976,7840,537,19,163,44,0.5972623842816693,117,0.10938,15.6,Low,Short,Text,Evening
POST-0590,2025-09-07,Instagram,Carousel,Dating,POV: dating feels harder than people realize. What do you relate to?,#dating #studentlife #relatable #growth,Sunday,10,38,7236,4837,7726,208,87,121,133,0.6516672173613858,145,0.1135,19.11,Low,Short,Visual,Morning
POST-0591,2025-04-16,Instagram,Image,Friendship,POV: friendship feels harder than people realize. What do you relate to?,#friendship #studentlife #relatable #growth,Wednesday,19,97,6541,9683,15897,1134,181,390,384,0.4158564676724046,354,0.21574,26.07,Low,Long,Visual,Evening
POST-0592,2025-09-09,YouTube,Long Video,Productivity,POV: productivity feels harder than people realize. What do you relate to?,#productivity #studentlife #relatable #growth,Tuesday,19,47,5670,2195,3166,188,13,76,25,0.747309861830335,56,0.13759,24.05,Low,Short,Visual,Evening
POST-0593,2025-03-28,Instagram,Carousel,Student Life,POV: student life feels harder than people realize. What do you relate to?,#studentlife #studentlife #relatable #growth,Friday,13,74,3295,6337,5779,284,8,135,79,0.3625241965483511,69,0.07985,14.6,Low,Long,Text,Afternoon
POST-0594,2025-12-14,YouTube,Long Video,Productivity,POV: productivity feels harder than people realize. What do you relate to?,#productivity #studentlife #relatable #growth,Sunday,10,30,3329,2825,5527,298,29,28,120,0.513696654034315,60,0.16814,18.95,Low,Short,Visual,Morning
POST-0595,2025-07-29,YouTube,Short Video,Digital Burnout,POV: digital burnout feels harder than people realize. What do you relate to?,#digitalburnout #studentlife #relatable #growth,Tuesday,9,18,7344,15207,27709,783,164,173,633,0.8405945393202472,154,0.11528,17.01,Low,Short,Text,Morning
POST-0596,2025-03-22,Instagram,Short Video,Student Life,POV: student life feels harder than people realize. What do you relate to?,#studentlife #studentlife #relatable #growth,Saturday,14,15,52011,117912,125425,3230,1167,3354,3050,0.5465974356581942,2702,0.0916,24.55,Low,Short,Visual,Afternoon
POST-0597,2025-06-28,Instagram,Image,Friendship,POV: friendship feels harder than people realize. What do you relate to?,#friendship #studentlife #relatable #growth,Saturday,19,124,1723,3366,2390,217,15,32,46,0.7021301059808183,37,0.0921,22.7,Low,Long,Visual,Evening
POST-0598,2025-05-18,Instagram,Reel,Student Life,POV: student life feels harder than people realize. What do you relate to?,#studentlife #studentlife #relatable #growth,Sunday,21,60,8512,4400,6453,193,50,142,108,0.5848621401216424,85,0.11205,22.08,Low,Short,Visual,Evening
POST-0599,2025-11-23,Instagram,Long Video,Digital Burnout,POV: digital burnout feels harder than people realize. What do you relate to?,#digitalburnout #studentlife #relatable #growth,Sunday,20,262,6228,14126,26263,464,200,355,610,0.31687362978073674,358,0.11532,14.07,Low,Long,Text,Evening
POST-0600,2025-12-08,YouTube,Short Video,Career Anxiety,POV: career anxiety feels harder than people realize. What do you relate to?,#careeranxiety #studentlife #relatable #growth,Monday,9,75,6637,11360,18192,861,167,389,370,0.5982304691111388,369,0.15731,24.25,Low,Long,Visual,Morning
POST-0601,2025-08-28,YouTube,Short Video,Friendship,POV: friendship feels harder than people realize. What do you relate to?,#friendship #studentlife #relatable #growth,Thursday,21,37,4759,3707,5086,161,26,45,139,0.5981166848836652,46,0.10008,18.43,Low,Short,Visual,Evening
POST-0602,2025-01-07,Instagram,Long Video,Student Life,POV: student life feels harder than people realize. What do you relate to?,#studentlife #studentlife #relatable #growth,Tuesday,8,26,14252,16412,12524,876,113,103,331,0.8049692045700921,181,0.0867,20.39,Low,Short,Visual,Morning
POST-0603,2025-08-18,Instagram,Image,Social Anxiety,POV: social anxiety feels harder than people realize. What do you relate to?,#socialanxiety #studentlife #relatable #growth,Monday,14,74,3904,2626,1929,86,20,46,53,0.4764854629043235,38,0.07807,19.3,Low,Long,Visual,Afternoon
POST-0604,2025-06-16,Instagram,Long Video,Academic Pressure,POV: academic pressure feels harder than people realize. What do you relate to?,#academicpressure #studentlife #relatable #growth,Monday,21,37,14252,11779,19115,1625,20,145,345,0.7381163186573074,224,0.18125,22.66,Low,Short,Visual,Evening
POST-0605,2025-03-18,Instagram,Carousel,Productivity,POV: productivity feels harder than people realize. What do you relate to?,#productivity #studentlife #relatable #growth,Tuesday,9,39,4264,4476,5335,178,46,54,44,0.6766080306620161,24,0.07194,18.43,Low,Short,Text,Morning
POST-0606,2025-02-25,Instagram,Reel,Digital Burnout,POV: digital burnout feels harder than people realize. What do you relate to?,#digitalburnout #studentlife #relatable #growth,Tuesday,20,36,3547,7829,6070,97,58,39,169,0.6834052513838293,39,0.04637,19.66,Low,Short,Text,Evening
POST-0607,2025-10-30,Instagram,Reel,Student Life,POV: student life feels harder than people realize. What do you relate to?,#studentlife #studentlife #relatable #growth,Thursday,10,54,10280,10835,10929,366,115,209,261,0.708544710875851,95,0.08777,21.82,Low,Short,Text,Morning
POST-0608,2025-12-07,YouTube,Short Video,Academic Pressure,POV: academic pressure feels harder than people realize. What do you relate to?,#academicpressure #studentlife #relatable #growth,Sunday,10,38,3570,6292,11937,388,105,161,263,0.7519299729163809,188,0.14574,19.9,Low,Short,Text,Morning
POST-0609,2025-08-01,Instagram,Short Video,Career Anxiety,POV: career anxiety feels harder than people realize. What do you relate to?,#careeranxiety #studentlife #relatable #growth,Friday,20,285,6761,7099,7788,393,17,196,76,0.2751635994258657,110,0.09607,15.28,Low,Long,Text,Evening
POST-0610,2025-09-13,Instagram,Reel,Digital Burnout,POV: digital burnout feels harder than people realize. What do you relate to?,#digitalburnout #studentlife #relatable #growth,Saturday,19,22,6315,3305,5238,170,55,58,55,0.7888551830860381,35,0.10227,19.46,Low,Short,Visual,Evening
POST-0611,2025-11-26,YouTube,Short Video,Dating,POV: dating feels harder than people realize. What do you relate to?,#dating #studentlife #relatable #growth,Wednesday,14,135,11141,19531,19792,1044,20,492,494,0.46897823097299063,351,0.10496,20.05,Low,Long,Text,Afternoon
POST-0612,2025-05-03,Instagram,Reel,Friendship,POV: friendship feels harder than people realize. What do you relate to?,#friendship #studentlife #relatable #growth,Saturday,8,171,3393,2127,4188,67,21,78,32,0.48499324184352166,45,0.09309,17.02,Low,Long,Visual,Morning
POST-0613,2025-02-10,Instagram,Long Video,Career Anxiety,POV: career anxiety feels harder than people realize. What do you relate to?,#careeranxiety #studentlife #relatable #growth,Monday,14,231,1793,1074,927,16,10,16,20,0.5334007873369214,19,0.05773,22.86,Low,Long,Visual,Afternoon
POST-0614,2025-05-07,Instagram,Carousel,Friendship,POV: friendship feels harder than people realize. What do you relate to?,#friendship #studentlife #relatable #growth,Wednesday,14,30,5675,5837,7475,208,38,97,167,0.4736331994280147,114,0.08737,19.14,Low,Short,Text,Afternoon
POST-0615,2025-12-24,Instagram,Short Video,Productivity,POV: productivity feels harder than people realize. What do you relate to?,#productivity #studentlife #relatable #growth,Wednesday,8,20,1784,2957,4027,107,45,20,93,0.5946508064466465,52,0.08962,19.48,Low,Short,Visual,Morning
POST-0616,2025-12-30,Instagram,Reel,Friendship,POV: friendship feels harder than people realize. What do you relate to?,#friendship #studentlife #relatable #growth,Tuesday,14,22,6242,13131,11955,777,87,230,270,0.6224020282620206,113,0.10388,17.17,Low,Short,Text,Afternoon
POST-0617,2025-01-06,Instagram,Long Video,Student Life,POV: student life feels harder than people realize. What do you relate to?,#studentlife #studentlife #relatable #growth,Monday,19,36,1995,2559,3908,357,34,8,14,0.6872358012272124,12,0.16139,11.08,Low,Short,Text,Evening
POST-0618,2025-09-26,Instagram,Image,Dating,POV: dating feels harder than people realize. What do you relate to?,#dating #studentlife #relatable #growth,Friday,9,59,6002,7027,12344,672,137,137,357,0.5783488181461779,127,0.18543,19.72,Low,Short,Text,Morning
POST-0619,2025-09-09,YouTube,Short Video,Career Anxiety,POV: career anxiety feels harder than people realize. What do you relate to?,#careeranxiety #studentlife #relatable #growth,Tuesday,15,120,3801,7017,11422,400,28,274,271,0.45745019679683935,260,0.13866,19.43,Low,Long,Text,Afternoon
POST-0620,2025-10-15,Instagram,Reel,Friendship,POV: friendship feels harder than people realize. What do you relate to?,#friendship #studentlife #relatable #growth,Wednesday,13,102,7487,14945,23292,2085,59,171,683,0.5417439030449347,358,0.2006,13.9,Low,Long,Text,Afternoon
POST-0621,2025-03-04,Instagram,Image,Academic Pressure,POV: academic pressure feels harder than people realize. What do you relate to?,#academicpressure #studentlife #relatable #growth,Tuesday,15,178,2881,3237,3518,302,3,42,115,0.6609692621452914,54,0.14272,15.61,Low,Long,Text,Afternoon
POST-0622,2025-01-19,Instagram,Reel,Dating,POV: dating feels harder than people realize. What do you relate to?,#dating #studentlife #relatable #growth,Sunday,13,30,4023,1400,2709,111,28,13,43,0.8553742188516377,28,0.13929,20.95,Low,Short,Visual,Afternoon
POST-0623,2025-12-15,Instagram,Image,Academic Pressure,POV: academic pressure feels harder than people realize. What do you relate to?,#academicpressure #studentlife #relatable #growth,Monday,19,55,17792,18156,15960,1448,17,67,261,0.5735018321409967,126,0.09876,11.5,Low,Short,Visual,Evening
POST-0624,2025-02-03,Instagram,Reel,Social Anxiety,POV: social anxiety feels harder than people realize. What do you relate to?,#socialanxiety #studentlife #relatable #growth,Monday,14,130,10461,9813,16366,933,83,271,96,0.43747224669673695,218,0.14094,13.43,Low,Long,Visual,Afternoon
POST-0625,2025-12-16,Instagram,Long Video,Productivity,POV: productivity feels harder than people realize. What do you relate to?,#productivity #studentlife #relatable #growth,Tuesday,8,260,2071,1536,2446,167,9,42,74,0.32108857887814324,45,0.1901,19.63,Low,Long,Text,Morning
POST-0626,2025-12-27,Instagram,Reel,Digital Burnout,POV: digital burnout feels harder than people realize. What do you relate to?,#digitalburnout #studentlife #relatable #growth,Saturday,9,28,26550,59796,51093,2753,51,1362,289,0.5261208763070859,784,0.0745,18.66,Low,Short,Visual,Morning
POST-0627,2025-07-05,Instagram,Image,Academic Pressure,POV: academic pressure feels harder than people realize. What do you relate to?,#academicpressure #studentlife #relatable #growth,Saturday,20,214,15790,22106,21381,967,23,277,75,0.4622152696328582,150,0.06071,6.99,Low,Long,Text,Evening
POST-0628,2025-01-17,Instagram,Image,Career Anxiety,POV: career anxiety feels harder than people realize. What do you relate to?,#careeranxiety #studentlife #relatable #growth,Friday,10,32,8453,14659,23741,1810,216,101,128,0.6710027112794448,86,0.15383,14.68,Low,Short,Visual,Morning
POST-0629,2025-05-03,YouTube,Short Video,Dating,POV: dating feels harder than people realize. What do you relate to?,#dating #studentlife #relatable #growth,Saturday,14,258,13620,12995,15872,227,56,178,182,0.5794983954454944,172,0.04948,15.76,Low,Long,Visual,Afternoon
POST-0630,2025-11-29,YouTube,Image,Dating,POV: dating feels harder than people realize. What do you relate to?,#dating #studentlife #relatable #growth,Saturday,21,27,2610,2250,4173,169,46,114,121,0.6701550926051317,50,0.2,28.02,Low,Short,Visual,Evening
POST-0631,2025-10-16,Instagram,Carousel,Dating,POV: dating feels harder than people realize. What do you relate to?,#dating #studentlife #relatable #growth,Thursday,14,22,3647,6601,9801,268,24,215,153,0.535561779700209,75,0.09998,25.1,Low,Short,Visual,Afternoon
POST-0632,2025-05-01,YouTube,Short Video,Career Anxiety,POV: career anxiety feels harder than people realize. What do you relate to?,#careeranxiety #studentlife #relatable #growth,Thursday,13,140,5694,7974,6885,541,70,68,36,0.600439498648535,53,0.08967,12.63,Low,Long,Text,Afternoon
POST-0633,2025-05-27,Instagram,Long Video,Digital Burnout,POV: digital burnout feels harder than people realize. What do you relate to?,#digitalburnout #studentlife #relatable #growth,Tuesday,14,57,3623,5695,7746,561,19,20,125,0.9029239076031643,51,0.1273,11.36,Low,Short,Text,Afternoon
POST-0634,2025-05-26,Instagram,Long Video,Friendship,POV: friendship feels harder than people realize. What do you relate to?,#friendship #studentlife #relatable #growth,Monday,15,103,27831,37559,37226,1190,38,317,305,0.2690315207995664,198,0.04926,8.27,Low,Long,Visual,Afternoon
POST-0635,2025-06-22,Instagram,Long Video,Productivity,POV: productivity feels harder than people realize. What do you relate to?,#productivity #studentlife #relatable #growth,Sunday,19,43,75830,153803,169668,12121,1990,528,5601,0.49684393398850907,1855,0.1316,18.14,Low,Short,Visual,Evening
POST-0636,2025-07-26,YouTube,Short Video,Digital Burnout,POV: digital burnout feels harder than people realize. What do you relate to?,#digitalburnout #studentlife #relatable #growth,Saturday,14,36,3308,6101,8011,440,66,161,177,0.5614332962923544,167,0.13834,23.2,Low,Short,Visual,Afternoon
POST-0637,2025-10-17,Instagram,Long Video,Dating,POV: dating feels harder than people realize. What do you relate to?,#dating #studentlife #relatable #growth,Friday,9,33,17791,36401,36609,803,135,787,876,0.6100532556370376,645,0.07145,23.82,Low,Short,Visual,Morning
POST-0638,2025-01-08,Instagram,Long Video,Digital Burnout,POV: digital burnout feels harder than people realize. What do you relate to?,#digitalburnout #studentlife #relatable #growth,Wednesday,21,52,7231,7119,10863,299,33,215,306,0.9341808108296497,199,0.11982,26.91,Low,Short,Text,Evening
POST-0639,2025-11-25,Instagram,Image,Career Anxiety,POV: career anxiety feels harder than people realize. What do you relate to?,#careeranxiety #studentlife #relatable #growth,Tuesday,10,51,3218,2239,3039,102,9,60,73,0.41103715178742256,54,0.10898,18.17,Low,Short,Text,Morning
POST-0640,2025-04-24,Instagram,Short Video,Dating,POV: dating feels harder than people realize. What do you relate to?,#dating #studentlife #relatable #growth,Thursday,9,59,15759,7474,5405,141,16,63,54,0.5637320633738941,49,0.03666,13.83,Low,Short,Text,Morning
POST-0641,2025-01-02,Instagram,Short Video,Productivity,POV: productivity feels harder than people realize. What do you relate to?,#productivity #studentlife #relatable #growth,Thursday,15,211,4872,6037,6562,536,72,88,84,0.5339718191241357,60,0.1292,14.88,Low,Long,Visual,Afternoon
POST-0642,2025-03-25,YouTube,Short Video,Student Life,POV: student life feels harder than people realize. What do you relate to?,#studentlife #studentlife #relatable #growth,Tuesday,8,56,24654,51936,89698,4041,859,1266,691,0.472619234653936,731,0.13203,14.48,Low,Short,Text,Morning
POST-0643,2025-08-30,YouTube,Short Video,Student Life,POV: student life feels harder than people realize. What do you relate to?,#studentlife #studentlife #relatable #growth,Saturday,9,267,6370,4810,6293,215,45,123,160,0.4832270474070223,93,0.11289,19.74,Low,Long,Text,Morning
POST-0644,2025-01-19,YouTube,Short Video,Productivity,POV: productivity feels harder than people realize. What do you relate to?,#productivity #studentlife #relatable #growth,Sunday,9,50,4582,3743,5710,113,68,109,64,0.6138394396955845,67,0.09458,22.39,Low,Short,Visual,Morning
POST-0645,2025-09-12,Instagram,Short Video,Career Anxiety,POV: career anxiety feels harder than people realize. What do you relate to?,#careeranxiety #studentlife #relatable #growth,Friday,21,219,5815,6569,5044,339,48,125,108,0.3900540103241697,52,0.09438,19.95,Low,Long,Visual,Evening
POST-0646,2025-05-29,Instagram,Reel,Friendship,POV: friendship feels harder than people realize. What do you relate to?,#friendship #studentlife #relatable #growth,Thursday,20,57,4333,2049,3174,279,34,68,11,0.7846931816677102,34,0.19131,19.07,Low,Short,Text,Evening
POST-0647,2025-07-05,Instagram,Image,Student Life,POV: student life feels harder than people realize. What do you relate to?,#studentlife #studentlife #relatable #growth,Saturday,19,227,9851,10215,16672,719,143,425,283,0.5473930500899521,402,0.1537,20.94,Low,Long,Visual,Evening
POST-0648,2025-11-04,Instagram,Long Video,Academic Pressure,POV: academic pressure feels harder than people realize. What do you relate to?,#academicpressure #studentlife #relatable #growth,Tuesday,19,40,4113,6126,8531,286,95,29,233,0.55662673575338,128,0.10496,19.0,Low,Short,Visual,Evening
POST-0649,2025-07-09,Instagram,Long Video,Friendship,POV: friendship feels harder than people realize. What do you relate to?,#friendship #studentlife #relatable #growth,Wednesday,19,255,9149,14124,17793,1403,81,538,326,0.5797869626980582,335,0.16624,21.92,Low,Long,Visual,Evening
POST-0650,2025-01-21,YouTube,Short Video,Productivity,POV: productivity feels harder than people realize. What do you relate to?,#productivity #studentlife #relatable #growth,Tuesday,19,238,3765,4126,5619,260,47,115,188,0.3149393815903636,69,0.14784,20.52,Low,Long,Visual,Evening
POST-0651,2025-05-20,Instagram,Long Video,Social Anxiety,POV: social anxiety feels harder than people realize. What do you relate to?,#socialanxiety #studentlife #relatable #growth,Tuesday,21,15,1673,2047,1621,113,15,46,39,0.5931139152518617,30,0.10405,30.93,Low,Short,Visual,Evening
POST-0652,2025-12-07,YouTube,Short Video,Productivity,POV: productivity feels harder than people realize. What do you relate to?,#productivity #studentlife #relatable #growth,Sunday,21,21,6869,4123,6017,222,50,162,166,0.6180742851099982,120,0.14553,26.52,Low,Short,Text,Evening
POST-0653,2025-03-28,Instagram,Image,Friendship,POV: friendship feels harder than people realize. What do you relate to?,#friendship #studentlife #relatable #growth,Friday,15,15,31684,47617,43538,3963,347,724,215,0.5390961178162419,587,0.11023,14.33,Low,Short,Text,Afternoon
POST-0654,2025-12-23,YouTube,Carousel,Dating,POV: dating feels harder than people realize. What do you relate to?,#dating #studentlife #relatable #growth,Tuesday,20,43,12526,14967,26360,801,236,360,660,0.5875928391736359,238,0.13744,22.12,Low,Short,Text,Evening
POST-0655,2025-06-24,Instagram,Reel,Dating,POV: dating feels harder than people realize. What do you relate to?,#dating #studentlife #relatable #growth,Tuesday,20,18,1775,3646,6239,362,26,21,49,0.33945181986224326,15,0.12562,7.75,Low,Short,Visual,Evening
POST-0656,2025-02-13,YouTube,Short Video,Career Anxiety,POV: career anxiety feels harder than people realize. What do you relate to?,#careeranxiety #studentlife #relatable #growth,Thursday,20,12,15009,18857,25428,2127,262,514,506,0.5394642713947391,519,0.18078,24.37,Low,Short,Text,Evening
POST-0657,2025-01-13,Instagram,Long Video,Dating,POV: dating feels harder than people realize. What do you relate to?,#dating #studentlife #relatable #growth,Monday,19,46,5630,2940,3853,292,39,97,53,0.7347668319610363,38,0.16361,24.97,Low,Short,Visual,Evening
POST-0658,2025-08-05,Instagram,Carousel,Academic Pressure,POV: academic pressure feels harder than people realize. What do you relate to?,#academicpressure #studentlife #relatable #growth,Tuesday,20,34,15248,19015,25608,1689,108,451,697,0.6572123466193623,211,0.15488,26.25,Low,Short,Visual,Evening
POST-0659,2025-06-10,Instagram,Short Video,Career Anxiety,POV: career anxiety feels harder than people realize. What do you relate to?,#careeranxiety #studentlife #relatable #growth,Tuesday,10,44,4302,7012,11991,711,16,252,407,0.6564478197007289,173,0.19766,30.71,Low,Short,Visual,Morning
POST-0660,2025-08-18,Instagram,Short Video,Digital Burnout,POV: digital burnout feels harder than people realize. What do you relate to?,#digitalburnout #studentlife #relatable #growth,Monday,21,57,10614,21172,36092,2018,367,475,263,0.5991959773537225,253,0.14751,15.07,Low,Short,Text,Evening
POST-0661,2025-07-21,Instagram,Reel,Dating,POV: dating feels harder than people realize. What do you relate to?,#dating #studentlife #relatable #growth,Monday,21,47,4285,8119,7638,223,76,142,83,0.5221242279624138,68,0.06454,18.66,Low,Short,Text,Evening
POST-0662,2025-03-09,Instagram,Image,Productivity,POV: productivity feels harder than people realize. What do you relate to?,#productivity #studentlife #relatable #growth,Sunday,9,269,4280,4069,7532,522,47,109,171,0.3598986437620578,76,0.20865,20.75,Low,Long,Visual,Morning
POST-0663,2025-01-03,Instagram,Reel,Friendship,POV: friendship feels harder than people realize. What do you relate to?,#friendship #studentlife #relatable #growth,Friday,10,127,6070,13263,11811,346,51,320,312,0.3599754960017069,139,0.07758,22.33,Low,Long,Visual,Morning
POST-0664,2025-07-24,Instagram,Carousel,Dating,POV: dating feels harder than people realize. What do you relate to?,#dating #studentlife #relatable #growth,Thursday,13,42,7702,10372,11326,240,20,216,256,0.7411275585129816,129,0.07057,24.39,Low,Short,Text,Afternoon
POST-0665,2025-09-30,Instagram,Reel,Digital Burnout,POV: digital burnout feels harder than people realize. What do you relate to?,#digitalburnout #studentlife #relatable #growth,Tuesday,8,108,2028,2872,4292,330,6,39,92,0.5427185773037304,36,0.1626,17.51,Low,Long,Text,Morning
POST-0666,2025-06-03,YouTube,Image,Career Anxiety,POV: career anxiety feels harder than people realize. What do you relate to?,#careeranxiety #studentlife #relatable #growth,Tuesday,9,18,9855,8094,15197,319,148,238,266,0.5388736636634918,177,0.11997,22.9,Low,Short,Visual,Morning
POST-0667,2025-02-09,Instagram,Long Video,Academic Pressure,POV: academic pressure feels harder than people realize. What do you relate to?,#academicpressure #studentlife #relatable #growth,Sunday,15,257,20307,23541,39810,1315,278,324,178,0.44965458366595396,118,0.08899,6.91,Low,Long,Text,Afternoon
POST-0668,2025-06-15,YouTube,Short Video,Career Anxiety,POV: career anxiety feels harder than people realize. What do you relate to?,#careeranxiety #studentlife #relatable #growth,Sunday,9,299,14008,12024,16169,1306,34,351,441,0.5959377637198415,384,0.17731,21.07,Low,Long,Text,Morning
POST-0669,2025-01-23,Instagram,Image,Digital Burnout,POV: digital burnout feels harder than people realize. What do you relate to?,#digitalburnout #studentlife #relatable #growth,Thursday,21,26,27383,57416,74813,6977,321,1879,270,0.649782234091059,543,0.16454,21.47,Low,Short,Visual,Evening
POST-0670,2025-01-25,Instagram,Short Video,Friendship,POV: friendship feels harder than people realize. What do you relate to?,#friendship #studentlife #relatable #growth,Saturday,15,45,5382,10142,19349,1178,159,378,544,0.6841385545793099,492,0.22274,29.96,Low,Short,Visual,Afternoon
POST-0671,2025-08-27,Instagram,Long Video,Friendship,POV: friendship feels harder than people realize. What do you relate to?,#friendship #studentlife #relatable #growth,Wednesday,8,233,16046,14680,13752,1177,149,141,136,0.32675952617377874,146,0.1092,12.78,Low,Long,Text,Morning
POST-0672,2025-12-08,YouTube,Short Video,Social Anxiety,POV: social anxiety feels harder than people realize. What do you relate to?,#socialanxiety #studentlife #relatable #growth,Monday,9,20,4308,8913,11736,1000,135,282,294,0.564551894513764,210,0.19197,27.13,Low,Short,Text,Morning
POST-0673,2025-11-14,YouTube,Long Video,Digital Burnout,POV: digital burnout feels harder than people realize. What do you relate to?,#digitalburnout #studentlife #relatable #growth,Friday,15,16,3079,4151,8235,256,95,147,143,0.7555241147754024,71,0.15442,22.09,Low,Short,Text,Afternoon
POST-0674,2025-04-03,Instagram,Image,Digital Burnout,POV: digital burnout feels harder than people realize. What do you relate to?,#digitalburnout #studentlife #relatable #growth,Thursday,15,246,9574,15109,16060,541,109,245,194,0.5749809806335824,131,0.07208,14.57,Low,Long,Text,Afternoon
POST-0675,2025-06-09,Instagram,Image,Digital Burnout,POV: digital burnout feels harder than people realize. What do you relate to?,#digitalburnout #studentlife #relatable #growth,Monday,15,26,5970,9434,15373,469,158,372,191,0.5026122305452434,287,0.12614,21.64,Low,Short,Visual,Afternoon
POST-0676,2025-10-19,YouTube,Long Video,Student Life,POV: student life feels harder than people realize. What do you relate to?,#studentlife #studentlife #relatable #growth,Sunday,10,141,11152,18124,20669,1246,214,413,223,0.4724293256779668,382,0.11565,15.43,Low,Long,Visual,Morning
POST-0677,2025-07-30,Instagram,Carousel,Social Anxiety,POV: social anxiety feels harder than people realize. What do you relate to?,#socialanxiety #studentlife #relatable #growth,Wednesday,9,32,4496,7958,8079,133,81,107,228,0.7002570209021929,105,0.06899,21.73,Low,Short,Text,Morning
POST-0678,2025-07-13,YouTube,Short Video,Digital Burnout,POV: digital burnout feels harder than people realize. What do you relate to?,#digitalburnout #studentlife #relatable #growth,Sunday,20,170,9901,20322,39710,2991,164,713,982,0.6026789994259777,844,0.23866,20.91,Low,Long,Text,Evening
POST-0679,2025-11-15,Instagram,Short Video,Academic Pressure,POV: academic pressure feels harder than people realize. What do you relate to?,#academicpressure #studentlife #relatable #growth,Saturday,9,32,3156,5853,5737,527,10,76,122,0.6231981802400981,50,0.12558,20.09,Low,Short,Visual,Morning
POST-0680,2025-06-02,Instagram,Short Video,Student Life,POV: student life feels harder than people realize. What do you relate to?,#studentlife #studentlife #relatable #growth,Monday,20,30,37305,22209,40718,3708,181,204,693,0.510266292009373,225,0.2155,16.53,Low,Short,Visual,Evening
POST-0681,2025-11-19,YouTube,Short Video,Academic Pressure,POV: academic pressure feels harder than people realize. What do you relate to?,#academicpressure #studentlife #relatable #growth,Wednesday,10,20,4526,9552,14004,496,118,148,67,0.5687882813205758,122,0.08679,13.74,Low,Short,Text,Morning
POST-0682,2025-02-27,YouTube,Short Video,Career Anxiety,POV: career anxiety feels harder than people realize. What do you relate to?,#careeranxiety #studentlife #relatable #growth,Thursday,15,44,2689,5782,5345,286,30,55,82,0.6443483997287852,51,0.07835,13.27,Low,Short,Text,Afternoon
POST-0683,2025-05-13,Instagram,Long Video,Dating,POV: dating feels harder than people realize. What do you relate to?,#dating #studentlife #relatable #growth,Tuesday,13,33,7817,14816,20971,409,241,223,263,0.7627189578264078,140,0.07667,16.15,Low,Short,Visual,Afternoon
POST-0684,2025-12-22,Instagram,Short Video,Digital Burnout,POV: digital burnout feels harder than people realize. What do you relate to?,#digitalburnout #studentlife #relatable #growth,Monday,14,50,4399,9151,17187,511,78,149,384,0.47873394640718925,97,0.12261,15.28,Low,Short,Text,Afternoon
POST-0685,2025-09-10,Instagram,Carousel,Productivity,POV: productivity feels harder than people realize. What do you relate to?,#productivity #studentlife #relatable #growth,Wednesday,9,18,7423,5645,9462,163,103,209,86,0.7512734424300214,94,0.09938,21.93,Low,Short,Text,Morning
POST-0686,2025-10-30,YouTube,Short Video,Academic Pressure,POV: academic pressure feels harder than people realize. What do you relate to?,#academicpressure #studentlife #relatable #growth,Thursday,19,13,1330,2596,2059,167,23,35,39,0.8294414022562961,26,0.10169,20.26,Low,Short,Text,Evening
POST-0687,2025-06-26,Instagram,Carousel,Digital Burnout,POV: digital burnout feels harder than people realize. What do you relate to?,#digitalburnout #studentlife #relatable #growth,Thursday,14,116,10998,12774,24552,828,120,279,151,0.4845445955507973,201,0.10788,7.98,Low,Long,Text,Afternoon
POST-0688,2025-06-29,Instagram,Image,Dating,POV: dating feels harder than people realize. What do you relate to?,#dating #studentlife #relatable #growth,Sunday,8,23,1400,753,1181,26,3,18,24,0.6617370418607096,19,0.09429,21.43,Low,Short,Visual,Morning
POST-0689,2025-04-25,Instagram,Image,Social Anxiety,POV: social anxiety feels harder than people realize. What do you relate to?,#socialanxiety #studentlife #relatable #growth,Friday,13,57,6879,7201,9939,426,80,37,158,0.6283178901129352,41,0.09735,16.05,Low,Short,Text,Afternoon
POST-0690,2025-09-19,YouTube,Short Video,Social Anxiety,POV: social anxiety feels harder than people realize. What do you relate to?,#socialanxiety #studentlife #relatable #growth,Friday,19,60,15125,28399,47209,2261,440,1005,316,0.7446017605099194,719,0.14162,19.12,Low,Short,Text,Evening
POST-0691,2025-06-29,Instagram,Long Video,Student Life,POV: student life feels harder than people realize. What do you relate to?,#studentlife #studentlife #relatable #growth,Sunday,14,121,8310,10519,18036,568,112,57,165,0.691157900593704,71,0.08575,15.3,Low,Long,Text,Afternoon
POST-0692,2025-04-15,Instagram,Reel,Social Anxiety,POV: social anxiety feels harder than people realize. What do you relate to?,#socialanxiety #studentlife #relatable #growth,Tuesday,21,15,7891,10954,17403,503,78,209,502,0.5652911095790412,172,0.11795,21.0,Low,Short,Visual,Evening
POST-0693,2025-04-22,Instagram,Long Video,Digital Burnout,POV: digital burnout feels harder than people realize. What do you relate to?,#digitalburnout #studentlife #relatable #growth,Tuesday,10,16,16164,22106,17689,688,204,476,260,0.8510255693311105,215,0.07365,30.44,Low,Short,Visual,Morning
POST-0694,2025-11-07,Instagram,Carousel,Student Life,POV: student life feels harder than people realize. What do you relate to?,#studentlife #studentlife #relatable #growth,Friday,21,47,6726,12070,18525,1732,213,513,443,0.6202957713319649,396,0.24035,29.48,Low,Short,Visual,Evening
POST-0695,2025-08-02,Instagram,Reel,Digital Burnout,POV: digital burnout feels harder than people realize. What do you relate to?,#digitalburnout #studentlife #relatable #growth,Saturday,15,39,7576,4408,4359,74,37,33,54,0.8329622409904947,27,0.04492,16.2,Low,Short,Text,Afternoon
POST-0696,2025-01-17,Instagram,Carousel,Friendship,POV: friendship feels harder than people realize. What do you relate to?,#friendship #studentlife #relatable #growth,Friday,14,52,35685,53656,104278,4906,226,293,1001,0.572981205170295,433,0.11976,11.47,Low,Short,Text,Afternoon
POST-0697,2025-03-13,Instagram,Short Video,Digital Burnout,POV: digital burnout feels harder than people realize. What do you relate to?,#digitalburnout #studentlife #relatable #growth,Thursday,8,46,8301,15204,11774,1102,18,157,48,0.5326371206216268,52,0.08715,10.7,Low,Short,Visual,Morning
POST-0698,2025-02-09,Instagram,Image,Career Anxiety,POV: career anxiety feels harder than people realize. What do you relate to?,#careeranxiety #studentlife #relatable #growth,Sunday,21,52,13790,30077,33023,3060,95,868,761,0.6221454119010082,789,0.15906,29.0,Low,Short,Visual,Evening
POST-0699,2025-01-24,Instagram,Long Video,Career Anxiety,POV: career anxiety feels harder than people realize. What do you relate to?,#careeranxiety #studentlife #relatable #growth,Friday,19,56,10055,16087,17272,559,104,317,238,0.6491942558366472,160,0.07571,21.47,Low,Short,Visual,Evening
POST-0700,2025-06-15,Instagram,Carousel,Career Anxiety,POV: career anxiety feels harder than people realize. What do you relate to?,#careeranxiety #studentlife #relatable #growth,Sunday,15,46,4748,10244,16223,1226,42,397,452,0.8197931421407214,328,0.20666,26.1,Low,Short,Text,Afternoon
POST-0701,2025-05-16,Instagram,Carousel,Student Life,POV: student life feels harder than people realize. What do you relate to?,#studentlife #studentlife #relatable #growth,Friday,13,37,2154,1440,1149,68,13,25,27,0.7488948212280927,19,0.09236,24.82,Low,Short,Visual,Afternoon
POST-0702,2025-02-13,Instagram,Long Video,Productivity,POV: productivity feels harder than people realize. What do you relate to?,#productivity #studentlife #relatable #growth,Thursday,10,79,16851,31283,28357,2264,69,79,732,0.31826522997833273,349,0.1005,11.79,Low,Long,Text,Morning
POST-0703,2025-04-28,YouTube,Short Video,Career Anxiety,POV: career anxiety feels harder than people realize. What do you relate to?,#careeranxiety #studentlife #relatable #growth,Monday,13,25,5150,2513,2677,218,10,47,54,0.584345891156229,49,0.13092,19.94,Low,Short,Text,Afternoon
POST-0704,2025-03-23,Instagram,Long Video,Dating,POV: dating feels harder than people realize. What do you relate to?,#dating #studentlife #relatable #growth,Sunday,20,14,4236,1432,1919,115,8,54,43,0.5716822210215758,33,0.15363,24.5,Low,Short,Visual,Evening
POST-0705,2025-01-15,Instagram,Long Video,Academic Pressure,POV: academic pressure feels harder than people realize. What do you relate to?,#academicpressure #studentlife #relatable #growth,Wednesday,13,80,14468,6174,5548,448,57,90,126,0.7422031013493986,50,0.11678,17.6,Low,Long,Text,Afternoon
POST-0706,2025-01-05,YouTube,Short Video,Career Anxiety,POV: career anxiety feels harder than people realize. What do you relate to?,#careeranxiety #studentlife #relatable #growth,Sunday,21,55,9542,4220,3887,180,4,123,77,0.4382952939990817,67,0.091,23.46,Low,Short,Visual,Evening
POST-0707,2025-06-21,YouTube,Short Video,Social Anxiety,POV: social anxiety feels harder than people realize. What do you relate to?,#socialanxiety #studentlife #relatable #growth,Saturday,19,35,6974,13534,14855,1334,110,80,151,0.5646771258005462,75,0.12376,12.08,Low,Short,Text,Evening
POST-0708,2025-01-21,Instagram,Image,Friendship,POV: friendship feels harder than people realize. What do you relate to?,#friendship #studentlife #relatable #growth,Tuesday,21,54,5146,10561,18264,1290,173,372,339,0.5592524806511686,150,0.20585,25.63,Low,Short,Visual,Evening
POST-0709,2025-03-01,Instagram,Short Video,Dating,POV: dating feels harder than people realize. What do you relate to?,#dating #studentlife #relatable #growth,Saturday,14,50,13595,24382,18638,1375,93,335,352,0.6054742828805227,215,0.08838,18.33,Low,Short,Text,Afternoon
POST-0710,2025-02-10,Instagram,Long Video,Student Life,POV: student life feels harder than people realize. What do you relate to?,#studentlife #studentlife #relatable #growth,Monday,21,46,10249,7829,15261,953,157,247,227,0.8482036336306487,128,0.20232,21.34,Low,Short,Text,Evening
POST-0711,2025-08-05,Instagram,Image,Career Anxiety,POV: career anxiety feels harder than people realize. What do you relate to?,#careeranxiety #studentlife #relatable #growth,Tuesday,19,52,1000,1041,1949,43,9,17,46,0.5756339569716776,22,0.11047,18.17,Low,Short,Visual,Evening
POST-0712,2025-10-11,YouTube,Image,Digital Burnout,POV: digital burnout feels harder than people realize. What do you relate to?,#digitalburnout #studentlife #relatable #growth,Saturday,14,22,1570,1238,1546,136,12,17,16,0.8323307487217524,11,0.1462,16.5,Low,Short,Text,Afternoon
POST-0713,2025-04-06,Instagram,Long Video,Career Anxiety,POV: career anxiety feels harder than people realize. What do you relate to?,#careeranxiety #studentlife #relatable #growth,Sunday,21,60,3029,1789,2737,65,2,11,53,0.6534078159047385,15,0.07323,14.85,Low,Short,Text,Evening
POST-0714,2025-04-15,Instagram,Long Video,Social Anxiety,POV: social anxiety feels harder than people realize. What do you relate to?,#socialanxiety #studentlife #relatable #growth,Tuesday,14,23,3100,3066,4121,315,17,28,121,0.6985737302925698,40,0.15688,20.69,Low,Short,Text,Afternoon
POST-0715,2025-06-27,Instagram,Reel,Friendship,POV: friendship feels harder than people realize. What do you relate to?,#friendship #studentlife #relatable #growth,Friday,15,37,4443,7537,14212,1008,26,160,276,0.5079011765309608,166,0.19504,18.27,Low,Short,Text,Afternoon
POST-0716,2025-10-01,YouTube,Short Video,Student Life,POV: student life feels harder than people realize. What do you relate to?,#studentlife #studentlife #relatable #growth,Wednesday,14,58,3121,2439,3607,242,9,89,86,0.7370811816682645,58,0.17466,24.64,Low,Short,Text,Afternoon
POST-0717,2025-04-29,YouTube,Image,Friendship,POV: friendship feels harder than people realize. What do you relate to?,#friendship #studentlife #relatable #growth,Tuesday,20,39,6053,7584,12966,412,55,396,216,0.610836260068194,204,0.14227,26.7,Low,Short,Visual,Evening
POST-0718,2025-12-18,YouTube,Long Video,Career Anxiety,POV: career anxiety feels harder than people realize. What do you relate to?,#careeranxiety #studentlife #relatable #growth,Thursday,19,30,23451,40341,38869,1282,151,453,1155,0.8035224144928177,678,0.07538,23.52,Low,Short,Visual,Evening
POST-0719,2025-10-24,YouTube,Short Video,Student Life,POV: student life feels harder than people realize. What do you relate to?,#studentlife #studentlife #relatable #growth,Friday,15,181,18022,21564,29682,1548,242,550,132,0.5745203171537154,174,0.11464,13.39,Low,Long,Visual,Afternoon
POST-0720,2025-07-13,YouTube,Short Video,Career Anxiety,POV: career anxiety feels harder than people realize. What do you relate to?,#careeranxiety #studentlife #relatable #growth,Sunday,15,72,3514,5590,6148,127,36,110,154,0.4508501146049872,65,0.07639,19.04,Low,Long,Text,Afternoon
POST-0721,2025-01-03,YouTube,Long Video,Social Anxiety,POV: social anxiety feels harder than people realize. What do you relate to?,#socialanxiety #studentlife #relatable #growth,Friday,10,17,1290,2153,3128,279,13,41,85,0.5644782453938515,34,0.19415,23.7,Low,Short,Visual,Morning
POST-0722,2025-09-22,Instagram,Image,Dating,POV: dating feels harder than people realize. What do you relate to?,#dating #studentlife #relatable #growth,Monday,20,59,3521,5267,10256,361,75,136,161,0.48706646622992256,63,0.13917,16.5,Low,Short,Text,Evening
POST-0723,2025-01-25,YouTube,Short Video,Friendship,POV: friendship feels harder than people realize. What do you relate to?,#friendship #studentlife #relatable #growth,Saturday,20,114,6526,8571,9805,319,12,22,120,0.46826324928550156,39,0.05519,7.42,Low,Long,Text,Evening
POST-0724,2025-08-22,Instagram,Carousel,Dating,POV: dating feels harder than people realize. What do you relate to?,#dating #studentlife #relatable #growth,Friday,20,12,6951,6183,10540,680,83,230,81,0.6701557131019397,150,0.1737,24.05,Low,Short,Visual,Evening
POST-0725,2025-10-06,Instagram,Carousel,Student Life,POV: student life feels harder than people realize. What do you relate to?,#studentlife #studentlife #relatable #growth,Monday,10,32,4238,7650,12059,769,80,90,310,0.5129332453613594,202,0.16327,23.52,Low,Short,Visual,Morning
POST-0726,2025-03-20,YouTube,Short Video,Digital Burnout,POV: digital burnout feels harder than people realize. What do you relate to?,#digitalburnout #studentlife #relatable #growth,Thursday,13,279,3665,7083,7951,545,68,68,124,0.45523530860051625,49,0.11365,11.74,Low,Long,Text,Afternoon
POST-0727,2025-06-24,Instagram,Short Video,Social Anxiety,POV: social anxiety feels harder than people realize. What do you relate to?,#socialanxiety #studentlife #relatable #growth,Tuesday,19,41,5026,10342,15776,1317,164,293,275,0.6330917653342384,209,0.19812,26.07,Low,Short,Text,Evening
POST-0728,2025-11-08,Instagram,Carousel,Dating,POV: dating feels harder than people realize. What do you relate to?,#dating #studentlife #relatable #growth,Saturday,8,139,3193,6005,6069,180,42,113,105,0.6903250130899936,120,0.07327,28.29,Low,Long,Visual,Morning
POST-0729,2025-07-31,YouTube,Short Video,Student Life,POV: student life feels harder than people realize. What do you relate to?,#studentlife #studentlife #relatable #growth,Thursday,15,22,2518,3903,6225,348,32,125,25,0.6131103134086998,34,0.13579,13.37,Low,Short,Text,Afternoon
POST-0730,2025-11-20,YouTube,Short Video,Productivity,POV: productivity feels harder than people realize. What do you relate to?,#productivity #studentlife #relatable #growth,Thursday,20,242,3027,5406,3865,100,29,88,17,0.6111465069409088,29,0.04329,11.56,Low,Long,Text,Evening
POST-0731,2025-09-14,Instagram,Short Video,Digital Burnout,POV: digital burnout feels harder than people realize. What do you relate to?,#digitalburnout #studentlife #relatable #growth,Sunday,20,28,5215,4828,7865,639,42,140,213,0.39598444786852793,170,0.21417,21.81,Low,Short,Text,Evening
POST-0732,2025-12-26,YouTube,Short Video,Productivity,POV: productivity feels harder than people realize. What do you relate to?,#productivity #studentlife #relatable #growth,Friday,21,60,3429,5786,9306,650,28,120,145,0.6783254081921385,120,0.16298,21.15,Low,Short,Visual,Evening
POST-0733,2025-08-20,Instagram,Carousel,Social Anxiety,POV: social anxiety feels harder than people realize. What do you relate to?,#socialanxiety #studentlife #relatable #growth,Wednesday,21,273,7662,15376,30733,2128,213,429,291,0.32258485685601235,213,0.19908,11.21,Low,Long,Text,Evening
POST-0734,2025-06-09,Instagram,Carousel,Productivity,POV: productivity feels harder than people realize. What do you relate to?,#productivity #studentlife #relatable #growth,Monday,15,53,28242,13928,27714,1751,258,137,754,0.5893860269805121,217,0.20821,20.56,Low,Short,Text,Afternoon
POST-0735,2025-02-09,Instagram,Carousel,Productivity,POV: productivity feels harder than people realize. What do you relate to?,#productivity #studentlife #relatable #growth,Sunday,15,233,4228,5423,6138,192,69,66,40,0.5486288958798524,34,0.06767,12.07,Low,Long,Visual,Afternoon
POST-0736,2025-03-27,Instagram,Short Video,Digital Burnout,POV: digital burnout feels harder than people realize. What do you relate to?,#digitalburnout #studentlife #relatable #growth,Thursday,20,34,2752,2004,2186,68,24,48,60,0.43051840429157073,30,0.0998,21.76,Low,Short,Visual,Evening
POST-0737,2025-05-28,Instagram,Long Video,Career Anxiety,POV: career anxiety feels harder than people realize. What do you relate to?,#careeranxiety #studentlife #relatable #growth,Wednesday,20,52,1431,2059,2387,234,6,24,25,0.5713998614723594,25,0.14036,15.7,Low,Short,Visual,Evening
POST-0738,2025-07-02,YouTube,Short Video,Social Anxiety,POV: social anxiety feels harder than people realize. What do you relate to?,#socialanxiety #studentlife #relatable #growth,Wednesday,9,169,47973,97942,143018,5114,850,1549,511,0.6859712977772499,1017,0.08193,10.03,Low,Long,Visual,Morning
POST-0739,2025-08-05,Instagram,Carousel,Social Anxiety,POV: social anxiety feels harder than people realize. What do you relate to?,#socialanxiety #studentlife #relatable #growth,Tuesday,13,160,7411,4697,5231,276,35,111,97,0.5878418858977439,44,0.1105,22.36,Low,Long,Visual,Afternoon
POST-0740,2025-01-20,YouTube,Short Video,Career Anxiety,POV: career anxiety feels harder than people realize. What do you relate to?,#careeranxiety #studentlife #relatable #growth,Monday,10,152,11009,19995,27109,647,157,724,563,0.45354019108423715,418,0.10458,22.19,Low,Long,Visual,Morning
POST-0741,2025-10-17,YouTube,Short Video,Digital Burnout,POV: digital burnout feels harder than people realize. What do you relate to?,#digitalburnout #studentlife #relatable #growth,Friday,8,27,4585,3244,6338,431,55,41,81,0.7955170811331679,25,0.18742,18.71,Low,Short,Visual,Morning
POST-0742,2025-05-24,Instagram,Carousel,Digital Burnout,POV: digital burnout feels harder than people realize. What do you relate to?,#digitalburnout #studentlife #relatable #growth,Saturday,20,56,6530,6628,10486,813,82,64,52,0.5844276791902363,55,0.15253,12.3,Low,Short,Text,Evening
POST-0743,2025-05-23,Instagram,Short Video,Dating,POV: dating feels harder than people realize. What do you relate to?,#dating #studentlife #relatable #growth,Friday,14,30,3012,5524,8241,362,46,149,160,0.6712545100217746,131,0.1298,20.7,Low,Short,Visual,Afternoon
POST-0744,2025-06-06,Instagram,Reel,Social Anxiety,POV: social anxiety feels harder than people realize. What do you relate to?,#socialanxiety #studentlife #relatable #growth,Friday,10,47,11571,17567,19300,1330,34,219,261,0.6069110061229733,210,0.10497,18.73,Low,Short,Visual,Morning
POST-0745,2025-08-31,Instagram,Reel,Career Anxiety,POV: career anxiety feels harder than people realize. What do you relate to?,#careeranxiety #studentlife #relatable #growth,Sunday,21,80,2090,2999,2787,230,29,43,51,0.6239228166338058,44,0.11771,19.08,Low,Long,Text,Evening
POST-0746,2025-12-12,YouTube,Short Video,Career Anxiety,POV: career anxiety feels harder than people realize. What do you relate to?,#careeranxiety #studentlife #relatable #growth,Friday,20,40,10771,21074,20149,393,219,470,397,0.5848843162864735,405,0.07018,25.31,Low,Short,Text,Evening
POST-0747,2025-09-19,YouTube,Short Video,Social Anxiety,POV: social anxiety feels harder than people realize. What do you relate to?,#socialanxiety #studentlife #relatable #growth,Friday,8,211,5661,9514,7530,376,89,72,147,0.7385037880028323,83,0.07189,23.16,Low,Long,Visual,Morning
POST-0748,2025-06-10,Instagram,Carousel,Social Anxiety,POV: social anxiety feels harder than people realize. What do you relate to?,#socialanxiety #studentlife #relatable #growth,Tuesday,19,55,4440,4680,5126,434,40,107,69,0.523516697464629,35,0.13889,22.22,Low,Short,Visual,Evening
POST-0749,2025-02-01,Instagram,Carousel,Academic Pressure,POV: academic pressure feels harder than people realize. What do you relate to?,#academicpressure #studentlife #relatable #growth,Saturday,21,30,1269,849,755,45,7,21,20,0.6316395412565878,17,0.10954,26.95,Low,Short,Visual,Evening
POST-0750,2025-05-02,Instagram,Carousel,Student Life,POV: student life feels harder than people realize. What do you relate to?,#studentlife #studentlife #relatable #growth,Friday,14,19,5306,2520,3974,218,7,47,48,0.7023076831812084,51,0.12698,15.08,Low,Short,Text,Afternoon
POST-0751,2025-07-04,YouTube,Short Video,Productivity,POV: productivity feels harder than people realize. What do you relate to?,#productivity #studentlife #relatable #growth,Friday,19,35,6977,13471,20104,1663,58,83,641,0.6203018379750909,325,0.1815,18.31,Low,Short,Text,Evening
POST-0752,2025-07-22,Instagram,Long Video,Social Anxiety,POV: social anxiety feels harder than people realize. What do you relate to?,#socialanxiety #studentlife #relatable #growth,Tuesday,19,16,4117,7993,11428,769,77,148,60,0.5779960736571467,54,0.13187,14.4,Low,Short,Text,Evening
POST-0753,2025-01-20,YouTube,Short Video,Friendship,POV: friendship feels harder than people realize. What do you relate to?,#friendship #studentlife #relatable #growth,Monday,21,27,5910,6767,8860,272,79,49,147,0.4063097365553647,48,0.08083,14.01,Low,Short,Visual,Evening
POST-0754,2025-02-20,Instagram,Reel,Social Anxiety,POV: social anxiety feels harder than people realize. What do you relate to?,#socialanxiety #studentlife #relatable #growth,Thursday,9,237,12477,26148,40885,2626,59,1122,1178,0.513919054827588,644,0.19065,24.53,Low,Long,Visual,Morning
POST-0755,2025-05-16,YouTube,Short Video,Academic Pressure,POV: academic pressure feels harder than people realize. What do you relate to?,#academicpressure #studentlife #relatable #growth,Friday,21,16,16644,27209,42229,4104,60,361,335,0.5946200304683776,168,0.17862,11.53,Low,Short,Visual,Evening
POST-0756,2025-12-29,Instagram,Carousel,Career Anxiety,POV: career anxiety feels harder than people realize. What do you relate to?,#careeranxiety #studentlife #relatable #growth,Monday,19,64,9577,10525,19875,1120,167,232,589,0.8187740893520574,298,0.20029,22.39,Low,Long,Text,Evening
POST-0757,2025-10-04,Instagram,Carousel,Dating,POV: dating feels harder than people realize. What do you relate to?,#dating #studentlife #relatable #growth,Saturday,14,265,4226,5710,5064,271,20,84,109,0.5239257356999014,55,0.08476,16.33,Low,Long,Text,Afternoon
POST-0758,2025-11-11,Instagram,Carousel,Productivity,POV: productivity feels harder than people realize. What do you relate to?,#productivity #studentlife #relatable #growth,Tuesday,20,54,1000,1938,3372,87,9,87,36,0.5981207584918424,66,0.113,18.86,Low,Short,Text,Evening
POST-0759,2025-06-22,Instagram,Image,Digital Burnout,POV: digital burnout feels harder than people realize. What do you relate to?,#digitalburnout #studentlife #relatable #growth,Sunday,10,12,3835,8983,6894,205,54,170,187,0.6746660416885734,188,0.06857,27.37,Low,Short,Text,Morning
POST-0760,2025-09-22,Instagram,Short Video,Academic Pressure,POV: academic pressure feels harder than people realize. What do you relate to?,#academicpressure #studentlife #relatable #growth,Monday,19,33,11902,9011,7215,572,27,161,119,0.42754734136919603,134,0.09755,20.38,Low,Short,Text,Evening
POST-0761,2025-09-26,Instagram,Short Video,Social Anxiety,POV: social anxiety feels harder than people realize. What do you relate to?,#socialanxiety #studentlife #relatable #growth,Friday,10,37,2323,3042,5149,104,26,36,67,0.6866101099515269,22,0.07659,17.1,Low,Short,Text,Morning
POST-0762,2025-09-13,Instagram,Image,Dating,POV: dating feels harder than people realize. What do you relate to?,#dating #studentlife #relatable #growth,Saturday,21,55,5036,3468,5353,333,51,158,153,0.6683537431897224,132,0.2004,35.08,Low,Short,Visual,Evening
POST-0763,2025-12-02,Instagram,Reel,Career Anxiety,POV: career anxiety feels harder than people realize. What do you relate to?,#careeranxiety #studentlife #relatable #growth,Tuesday,19,161,4426,1801,1812,127,19,50,31,0.49296141654411807,24,0.12604,17.13,Low,Long,Text,Evening
POST-0764,2025-12-13,Instagram,Long Video,Student Life,POV: student life feels harder than people realize. What do you relate to?,#studentlife #studentlife #relatable #growth,Saturday,19,50,4793,5614,10079,501,35,169,74,0.6047341050968152,112,0.13876,15.67,Low,Short,Visual,Evening
POST-0765,2025-06-14,YouTube,Short Video,Social Anxiety,POV: social anxiety feels harder than people realize. What do you relate to?,#socialanxiety #studentlife #relatable #growth,Saturday,14,230,4038,7957,7926,592,19,163,99,0.5438964304869309,62,0.10971,13.33,Low,Long,Text,Afternoon
POST-0766,2025-04-01,Instagram,Short Video,Career Anxiety,POV: career anxiety feels harder than people realize. What do you relate to?,#careeranxiety #studentlife #relatable #growth,Tuesday,15,112,1413,1163,1140,74,9,19,24,0.44581514003550365,23,0.10834,13.43,Low,Long,Text,Afternoon
POST-0767,2025-11-25,YouTube,Short Video,Productivity,POV: productivity feels harder than people realize. What do you relate to?,#productivity #studentlife #relatable #growth,Tuesday,9,53,4696,9107,8925,300,56,186,209,0.6199364583792962,206,0.08246,20.76,Low,Short,Text,Morning
POST-0768,2025-03-26,YouTube,Short Video,Academic Pressure,POV: academic pressure feels harder than people realize. What do you relate to?,#academicpressure #studentlife #relatable #growth,Wednesday,8,23,7291,11160,8487,485,88,150,30,0.5657353528330809,56,0.06747,15.15,Low,Short,Text,Morning
POST-0769,2025-04-30,Instagram,Reel,Academic Pressure,POV: academic pressure feels harder than people realize. What do you relate to?,#academicpressure #studentlife #relatable #growth,Wednesday,20,17,3634,4283,6068,216,50,37,155,0.7510472500136112,34,0.10693,19.27,Low,Short,Text,Evening
POST-0770,2025-06-22,Instagram,Reel,Career Anxiety,POV: career anxiety feels harder than people realize. What do you relate to?,#careeranxiety #studentlife #relatable #growth,Sunday,21,27,17774,17356,24379,1738,110,461,146,0.5449585048674174,258,0.14145,16.05,Low,Short,Visual,Evening
POST-0771,2025-05-23,Instagram,Image,Productivity,POV: productivity feels harder than people realize. What do you relate to?,#productivity #studentlife #relatable #growth,Friday,9,189,6765,10029,13612,609,25,121,303,0.3771099064378135,108,0.10549,12.09,Low,Long,Text,Morning
POST-0772,2025-03-13,Instagram,Carousel,Productivity,POV: productivity feels harder than people realize. What do you relate to?,#productivity #studentlife #relatable #growth,Thursday,19,161,3170,6777,8830,722,69,87,196,0.45345292192187053,91,0.15848,15.53,Low,Long,Visual,Evening
POST-0773,2025-03-07,Instagram,Short Video,Academic Pressure,POV: academic pressure feels harder than people realize. What do you relate to?,#academicpressure #studentlife #relatable #growth,Friday,13,41,6567,10833,12220,663,80,241,285,0.5340603364192824,265,0.11714,19.5,Low,Short,Text,Afternoon
POST-0774,2025-07-25,YouTube,Short Video,Dating,POV: dating feels harder than people realize. What do you relate to?,#dating #studentlife #relatable #growth,Friday,20,53,17639,33777,64007,1823,595,1361,1756,0.5395734688071265,937,0.16387,28.61,Low,Short,Visual,Evening
POST-0775,2025-03-13,YouTube,Short Video,Productivity,POV: productivity feels harder than people realize. What do you relate to?,#productivity #studentlife #relatable #growth,Thursday,10,50,8899,10746,11371,770,108,223,245,0.7281532087471609,254,0.12526,19.76,Low,Short,Text,Morning
POST-0776,2025-08-25,YouTube,Short Video,Productivity,POV: productivity feels harder than people realize. What do you relate to?,#productivity #studentlife #relatable #growth,Monday,15,50,2129,1105,1730,125,11,22,36,0.6390466700674986,21,0.17557,16.63,Low,Short,Text,Afternoon
POST-0777,2025-09-01,Instagram,Carousel,Digital Burnout,POV: digital burnout feels harder than people realize. What do you relate to?,#digitalburnout #studentlife #relatable #growth,Monday,19,14,5038,3218,5435,377,21,90,45,0.3285331629087962,65,0.16563,13.01,Low,Short,Visual,Evening
POST-0778,2025-02-11,Instagram,Long Video,Academic Pressure,POV: academic pressure feels harder than people realize. What do you relate to?,#academicpressure #studentlife #relatable #growth,Tuesday,15,17,13703,7036,11301,999,45,302,88,0.7218451608728352,174,0.20381,23.11,Low,Short,Visual,Afternoon
POST-0779,2025-07-10,Instagram,Reel,Academic Pressure,POV: academic pressure feels harder than people realize. What do you relate to?,#academicpressure #studentlife #relatable #growth,Thursday,20,44,11751,5262,4660,250,42,52,37,0.4076244187854652,41,0.07241,16.37,Low,Short,Visual,Evening
POST-0780,2025-01-26,Instagram,Long Video,Digital Burnout,POV: digital burnout feels harder than people realize. What do you relate to?,#digitalburnout #studentlife #relatable #growth,Sunday,15,23,6514,12401,17384,1281,150,348,231,0.5981178970970431,304,0.16208,18.6,Low,Short,Visual,Afternoon
POST-0781,2025-06-25,Instagram,Short Video,Career Anxiety,POV: career anxiety feels harder than people realize. What do you relate to?,#careeranxiety #studentlife #relatable #growth,Wednesday,13,54,7148,4969,5147,396,27,37,64,0.6404145940589552,22,0.10545,13.94,Low,Short,Text,Afternoon
POST-0782,2025-02-05,YouTube,Short Video,Career Anxiety,POV: career anxiety feels harder than people realize. What do you relate to?,#careeranxiety #studentlife #relatable #growth,Wednesday,9,165,8051,18418,15272,1335,146,436,201,0.6627713899482057,370,0.115,20.09,Low,Long,Visual,Morning
POST-0783,2025-08-01,Instagram,Image,Career Anxiety,POV: career anxiety feels harder than people realize. What do you relate to?,#careeranxiety #studentlife #relatable #growth,Friday,10,263,5741,12151,13925,620,153,69,296,0.3627650600237054,85,0.09365,10.66,Low,Long,Text,Morning
POST-0784,2025-05-28,Instagram,Image,Social Anxiety,POV: social anxiety feels harder than people realize. What do you relate to?,#socialanxiety #studentlife #relatable #growth,Wednesday,14,52,11931,13621,22274,548,48,211,429,0.7656000779531142,140,0.09074,15.6,Low,Short,Text,Afternoon
POST-0785,2025-01-20,Instagram,Image,Academic Pressure,POV: academic pressure feels harder than people realize. What do you relate to?,#academicpressure #studentlife #relatable #growth,Monday,10,28,8521,11207,19019,1440,141,297,419,0.7317729091182044,219,0.20496,26.0,Low,Short,Visual,Morning
POST-0786,2025-02-24,Instagram,Image,Dating,POV: dating feels harder than people realize. What do you relate to?,#dating #studentlife #relatable #growth,Monday,13,179,6505,4330,6587,352,52,154,136,0.6108609312986916,66,0.16028,19.29,Low,Long,Text,Afternoon
POST-0787,2025-04-17,YouTube,Long Video,Friendship,POV: friendship feels harder than people realize. What do you relate to?,#friendship #studentlife #relatable #growth,Thursday,20,47,5560,2358,2464,107,28,59,26,0.7060400521658718,36,0.0933,20.43,Low,Short,Text,Evening
POST-0788,2025-02-28,YouTube,Long Video,Career Anxiety,POV: career anxiety feels harder than people realize. What do you relate to?,#careeranxiety #studentlife #relatable #growth,Friday,20,48,7146,8185,11215,330,44,71,363,0.5540954442289561,112,0.09872,20.65,Low,Short,Visual,Evening
POST-0789,2025-07-06,YouTube,Short Video,Academic Pressure,POV: academic pressure feels harder than people realize. What do you relate to?,#academicpressure #studentlife #relatable #growth,Sunday,13,35,3678,7247,5468,403,63,29,60,0.8636436129203722,51,0.07658,16.58,Low,Short,Text,Afternoon
POST-0790,2025-03-16,Instagram,Reel,Friendship,POV: friendship feels harder than people realize. What do you relate to?,#friendship #studentlife #relatable #growth,Sunday,20,55,2550,1682,2519,89,21,17,19,0.6290242891801672,20,0.0868,12.5,Low,Short,Visual,Evening
POST-0791,2025-11-03,Instagram,Image,Digital Burnout,POV: digital burnout feels harder than people realize. What do you relate to?,#digitalburnout #studentlife #relatable #growth,Monday,15,22,5668,5640,4712,196,49,109,122,0.7856461680873429,71,0.0844,27.74,Low,Short,Text,Afternoon
POST-0792,2025-06-15,YouTube,Short Video,Academic Pressure,POV: academic pressure feels harder than people realize. What do you relate to?,#academicpressure #studentlife #relatable #growth,Sunday,19,89,5752,8893,15362,550,137,345,508,0.830837202912559,200,0.17317,25.18,Low,Long,Text,Evening
POST-0793,2025-07-05,Instagram,Short Video,Student Life,POV: student life feels harder than people realize. What do you relate to?,#studentlife #studentlife #relatable #growth,Saturday,13,129,3513,7617,6846,379,69,58,137,0.5863381143579928,75,0.08442,16.01,Low,Long,Text,Afternoon
POST-0794,2025-08-20,Instagram,Long Video,Friendship,POV: friendship feels harder than people realize. What do you relate to?,#friendship #studentlife #relatable #growth,Wednesday,20,14,19295,28630,40562,2090,371,1296,423,0.6920107466315122,580,0.146,24.76,Low,Short,Visual,Evening
POST-0795,2025-08-10,Instagram,Short Video,Productivity,POV: productivity feels harder than people realize. What do you relate to?,#productivity #studentlife #relatable #growth,Sunday,19,52,5569,6707,7022,238,72,86,52,0.6626128967979016,43,0.0668,14.62,Low,Short,Text,Evening
POST-0796,2025-12-20,Instagram,Long Video,Academic Pressure,POV: academic pressure feels harder than people realize. What do you relate to?,#academicpressure #studentlife #relatable #growth,Saturday,15,53,5426,8704,15052,839,136,232,146,0.5869561028401074,85,0.15545,14.73,Low,Short,Text,Afternoon
POST-0797,2025-11-12,YouTube,Short Video,Career Anxiety,POV: career anxiety feels harder than people realize. What do you relate to?,#careeranxiety #studentlife #relatable #growth,Wednesday,19,54,4179,3450,2765,135,23,81,12,0.48285626326515574,44,0.07275,22.77,Low,Short,Visual,Evening
POST-0798,2025-03-03,Instagram,Carousel,Career Anxiety,POV: career anxiety feels harder than people realize. What do you relate to?,#careeranxiety #studentlife #relatable #growth,Monday,15,32,6111,6763,12116,585,105,243,223,0.5503506365764229,165,0.17093,22.3,Low,Short,Text,Afternoon
POST-0799,2025-10-28,Instagram,Carousel,Productivity,POV: productivity feels harder than people realize. What do you relate to?,#productivity #studentlife #relatable #growth,Tuesday,20,58,34690,28293,28336,1852,168,399,277,0.538378115415759,369,0.09529,15.09,Low,Short,Visual,Evening
POST-0800,2025-07-07,Instagram,Reel,Friendship,POV: friendship feels harder than people realize. What do you relate to?,#friendship #studentlife #relatable #growth,Monday,9,18,26291,26733,18930,462,45,39,412,0.844259980778127,206,0.03584,13.13,Low,Short,Text,Morning
POST-0801,2025-04-20,Instagram,Long Video,Productivity,POV: productivity feels harder than people realize. What do you relate to?,#productivity #studentlife #relatable #growth,Sunday,19,54,26632,46733,70635,6115,127,430,2065,0.7740534677678563,523,0.18696,20.34,Low,Short,Text,Evening
POST-0802,2025-11-04,Instagram,Short Video,Career Anxiety,POV: career anxiety feels harder than people realize. What do you relate to?,#careeranxiety #studentlife #relatable #growth,Tuesday,9,15,3150,7247,10644,482,10,244,310,0.4832267291837471,109,0.14434,24.88,Low,Short,Visual,Morning
POST-0803,2025-03-24,Instagram,Reel,Friendship,POV: friendship feels harder than people realize. What do you relate to?,#friendship #studentlife #relatable #growth,Monday,19,46,16821,30817,50532,2466,288,479,1004,0.7965109343006369,520,0.13749,21.28,Low,Short,Text,Evening
POST-0804,2025-02-17,YouTube,Short Video,Dating,POV: dating feels harder than people realize. What do you relate to?,#dating #studentlife #relatable #growth,Monday,20,45,21573,35645,43029,782,125,1107,572,0.5548971344090796,346,0.07255,22.15,Low,Short,Visual,Evening
POST-0805,2025-05-05,YouTube,Carousel,Digital Burnout,POV: digital burnout feels harder than people realize. What do you relate to?,#digitalburnout #studentlife #relatable #growth,Monday,14,253,6684,7997,6612,140,14,161,116,0.4093471775549159,150,0.0539,16.75,Low,Long,Visual,Afternoon
POST-0806,2025-12-06,Instagram,Long Video,Digital Burnout,POV: digital burnout feels harder than people realize. What do you relate to?,#digitalburnout #studentlife #relatable #growth,Saturday,21,57,2678,4290,6562,170,53,149,80,0.717951153750463,92,0.10536,23.72,Low,Short,Text,Evening
POST-0807,2025-10-29,Instagram,Image,Friendship,POV: friendship feels harder than people realize. What do you relate to?,#friendship #studentlife #relatable #growth,Wednesday,8,46,6358,4472,7491,129,86,41,125,0.5519263791306785,46,0.0852,16.7,Low,Short,Text,Morning
POST-0808,2025-06-01,YouTube,Carousel,Student Life,POV: student life feels harder than people realize. What do you relate to?,#studentlife #studentlife #relatable #growth,Sunday,20,33,7319,3178,2318,187,6,22,46,0.7688876390371431,16,0.08213,15.58,Low,Short,Text,Evening
POST-0809,2025-11-07,Instagram,Short Video,Social Anxiety,POV: social anxiety feels harder than people realize. What do you relate to?,#socialanxiety #studentlife #relatable #growth,Friday,19,35,6375,3628,4899,159,56,79,137,0.8470620520361876,52,0.1188,30.62,Low,Short,Visual,Evening
POST-0810,2025-01-28,Instagram,Image,Social Anxiety,POV: social anxiety feels harder than people realize. What do you relate to?,#socialanxiety #studentlife #relatable #growth,Tuesday,10,48,9608,20754,19468,839,126,428,497,0.5343514904974876,173,0.09107,20.85,Low,Short,Text,Morning
POST-0811,2025-05-31,Instagram,Long Video,Digital Burnout,POV: digital burnout feels harder than people realize. What do you relate to?,#digitalburnout #studentlife #relatable #growth,Saturday,20,32,5700,12198,17045,1267,82,254,230,0.5670262547580547,243,0.15027,18.11,Low,Short,Text,Evening
POST-0812,2025-07-22,Instagram,Image,Digital Burnout,POV: digital burnout feels harder than people realize. What do you relate to?,#digitalburnout #studentlife #relatable #growth,Tuesday,21,44,10789,8613,12550,843,88,86,286,0.7600564841133874,124,0.15128,21.08,Low,Short,Text,Evening
POST-0813,2025-02-10,Instagram,Image,Career Anxiety,POV: career anxiety feels harder than people realize. What do you relate to?,#careeranxiety #studentlife #relatable #growth,Monday,20,44,2349,1452,1264,124,3,12,40,0.47646467214118926,25,0.12328,15.01,Low,Short,Text,Evening
POST-0814,2025-05-29,Instagram,Carousel,Friendship,POV: friendship feels harder than people realize. What do you relate to?,#friendship #studentlife #relatable #growth,Thursday,19,24,16805,6508,8488,160,92,97,63,0.6767757983591306,49,0.06331,12.95,Low,Short,Text,Evening
POST-0815,2025-06-05,Instagram,Reel,Career Anxiety,POV: career anxiety feels harder than people realize. What do you relate to?,#careeranxiety #studentlife #relatable #growth,Thursday,21,50,8472,13998,26047,1761,297,475,879,0.5293146248982359,396,0.24375,30.17,Low,Short,Visual,Evening
POST-0816,2025-12-22,Instagram,Short Video,Student Life,POV: student life feels harder than people realize. What do you relate to?,#studentlife #studentlife #relatable #growth,Monday,20,43,4998,11226,16144,1086,50,46,160,0.6440186906106231,67,0.11954,13.11,Low,Short,Visual,Evening
POST-0817,2025-11-22,YouTube,Reel,Dating,POV: dating feels harder than people realize. What do you relate to?,#dating #studentlife #relatable #growth,Saturday,19,42,10908,21485,19923,726,145,394,66,0.5951687006018718,253,0.06195,14.14,Low,Short,Text,Evening
POST-0818,2025-01-28,YouTube,Short Video,Social Anxiety,POV: social anxiety feels harder than people realize. What do you relate to?,#socialanxiety #studentlife #relatable #growth,Tuesday,13,54,8437,18307,28511,2369,108,115,478,0.47014175291818217,153,0.1677,13.3,Low,Short,Visual,Afternoon
POST-0819,2025-12-26,Instagram,Short Video,Social Anxiety,POV: social anxiety feels harder than people realize. What do you relate to?,#socialanxiety #studentlife #relatable #growth,Friday,13,56,2599,1108,942,18,1,6,24,0.5709018020337855,13,0.04422,18.2,Low,Short,Visual,Afternoon
POST-0820,2025-10-14,YouTube,Image,Dating,POV: dating feels harder than people realize. What do you relate to?,#dating #studentlife #relatable #growth,Tuesday,21,18,3514,2457,1989,40,5,5,22,0.5259887734351085,13,0.0293,10.11,Low,Short,Text,Evening
POST-0821,2025-07-30,Instagram,Carousel,Dating,POV: dating feels harder than people realize. What do you relate to?,#dating #studentlife #relatable #growth,Wednesday,14,43,5564,2180,3445,268,11,65,84,0.7017903042847313,72,0.19633,22.33,Low,Short,Text,Afternoon
POST-0822,2025-04-07,Instagram,Short Video,Social Anxiety,POV: social anxiety feels harder than people realize. What do you relate to?,#socialanxiety #studentlife #relatable #growth,Monday,9,41,4135,5239,10441,837,99,46,49,0.5848512337141425,60,0.19679,11.88,Low,Short,Text,Morning
POST-0823,2025-03-09,Instagram,Image,Academic Pressure,POV: academic pressure feels harder than people realize. What do you relate to?,#academicpressure #studentlife #relatable #growth,Sunday,9,17,3510,1853,2474,161,5,18,70,0.6916458867874423,21,0.13708,22.67,Low,Short,Visual,Morning
POST-0824,2025-03-27,YouTube,Short Video,Student Life,POV: student life feels harder than people realize. What do you relate to?,#studentlife #studentlife #relatable #growth,Thursday,15,23,5565,6213,10731,614,64,106,314,0.8152161059007621,142,0.17673,24.06,Low,Short,Text,Afternoon
POST-0825,2025-09-06,Instagram,Carousel,Productivity,POV: productivity feels harder than people realize. What do you relate to?,#productivity #studentlife #relatable #growth,Saturday,14,259,3351,3159,3449,80,32,15,54,0.5295991948182597,33,0.0573,12.52,Low,Long,Text,Afternoon
POST-0826,2025-02-19,YouTube,Short Video,Academic Pressure,POV: academic pressure feels harder than people realize. What do you relate to?,#academicpressure #studentlife #relatable #growth,Wednesday,9,194,15929,23035,22233,602,216,394,409,0.5372464403301846,170,0.07037,18.19,Low,Long,Visual,Morning
POST-0827,2025-01-29,YouTube,Short Video,Career Anxiety,POV: career anxiety feels harder than people realize. What do you relate to?,#careeranxiety #studentlife #relatable #growth,Wednesday,10,24,5723,10691,8199,437,61,117,193,0.622260365425604,141,0.07558,24.58,Low,Short,Visual,Morning
POST-0828,2025-05-24,Instagram,Long Video,Productivity,POV: productivity feels harder than people realize. What do you relate to?,#productivity #studentlife #relatable #growth,Saturday,14,54,5385,3300,4552,129,43,109,72,0.8087283139753086,79,0.10697,24.24,Low,Short,Visual,Afternoon
POST-0829,2025-04-23,YouTube,Image,Student Life,POV: student life feels harder than people realize. What do you relate to?,#studentlife #studentlife #relatable #growth,Wednesday,9,39,19190,11803,18444,1426,73,441,238,0.6328349652640647,228,0.18453,23.17,Low,Short,Visual,Morning
POST-0830,2025-02-07,Instagram,Carousel,Student Life,POV: student life feels harder than people realize. What do you relate to?,#studentlife #studentlife #relatable #growth,Friday,19,32,3074,4771,8522,284,33,41,194,0.5738200018994821,47,0.1157,12.21,Low,Short,Text,Evening
POST-0831,2025-11-28,Instagram,Long Video,Dating,POV: dating feels harder than people realize. What do you relate to?,#dating #studentlife #relatable #growth,Friday,8,198,15278,24891,46628,3620,102,1141,347,0.46830469848380735,453,0.20931,17.95,Low,Long,Text,Morning
POST-0832,2025-04-12,Instagram,Short Video,Career Anxiety,POV: career anxiety feels harder than people realize. What do you relate to?,#careeranxiety #studentlife #relatable #growth,Saturday,15,98,9030,4592,8991,236,61,223,269,0.5459871031874433,218,0.17182,21.05,Low,Long,Text,Afternoon
POST-0833,2025-09-27,Instagram,Long Video,Career Anxiety,POV: career anxiety feels harder than people realize. What do you relate to?,#careeranxiety #studentlife #relatable #growth,Saturday,14,162,4580,5367,9834,213,113,199,199,0.589064505994136,203,0.1349,23.1,Low,Long,Visual,Afternoon
POST-0834,2025-04-11,Instagram,Short Video,Social Anxiety,POV: social anxiety feels harder than people realize. What do you relate to?,#socialanxiety #studentlife #relatable #growth,Friday,15,219,7539,9926,19411,1432,159,270,80,0.31268890245329084,175,0.19555,11.2,Low,Long,Text,Afternoon
POST-0835,2025-10-28,Instagram,Carousel,Digital Burnout,POV: digital burnout feels harder than people realize. What do you relate to?,#digitalburnout #studentlife #relatable #growth,Tuesday,14,143,1000,1597,1227,41,3,24,4,0.4147406436868209,16,0.04508,12.7,Low,Long,Visual,Afternoon
POST-0836,2025-09-11,Instagram,Short Video,Friendship,POV: friendship feels harder than people realize. What do you relate to?,#friendship #studentlife #relatable #growth,Thursday,15,270,6576,3360,6692,464,51,113,162,0.4602917061135746,150,0.23512,19.18,Low,Long,Visual,Afternoon
POST-0837,2025-12-24,YouTube,Short Video,Student Life,POV: student life feels harder than people realize. What do you relate to?,#studentlife #studentlife #relatable #growth,Wednesday,13,121,12743,7146,11985,195,46,259,81,0.3390071892832648,86,0.0813,9.59,Low,Long,Text,Afternoon
POST-0838,2025-02-24,YouTube,Short Video,Dating,POV: dating feels harder than people realize. What do you relate to?,#dating #studentlife #relatable #growth,Monday,15,49,1481,1667,2894,75,15,32,23,0.5797279844014507,31,0.08698,18.88,Low,Short,Visual,Afternoon
POST-0839,2025-12-07,Instagram,Long Video,Digital Burnout,POV: digital burnout feels harder than people realize. What do you relate to?,#digitalburnout #studentlife #relatable #growth,Sunday,19,32,5578,5447,7912,523,69,196,221,0.4689363844839095,109,0.18524,25.47,Low,Short,Text,Evening
POST-0840,2025-07-16,Instagram,Short Video,Student Life,POV: student life feels harder than people realize. What do you relate to?,#studentlife #studentlife #relatable #growth,Wednesday,15,76,2522,1656,1219,50,3,16,14,0.7466390747021432,9,0.05012,15.79,Low,Long,Text,Afternoon
POST-0841,2025-03-11,Instagram,Long Video,Digital Burnout,POV: digital burnout feels harder than people realize. What do you relate to?,#digitalburnout #studentlife #relatable #growth,Tuesday,8,28,10223,10849,11025,947,48,53,188,0.7154732795267384,51,0.11393,18.49,Low,Short,Visual,Morning
POST-0842,2025-03-15,Instagram,Image,Student Life,POV: student life feels harder than people realize. What do you relate to?,#studentlife #studentlife #relatable #growth,Saturday,21,41,3420,3820,5895,390,22,122,31,0.5762884084672854,64,0.14791,14.56,Low,Short,Visual,Evening
POST-0843,2025-10-14,YouTube,Short Video,Academic Pressure,POV: academic pressure feels harder than people realize. What do you relate to?,#academicpressure #studentlife #relatable #growth,Tuesday,21,246,5395,8676,10825,839,110,249,208,0.5251746191052225,154,0.16206,17.4,Low,Long,Text,Evening
POST-0844,2025-11-26,Instagram,Carousel,Social Anxiety,POV: social anxiety feels harder than people realize. What do you relate to?,#socialanxiety #studentlife #relatable #growth,Wednesday,21,53,6619,12843,16373,953,128,257,442,0.7249691652021708,149,0.1386,23.77,Low,Short,Text,Evening
POST-0845,2025-01-20,Instagram,Long Video,Friendship,POV: friendship feels harder than people realize. What do you relate to?,#friendship #studentlife #relatable #growth,Monday,14,212,8226,7195,7960,500,65,84,96,0.549063462229597,59,0.10354,14.94,Low,Long,Text,Afternoon
POST-0846,2025-08-10,YouTube,Short Video,Productivity,POV: productivity feels harder than people realize. What do you relate to?,#productivity #studentlife #relatable #growth,Sunday,19,33,16712,10609,15622,1361,139,45,461,0.5974018707696191,204,0.18908,23.28,Low,Short,Visual,Evening
POST-0847,2025-11-11,Instagram,Image,Friendship,POV: friendship feels harder than people realize. What do you relate to?,#friendship #studentlife #relatable #growth,Tuesday,21,24,5764,4764,7275,329,21,149,84,0.5670839729908037,114,0.12238,18.26,Low,Short,Visual,Evening
POST-0848,2025-04-23,Instagram,Carousel,Social Anxiety,POV: social anxiety feels harder than people realize. What do you relate to?,#socialanxiety #studentlife #relatable #growth,Wednesday,8,41,18682,9676,15618,1018,104,378,258,0.7668933070303472,328,0.18169,23.53,Low,Short,Text,Morning
POST-0849,2025-11-05,Instagram,Reel,Social Anxiety,POV: social anxiety feels harder than people realize. What do you relate to?,#socialanxiety #studentlife #relatable #growth,Wednesday,19,83,5023,4937,7683,120,27,25,111,0.49963714168537043,61,0.05732,11.51,Low,Long,Text,Evening
POST-0850,2025-07-05,Instagram,Reel,Student Life,POV: student life feels harder than people realize. What do you relate to?,#studentlife #studentlife #relatable #growth,Saturday,15,88,1102,1946,2907,73,27,19,77,0.5824965340772855,24,0.10072,14.9,Low,Long,Text,Afternoon
POST-0851,2025-07-28,Instagram,Reel,Friendship,POV: friendship feels harder than people realize. What do you relate to?,#friendship #studentlife #relatable #growth,Monday,13,56,14427,18981,34553,2725,204,481,250,0.5579098452176615,184,0.19282,15.02,Low,Short,Visual,Afternoon
POST-0852,2025-06-05,Instagram,Short Video,Productivity,POV: productivity feels harder than people realize. What do you relate to?,#productivity #studentlife #relatable #growth,Thursday,20,55,6303,8159,8646,299,82,91,216,0.5489716995339831,76,0.08432,22.23,Low,Short,Text,Evening
POST-0853,2025-09-11,YouTube,Short Video,Career Anxiety,POV: career anxiety feels harder than people realize. What do you relate to?,#careeranxiety #studentlife #relatable #growth,Thursday,21,19,8919,19634,36376,1112,338,512,514,0.7478157647162533,356,0.12611,20.61,Low,Short,Visual,Evening
POST-0854,2025-01-20,Instagram,Long Video,Career Anxiety,POV: career anxiety feels harder than people realize. What do you relate to?,#careeranxiety #studentlife #relatable #growth,Monday,19,57,4209,5470,7071,510,8,201,46,0.7843273396253616,148,0.13985,23.76,Low,Short,Visual,Evening
POST-0855,2025-07-05,YouTube,Carousel,Dating,POV: dating feels harder than people realize. What do you relate to?,#dating #studentlife #relatable #growth,Saturday,14,33,32499,48409,66228,2449,580,1182,1715,0.5717864554747469,1120,0.12242,25.39,Low,Short,Visual,Afternoon
POST-0856,2025-08-06,YouTube,Short Video,Digital Burnout,POV: digital burnout feels harder than people realize. What do you relate to?,#digitalburnout #studentlife #relatable #growth,Wednesday,15,280,6090,6410,10372,214,100,245,37,0.4326898073779928,178,0.09298,18.19,Low,Long,Visual,Afternoon
POST-0857,2025-05-12,YouTube,Image,Digital Burnout,POV: digital burnout feels harder than people realize. What do you relate to?,#digitalburnout #studentlife #relatable #growth,Monday,20,257,5511,10266,9281,301,98,156,238,0.39149338257350275,212,0.07725,20.39,Low,Long,Visual,Evening
POST-0858,2025-03-24,YouTube,Short Video,Academic Pressure,POV: academic pressure feels harder than people realize. What do you relate to?,#academicpressure #studentlife #relatable #growth,Monday,19,13,4484,3217,5675,525,66,167,125,0.5984192855718308,87,0.27448,28.95,Low,Short,Visual,Evening
POST-0859,2025-12-31,Instagram,Reel,Student Life,POV: student life feels harder than people realize. What do you relate to?,#studentlife #studentlife #relatable #growth,Wednesday,15,262,4909,8723,6113,270,31,46,63,0.6138035549256847,39,0.047,7.63,Low,Long,Text,Afternoon
POST-0860,2025-03-30,Instagram,Long Video,Student Life,POV: student life feels harder than people realize. What do you relate to?,#studentlife #studentlife #relatable #growth,Sunday,19,13,36546,75356,148643,9760,1610,2355,3605,0.5345623090178382,3224,0.22998,25.21,Low,Short,Visual,Evening
POST-0861,2025-10-27,Instagram,Short Video,Friendship,POV: friendship feels harder than people realize. What do you relate to?,#friendship #studentlife #relatable #growth,Monday,15,46,6330,8922,10541,749,95,234,142,0.6068755390878692,177,0.13674,20.83,Low,Short,Visual,Afternoon
POST-0862,2025-03-03,YouTube,Short Video,Digital Burnout,POV: digital burnout feels harder than people realize. What do you relate to?,#digitalburnout #studentlife #relatable #growth,Monday,21,30,8724,17567,28811,2346,116,921,815,0.4602108371547583,596,0.23897,30.18,Low,Short,Visual,Evening
POST-0863,2025-11-02,YouTube,Short Video,Student Life,POV: student life feels harder than people realize. What do you relate to?,#studentlife #studentlife #relatable #growth,Sunday,19,14,5481,6021,5177,143,16,128,68,0.8435872198270691,70,0.05896,20.12,Low,Short,Visual,Evening
POST-0864,2025-09-09,YouTube,Reel,Student Life,POV: student life feels harder than people realize. What do you relate to?,#studentlife #studentlife #relatable #growth,Tuesday,21,180,4035,5100,6188,270,35,106,102,0.4655365271906729,47,0.10059,15.6,Low,Long,Text,Evening
POST-0865,2025-01-31,Instagram,Reel,Friendship,POV: friendship feels harder than people realize. What do you relate to?,#friendship #studentlife #relatable #growth,Friday,14,180,17353,22391,32387,2119,43,400,790,0.4265025362702085,310,0.1497,18.31,Low,Long,Visual,Afternoon
POST-0866,2025-11-12,YouTube,Carousel,Friendship,POV: friendship feels harder than people realize. What do you relate to?,#friendship #studentlife #relatable #growth,Wednesday,13,27,6061,4705,5645,504,32,75,50,0.8500312149800394,44,0.14049,16.55,Low,Short,Text,Afternoon
POST-0867,2025-06-23,Instagram,Long Video,Friendship,POV: friendship feels harder than people realize. What do you relate to?,#friendship #studentlife #relatable #growth,Monday,19,25,5100,7082,10857,442,80,276,117,0.6669468996088078,215,0.1292,21.62,Low,Short,Text,Evening
POST-0868,2025-08-06,Instagram,Carousel,Academic Pressure,POV: academic pressure feels harder than people realize. What do you relate to?,#academicpressure #studentlife #relatable #growth,Wednesday,20,59,6595,12936,17568,1200,170,296,517,0.7044296535269312,255,0.16875,22.94,Low,Short,Text,Evening
POST-0869,2025-11-29,Instagram,Short Video,Dating,POV: dating feels harder than people realize. What do you relate to?,#dating #studentlife #relatable #growth,Saturday,15,73,8465,14271,23789,1575,271,320,472,0.6412314481592911,404,0.18485,19.99,Low,Long,Text,Afternoon
POST-0870,2025-10-10,YouTube,Short Video,Digital Burnout,POV: digital burnout feels harder than people realize. What do you relate to?,#digitalburnout #studentlife #relatable #growth,Friday,21,23,6085,9699,13813,764,97,370,213,0.7990117644568162,132,0.14888,22.95,Low,Short,Visual,Evening
POST-0871,2025-07-28,YouTube,Short Video,Dating,POV: dating feels harder than people realize. What do you relate to?,#dating #studentlife #relatable #growth,Monday,13,139,11767,18972,33892,2370,302,879,925,0.3444572289081647,860,0.23593,24.37,Low,Long,Visual,Afternoon
POST-0872,2025-12-01,Instagram,Image,Academic Pressure,POV: academic pressure feels harder than people realize. What do you relate to?,#academicpressure #studentlife #relatable #growth,Monday,21,270,2753,5893,4997,471,7,45,140,0.48782965535758255,62,0.11251,16.22,Low,Long,Visual,Evening
POST-0873,2025-11-10,YouTube,Short Video,Digital Burnout,POV: digital burnout feels harder than people realize. What do you relate to?,#digitalburnout #studentlife #relatable #growth,Monday,15,60,10988,11027,19931,997,233,53,235,0.6895742544627426,144,0.13766,9.77,Low,Short,Visual,Afternoon
POST-0874,2025-04-15,Instagram,Short Video,Social Anxiety,POV: social anxiety feels harder than people realize. What do you relate to?,#socialanxiety #studentlife #relatable #growth,Tuesday,19,173,18343,26287,40101,771,69,936,376,0.46115972246734976,424,0.08187,10.75,Low,Long,Text,Evening
POST-0875,2025-02-06,Instagram,Carousel,Productivity,POV: productivity feels harder than people realize. What do you relate to?,#productivity #studentlife #relatable #growth,Thursday,10,14,30462,11285,21220,315,128,281,627,0.7385472657138135,330,0.11972,28.34,Low,Short,Visual,Morning
POST-0876,2025-12-24,Instagram,Reel,Academic Pressure,POV: academic pressure feels harder than people realize. What do you relate to?,#academicpressure #studentlife #relatable #growth,Wednesday,21,23,6322,9189,17350,1521,207,219,446,0.5451066398751118,290,0.26042,22.56,Low,Short,Text,Evening
POST-0877,2025-09-12,Instagram,Carousel,Dating,POV: dating feels harder than people realize. What do you relate to?,#dating #studentlife #relatable #growth,Friday,15,22,8801,5294,7538,286,38,168,107,0.482102985495869,116,0.11315,18.23,Low,Short,Text,Afternoon
POST-0878,2025-07-02,Instagram,Short Video,Career Anxiety,POV: career anxiety feels harder than people realize. What do you relate to?,#careeranxiety #studentlife #relatable #growth,Wednesday,10,48,6683,6355,12140,467,144,163,181,0.5642935952933592,72,0.15028,21.03,Low,Short,Visual,Morning
POST-0879,2025-04-15,Instagram,Carousel,Career Anxiety,POV: career anxiety feels harder than people realize. What do you relate to?,#careeranxiety #studentlife #relatable #growth,Tuesday,20,141,23903,34977,50779,4454,238,822,1177,0.5278175786568025,586,0.1913,19.11,Low,Long,Visual,Evening
POST-0880,2025-11-10,Instagram,Reel,Career Anxiety,POV: career anxiety feels harder than people realize. What do you relate to?,#careeranxiety #studentlife #relatable #growth,Monday,13,215,2893,1839,2313,103,13,36,29,0.5563380191815293,23,0.09842,14.78,Low,Long,Text,Afternoon
POST-0881,2025-01-21,YouTube,Short Video,Social Anxiety,POV: social anxiety feels harder than people realize. What do you relate to?,#socialanxiety #studentlife #relatable #growth,Tuesday,10,25,6599,9306,7653,560,19,184,49,0.7117974045325784,89,0.08726,18.88,Low,Short,Text,Morning
POST-0882,2025-07-04,Instagram,Long Video,Social Anxiety,POV: social anxiety feels harder than people realize. What do you relate to?,#socialanxiety #studentlife #relatable #growth,Friday,21,12,8871,18416,34571,1406,386,214,261,0.6091085667833877,189,0.1231,15.78,Low,Short,Visual,Evening
POST-0883,2025-10-23,Instagram,Long Video,Digital Burnout,POV: digital burnout feels harder than people realize. What do you relate to?,#digitalburnout #studentlife #relatable #growth,Thursday,14,48,2080,979,1501,73,7,5,32,0.5365063532474244,11,0.11951,17.13,Low,Short,Visual,Afternoon
POST-0884,2025-09-11,Instagram,Image,Career Anxiety,POV: career anxiety feels harder than people realize. What do you relate to?,#careeranxiety #studentlife #relatable #growth,Thursday,8,243,2893,1854,1973,152,22,43,25,0.49173106575891645,31,0.13053,16.65,Low,Long,Text,Morning
POST-0885,2025-12-09,Instagram,Short Video,Academic Pressure,POV: academic pressure feels harder than people realize. What do you relate to?,#academicpressure #studentlife #relatable #growth,Tuesday,10,60,1694,3543,5893,195,65,101,94,0.6570214185500974,110,0.12842,19.72,Low,Short,Visual,Morning
POST-0886,2025-04-07,Instagram,Reel,Social Anxiety,POV: social anxiety feels harder than people realize. What do you relate to?,#socialanxiety #studentlife #relatable #growth,Monday,10,58,10177,18721,34462,2516,90,622,449,0.5841719345214715,487,0.19641,13.55,Low,Short,Text,Morning
POST-0887,2025-11-12,Instagram,Reel,Student Life,POV: student life feels harder than people realize. What do you relate to?,#studentlife #studentlife #relatable #growth,Wednesday,9,44,4241,6679,11018,964,20,191,255,0.6668569571974657,113,0.2141,25.07,Low,Short,Visual,Morning
POST-0888,2025-10-10,Instagram,Carousel,Career Anxiety,POV: career anxiety feels harder than people realize. What do you relate to?,#careeranxiety #studentlife #relatable #growth,Friday,14,60,6908,13447,21020,693,90,494,285,0.6085361469195633,156,0.11616,18.99,Low,Short,Text,Afternoon
POST-0889,2025-06-22,Instagram,Carousel,Career Anxiety,POV: career anxiety feels harder than people realize. What do you relate to?,#careeranxiety #studentlife #relatable #growth,Sunday,21,53,4128,8201,12934,505,84,292,112,0.8030142931858723,215,0.12108,21.86,Low,Short,Visual,Evening
POST-0890,2025-11-14,YouTube,Image,Social Anxiety,POV: social anxiety feels harder than people realize. What do you relate to?,#socialanxiety #studentlife #relatable #growth,Friday,19,33,1559,1248,1640,37,18,24,44,0.653869654612058,27,0.09856,21.02,Low,Short,Text,Evening
POST-0891,2025-01-04,YouTube,Reel,Career Anxiety,POV: career anxiety feels harder than people realize. What do you relate to?,#careeranxiety #studentlife #relatable #growth,Saturday,21,93,5937,8960,13348,318,104,158,170,0.43962448561449924,87,0.08371,15.14,Low,Long,Visual,Evening
POST-0892,2025-08-18,YouTube,Short Video,Career Anxiety,POV: career anxiety feels harder than people realize. What do you relate to?,#careeranxiety #studentlife #relatable #growth,Monday,20,97,2696,1565,2281,209,17,26,77,0.5211824552274932,51,0.21022,18.63,Low,Long,Text,Evening
POST-0893,2025-12-30,YouTube,Short Video,Dating,POV: dating feels harder than people realize. What do you relate to?,#dating #studentlife #relatable #growth,Tuesday,20,234,9155,4396,3202,57,18,74,62,0.386543540582905,60,0.048,16.65,Low,Long,Text,Evening
POST-0894,2025-09-12,Instagram,Reel,Friendship,POV: friendship feels harder than people realize. What do you relate to?,#friendship #studentlife #relatable #growth,Friday,15,227,10054,17425,24150,636,95,684,711,0.44087073770901275,418,0.12201,18.71,Low,Long,Visual,Afternoon
POST-0895,2025-11-10,Instagram,Carousel,Digital Burnout,POV: digital burnout feels harder than people realize. What do you relate to?,#digitalburnout #studentlife #relatable #growth,Monday,13,42,4678,8951,10027,689,97,104,227,0.7144844199733147,94,0.12479,22.73,Low,Short,Visual,Afternoon
POST-0896,2025-04-05,YouTube,Long Video,Social Anxiety,POV: social anxiety feels harder than people realize. What do you relate to?,#socialanxiety #studentlife #relatable #growth,Saturday,19,15,2901,2501,3450,238,36,57,96,0.4053613539111059,77,0.17073,17.51,Low,Short,Text,Evening
POST-0897,2025-07-13,YouTube,Short Video,Career Anxiety,POV: career anxiety feels harder than people realize. What do you relate to?,#careeranxiety #studentlife #relatable #growth,Sunday,20,28,5122,4979,8776,405,77,128,69,0.5532743058999,90,0.13637,17.06,Low,Short,Visual,Evening
POST-0898,2025-10-05,Instagram,Image,Social Anxiety,POV: social anxiety feels harder than people realize. What do you relate to?,#socialanxiety #studentlife #relatable #growth,Sunday,21,193,2111,2564,2502,194,24,16,51,0.5590016743022662,29,0.11115,13.88,Low,Long,Text,Evening
POST-0899,2025-06-08,YouTube,Short Video,Academic Pressure,POV: academic pressure feels harder than people realize. What do you relate to?,#academicpressure #studentlife #relatable #growth,Sunday,21,113,3506,3327,5947,410,45,34,101,0.46393977190769575,54,0.17734,10.98,Low,Long,Visual,Evening
POST-0900,2025-10-26,Instagram,Long Video,Academic Pressure,POV: academic pressure feels harder than people realize. What do you relate to?,#academicpressure #studentlife #relatable #growth,Sunday,13,38,2445,4785,6537,361,10,137,45,0.5918393371421765,51,0.11557,15.46,Low,Short,Text,Afternoon
POST-0901,2025-07-16,YouTube,Short Video,Career Anxiety,POV: career anxiety feels harder than people realize. What do you relate to?,#careeranxiety #studentlife #relatable #growth,Wednesday,15,40,3785,2440,3726,282,19,99,38,0.7871756115019442,59,0.17951,25.92,Low,Short,Visual,Afternoon
POST-0902,2025-11-12,YouTube,Short Video,Academic Pressure,POV: academic pressure feels harder than people realize. What do you relate to?,#academicpressure #studentlife #relatable #growth,Wednesday,10,132,4633,9460,12301,1167,101,191,48,0.5179327740509263,72,0.1593,11.83,Low,Long,Text,Morning
POST-0903,2025-12-28,Instagram,Short Video,Career Anxiety,POV: career anxiety feels harder than people realize. What do you relate to?,#careeranxiety #studentlife #relatable #growth,Sunday,19,54,16187,12326,19189,1157,175,68,265,0.5531013534747745,170,0.13508,13.24,Low,Short,Visual,Evening
POST-0904,2025-08-12,YouTube,Short Video,Friendship,POV: friendship feels harder than people realize. What do you relate to?,#friendship #studentlife #relatable #growth,Tuesday,9,87,10898,14007,23372,602,213,408,243,0.25809042236515467,328,0.10466,11.89,Low,Long,Text,Morning
POST-0905,2025-10-10,Instagram,Long Video,Dating,POV: dating feels harder than people realize. What do you relate to?,#dating #studentlife #relatable #growth,Friday,19,191,2563,4489,5232,426,56,43,54,0.3521223918652215,33,0.12898,12.2,Low,Long,Visual,Evening
POST-0906,2025-01-22,YouTube,Short Video,Student Life,POV: student life feels harder than people realize. What do you relate to?,#studentlife #studentlife #relatable #growth,Wednesday,14,276,6319,5088,4914,106,31,31,57,0.5800255341678202,25,0.04422,10.12,Low,Long,Text,Afternoon
POST-0907,2025-04-02,Instagram,Short Video,Productivity,POV: productivity feels harder than people realize. What do you relate to?,#productivity #studentlife #relatable #growth,Wednesday,21,29,3076,1086,1546,88,15,9,25,0.36439128274897753,17,0.12615,14.44,Low,Short,Visual,Evening
POST-0908,2025-12-24,YouTube,Carousel,Academic Pressure,POV: academic pressure feels harder than people realize. What do you relate to?,#academicpressure #studentlife #relatable #growth,Wednesday,21,34,7382,9917,8462,549,13,191,103,0.75151427284371,63,0.08632,26.08,Low,Short,Visual,Evening
POST-0909,2025-05-07,Instagram,Carousel,Productivity,POV: productivity feels harder than people realize. What do you relate to?,#productivity #studentlife #relatable #growth,Wednesday,8,256,6230,11974,8570,410,80,202,168,0.3542373742471647,121,0.07182,17.97,Low,Long,Text,Morning
POST-0910,2025-05-13,Instagram,Short Video,Digital Burnout,POV: digital burnout feels harder than people realize. What do you relate to?,#digitalburnout #studentlife #relatable #growth,Tuesday,21,51,10389,12956,24121,1481,255,198,654,0.6614603659388387,271,0.19975,22.85,Low,Short,Text,Evening
POST-0911,2025-06-06,Instagram,Carousel,Dating,POV: dating feels harder than people realize. What do you relate to?,#dating #studentlife #relatable #growth,Friday,9,55,12760,5039,4625,208,17,23,88,0.8076631176621519,46,0.06668,18.4,Low,Short,Text,Morning
POST-0912,2025-02-16,Instagram,Long Video,Student Life,POV: student life feels harder than people realize. What do you relate to?,#studentlife #studentlife #relatable #growth,Sunday,19,50,8220,6818,10871,301,29,68,161,0.7393963032992562,39,0.08199,15.64,Low,Short,Visual,Evening
POST-0913,2025-07-21,YouTube,Short Video,Academic Pressure,POV: academic pressure feels harder than people realize. What do you relate to?,#academicpressure #studentlife #relatable #growth,Monday,19,32,2551,5669,7576,592,8,166,46,0.4966753755564143,51,0.14324,16.41,Low,Short,Text,Evening
POST-0914,2025-12-12,YouTube,Short Video,Productivity,POV: productivity feels harder than people realize. What do you relate to?,#productivity #studentlife #relatable #growth,Friday,21,34,3883,7287,9037,206,13,160,264,0.8504353886278626,133,0.08824,24.47,Low,Short,Text,Evening
POST-0915,2025-04-23,Instagram,Short Video,Student Life,POV: student life feels harder than people realize. What do you relate to?,#studentlife #studentlife #relatable #growth,Wednesday,19,12,8723,7591,9330,442,12,74,223,0.8866164685571334,74,0.09893,18.0,Low,Short,Text,Evening
POST-0916,2025-01-10,Instagram,Carousel,Productivity,POV: productivity feels harder than people realize. What do you relate to?,#productivity #studentlife #relatable #growth,Friday,19,13,10583,12646,22158,1001,94,163,647,0.7869479403678482,161,0.15064,21.3,Low,Short,Text,Evening
POST-0917,2025-07-10,YouTube,Short Video,Social Anxiety,POV: social anxiety feels harder than people realize. What do you relate to?,#socialanxiety #studentlife #relatable #growth,Thursday,8,39,14811,22973,21406,1029,24,324,533,0.5599169571380731,277,0.08314,21.24,Low,Short,Visual,Morning
POST-0918,2025-11-14,YouTube,Short Video,Friendship,POV: friendship feels harder than people realize. What do you relate to?,#friendship #studentlife #relatable #growth,Friday,13,49,6583,5870,5901,115,69,84,133,0.6127171758882103,103,0.06831,18.49,Low,Short,Text,Afternoon
POST-0919,2025-12-17,YouTube,Short Video,Student Life,POV: student life feels harder than people realize. What do you relate to?,#studentlife #studentlife #relatable #growth,Wednesday,21,262,2074,3782,4427,381,33,14,99,0.3480479654544111,55,0.13934,13.7,Low,Long,Visual,Evening
POST-0920,2025-06-23,Instagram,Long Video,Dating,POV: dating feels harder than people realize. What do you relate to?,#dating #studentlife #relatable #growth,Monday,19,264,9693,5664,5301,362,56,91,32,0.5485448724180538,42,0.09552,15.14,Low,Long,Text,Evening
POST-0921,2025-11-14,YouTube,Short Video,Academic Pressure,POV: academic pressure feels harder than people realize. What do you relate to?,#academicpressure #studentlife #relatable #growth,Friday,13,56,5402,6704,8541,349,85,197,144,0.6493351519121559,186,0.1156,24.29,Low,Short,Visual,Afternoon
POST-0922,2025-12-13,YouTube,Reel,Student Life,POV: student life feels harder than people realize. What do you relate to?,#studentlife #studentlife #relatable #growth,Saturday,15,127,3110,5417,5582,378,41,143,88,0.271469862782223,61,0.11999,16.06,Low,Long,Visual,Afternoon
POST-0923,2025-08-24,Instagram,Reel,Career Anxiety,POV: career anxiety feels harder than people realize. What do you relate to?,#careeranxiety #studentlife #relatable #growth,Sunday,20,280,2932,6035,5011,323,54,26,69,0.5097015426966117,42,0.07821,15.76,Low,Long,Visual,Evening
POST-0924,2025-01-27,Instagram,Long Video,Dating,POV: dating feels harder than people realize. What do you relate to?,#dating #studentlife #relatable #growth,Monday,21,238,3510,6151,11339,393,133,212,88,0.6053299966650886,127,0.13429,17.47,Low,Long,Visual,Evening
POST-0925,2025-08-19,Instagram,Long Video,Dating,POV: dating feels harder than people realize. What do you relate to?,#dating #studentlife #relatable #growth,Tuesday,8,274,4243,6006,8659,466,76,142,47,0.4803212553011869,69,0.12171,14.87,Low,Long,Text,Morning
POST-0926,2025-10-05,YouTube,Short Video,Digital Burnout,POV: digital burnout feels harder than people realize. What do you relate to?,#digitalburnout #studentlife #relatable #growth,Sunday,14,49,4751,6745,7532,249,73,131,217,0.6076516194420835,153,0.09933,28.69,Low,Short,Visual,Afternoon
POST-0927,2025-09-29,Instagram,Carousel,Career Anxiety,POV: career anxiety feels harder than people realize. What do you relate to?,#careeranxiety #studentlife #relatable #growth,Monday,20,13,2788,4770,6195,339,64,46,92,0.8357239805353764,78,0.11342,18.39,Low,Short,Text,Evening
POST-0928,2025-04-23,YouTube,Short Video,Friendship,POV: friendship feels harder than people realize. What do you relate to?,#friendship #studentlife #relatable #growth,Wednesday,9,27,16830,10613,18452,1081,189,132,142,0.442618775365148,105,0.14548,12.83,Low,Short,Visual,Morning
POST-0929,2025-03-26,Instagram,Image,Student Life,POV: student life feels harder than people realize. What do you relate to?,#studentlife #studentlife #relatable #growth,Wednesday,20,45,4833,7038,13571,694,67,77,389,0.7350312896932815,226,0.17434,21.13,Low,Short,Visual,Evening
POST-0930,2025-01-13,YouTube,Short Video,Social Anxiety,POV: social anxiety feels harder than people realize. What do you relate to?,#socialanxiety #studentlife #relatable #growth,Monday,20,204,5509,5182,6010,156,13,52,138,0.47292904528052865,55,0.06928,13.39,Low,Long,Text,Evening
POST-0931,2025-09-01,Instagram,Short Video,Productivity,POV: productivity feels harder than people realize. What do you relate to?,#productivity #studentlife #relatable #growth,Monday,19,31,4816,4984,8970,720,35,34,187,0.7100406324038451,53,0.19583,21.26,Low,Short,Visual,Evening
POST-0932,2025-06-01,YouTube,Short Video,Academic Pressure,POV: academic pressure feels harder than people realize. What do you relate to?,#academicpressure #studentlife #relatable #growth,Sunday,19,290,2312,1688,1335,56,5,23,35,0.3925865505430358,29,0.0705,18.08,Low,Long,Text,Evening
POST-0933,2025-11-03,Instagram,Carousel,Dating,POV: dating feels harder than people realize. What do you relate to?,#dating #studentlife #relatable #growth,Monday,9,44,20192,30098,46339,1678,428,1028,438,0.5094442620644124,674,0.11868,19.66,Low,Short,Visual,Morning
POST-0934,2025-06-14,YouTube,Short Video,Dating,POV: dating feels harder than people realize. What do you relate to?,#dating #studentlife #relatable #growth,Saturday,14,36,12630,18362,29094,1521,129,308,672,0.6188227013833478,216,0.14323,20.53,Low,Short,Visual,Afternoon
POST-0935,2025-01-15,Instagram,Long Video,Productivity,POV: productivity feels harder than people realize. What do you relate to?,#productivity #studentlife #relatable #growth,Wednesday,13,280,12867,18943,31303,1849,307,127,1039,0.5599726470182527,546,0.17537,16.01,Low,Long,Text,Afternoon
POST-0936,2025-10-03,Instagram,Short Video,Social Anxiety,POV: social anxiety feels harder than people realize. What do you relate to?,#socialanxiety #studentlife #relatable #growth,Friday,21,19,12783,6150,9992,298,28,101,283,0.7454131302517177,128,0.11545,20.51,Low,Short,Text,Evening
POST-0937,2025-01-10,Instagram,Long Video,Productivity,POV: productivity feels harder than people realize. What do you relate to?,#productivity #studentlife #relatable #growth,Friday,13,17,2942,5014,3946,237,42,28,110,0.48188121095156344,66,0.08317,16.99,Low,Short,Visual,Afternoon
POST-0938,2025-09-24,YouTube,Short Video,Digital Burnout,POV: digital burnout feels harder than people realize. What do you relate to?,#digitalburnout #studentlife #relatable #growth,Wednesday,19,35,4064,7773,9536,223,85,147,260,0.46256851265439447,101,0.09199,23.3,Low,Short,Text,Evening
POST-0939,2025-09-13,Instagram,Reel,Digital Burnout,POV: digital burnout feels harder than people realize. What do you relate to?,#digitalburnout #studentlife #relatable #growth,Saturday,19,40,27617,22494,35405,2942,283,342,677,0.6005119976113131,508,0.18867,12.51,Low,Short,Text,Evening
POST-0940,2025-06-01,YouTube,Short Video,Dating,POV: dating feels harder than people realize. What do you relate to?,#dating #studentlife #relatable #growth,Sunday,21,170,2517,4001,5962,116,66,70,62,0.41346075068452254,32,0.07848,15.27,Low,Long,Visual,Evening
POST-0941,2025-07-26,Instagram,Short Video,Digital Burnout,POV: digital burnout feels harder than people realize. What do you relate to?,#digitalburnout #studentlife #relatable #growth,Saturday,19,116,6285,10059,9720,603,32,306,172,0.46470540217946804,121,0.11065,21.18,Low,Long,Visual,Evening
POST-0942,2025-04-13,Instagram,Image,Friendship,POV: friendship feels harder than people realize. What do you relate to?,#friendship #studentlife #relatable #growth,Sunday,13,19,3548,7253,12014,552,12,109,253,0.7266139487518646,97,0.12767,20.4,Low,Short,Text,Afternoon
POST-0943,2025-11-24,Instagram,Short Video,Dating,POV: dating feels harder than people realize. What do you relate to?,#dating #studentlife #relatable #growth,Monday,21,51,12386,10477,11394,203,129,139,261,0.6192568766588076,123,0.06987,23.24,Low,Short,Visual,Evening
POST-0944,2025-04-11,Instagram,Reel,Career Anxiety,POV: career anxiety feels harder than people realize. What do you relate to?,#careeranxiety #studentlife #relatable #growth,Friday,19,56,9703,5824,8469,290,65,52,152,0.49652940506215487,55,0.09598,18.24,Low,Short,Visual,Evening
POST-0945,2025-10-23,YouTube,Short Video,Dating,POV: dating feels harder than people realize. What do you relate to?,#dating #studentlife #relatable #growth,Thursday,21,60,11228,11230,10266,548,111,86,77,0.4896825940026151,59,0.0732,11.08,Low,Short,Text,Evening
POST-0946,2025-09-19,YouTube,Short Video,Student Life,POV: student life feels harder than people realize. What do you relate to?,#studentlife #studentlife #relatable #growth,Friday,19,94,13183,26074,29455,1994,94,477,100,0.48344377308952724,240,0.10221,11.07,Low,Long,Text,Evening
POST-0947,2025-08-31,YouTube,Long Video,Social Anxiety,POV: social anxiety feels harder than people realize. What do you relate to?,#socialanxiety #studentlife #relatable #growth,Sunday,10,284,11406,8611,10298,544,118,166,117,0.3706282124563857,166,0.10974,15.46,Low,Long,Text,Morning
POST-0948,2025-06-24,Instagram,Image,Productivity,POV: productivity feels harder than people realize. What do you relate to?,#productivity #studentlife #relatable #growth,Tuesday,14,282,7442,7049,10983,330,125,251,155,0.4775998215183944,139,0.12214,21.2,Low,Long,Visual,Afternoon
POST-0949,2025-10-26,Instagram,Reel,Productivity,POV: productivity feels harder than people realize. What do you relate to?,#productivity #studentlife #relatable #growth,Sunday,19,14,7128,3003,2601,80,14,49,81,0.5357676412841249,47,0.07459,20.65,Low,Short,Text,Evening
POST-0950,2025-02-05,Instagram,Short Video,Academic Pressure,POV: academic pressure feels harder than people realize. What do you relate to?,#academicpressure #studentlife #relatable #growth,Wednesday,8,112,1843,1160,963,24,7,11,30,0.5641394061791315,17,0.06207,21.41,Low,Long,Visual,Morning
POST-0951,2025-09-20,Instagram,Reel,Academic Pressure,POV: academic pressure feels harder than people realize. What do you relate to?,#academicpressure #studentlife #relatable #growth,Saturday,13,26,1818,1255,1846,92,22,11,51,0.4710257644937209,31,0.14024,18.87,Low,Short,Text,Afternoon
POST-0952,2025-12-31,Instagram,Long Video,Academic Pressure,POV: academic pressure feels harder than people realize. What do you relate to?,#academicpressure #studentlife #relatable #growth,Wednesday,10,30,4047,3701,5336,185,49,24,121,0.5018910570223898,47,0.1024,17.39,Low,Short,Visual,Morning
POST-0953,2025-06-14,YouTube,Short Video,Student Life,POV: student life feels harder than people realize. What do you relate to?,#studentlife #studentlife #relatable #growth,Saturday,13,20,10768,5957,11496,277,77,32,217,0.6506439341216671,122,0.10123,17.55,Low,Short,Text,Afternoon
POST-0954,2025-03-25,YouTube,Short Video,Digital Burnout,POV: digital burnout feels harder than people realize. What do you relate to?,#digitalburnout #studentlife #relatable #growth,Tuesday,20,39,32360,60024,96797,4488,734,1840,2069,0.71018998269744,1569,0.15212,17.26,Low,Short,Text,Evening
POST-0955,2025-11-26,Instagram,Short Video,Student Life,POV: student life feels harder than people realize. What do you relate to?,#studentlife #studentlife #relatable #growth,Wednesday,19,42,3991,5846,10331,589,51,27,100,0.7835177291608691,66,0.1312,16.29,Low,Short,Visual,Evening
POST-0956,2025-01-21,YouTube,Short Video,Career Anxiety,POV: career anxiety feels harder than people realize. What do you relate to?,#careeranxiety #studentlife #relatable #growth,Tuesday,14,25,1784,1464,2346,193,18,10,28,0.5498550640602775,9,0.17008,12.92,Low,Short,Text,Afternoon
POST-0957,2025-09-06,Instagram,Reel,Productivity,POV: productivity feels harder than people realize. What do you relate to?,#productivity #studentlife #relatable #growth,Saturday,20,50,4301,4199,6697,235,22,132,28,0.6631318906279301,69,0.09931,16.48,Low,Short,Text,Evening
POST-0958,2025-07-21,Instagram,Carousel,Social Anxiety,POV: social anxiety feels harder than people realize. What do you relate to?,#socialanxiety #studentlife #relatable #growth,Monday,8,43,7492,3061,4572,396,14,31,51,0.6195536401894527,41,0.16073,15.09,Low,Short,Text,Morning
POST-0959,2025-08-29,Instagram,Image,Productivity,POV: productivity feels harder than people realize. What do you relate to?,#productivity #studentlife #relatable #growth,Friday,9,50,4276,3986,6087,149,65,117,195,0.6497359469423579,138,0.13196,26.99,Low,Short,Text,Morning
POST-0960,2025-06-02,Instagram,Short Video,Friendship,POV: friendship feels harder than people realize. What do you relate to?,#friendship #studentlife #relatable #growth,Monday,9,32,9734,6117,8265,508,23,154,193,0.6702124313490958,168,0.14353,21.85,Low,Short,Visual,Morning
POST-0961,2025-08-10,YouTube,Short Video,Social Anxiety,POV: social anxiety feels harder than people realize. What do you relate to?,#socialanxiety #studentlife #relatable #growth,Sunday,14,49,3955,5661,10617,303,103,219,312,0.5837484761974667,144,0.16552,29.61,Low,Short,Visual,Afternoon
POST-0962,2025-03-03,Instagram,Short Video,Academic Pressure,POV: academic pressure feels harder than people realize. What do you relate to?,#academicpressure #studentlife #relatable #growth,Monday,19,20,3072,1256,2098,144,11,6,59,0.760668456183653,13,0.17516,19.86,Low,Short,Text,Evening
POST-0963,2025-11-20,YouTube,Short Video,Digital Burnout,POV: digital burnout feels harder than people realize. What do you relate to?,#digitalburnout #studentlife #relatable #growth,Thursday,13,45,5338,11343,19082,332,149,89,526,0.6526095239521118,299,0.09662,17.22,Low,Short,Text,Afternoon
POST-0964,2025-01-27,Instagram,Image,Productivity,POV: productivity feels harder than people realize. What do you relate to?,#productivity #studentlife #relatable #growth,Monday,10,198,6725,14216,17601,1180,134,157,115,0.5465231885998761,149,0.11156,6.42,Low,Long,Text,Morning
POST-0965,2025-05-02,YouTube,Long Video,Student Life,POV: student life feels harder than people realize. What do you relate to?,#studentlife #studentlife #relatable #growth,Friday,10,25,3256,5380,10240,497,70,69,222,0.9318833773748664,136,0.15948,21.87,Low,Short,Visual,Morning
POST-0966,2025-08-20,Instagram,Long Video,Academic Pressure,POV: academic pressure feels harder than people realize. What do you relate to?,#academicpressure #studentlife #relatable #growth,Wednesday,9,55,5959,9510,7610,451,65,105,110,0.6958901266557085,45,0.07687,19.38,Low,Short,Text,Morning
POST-0967,2025-07-23,Instagram,Carousel,Friendship,POV: friendship feels harder than people realize. What do you relate to?,#friendship #studentlife #relatable #growth,Wednesday,13,36,10630,9248,10063,450,66,126,109,0.7429877008330568,46,0.08121,21.39,Low,Short,Visual,Afternoon
POST-0968,2025-11-25,Instagram,Image,Social Anxiety,POV: social anxiety feels harder than people realize. What do you relate to?,#socialanxiety #studentlife #relatable #growth,Tuesday,21,51,14991,28730,22781,1334,121,71,429,0.8548553738765703,168,0.06805,21.7,Low,Short,Visual,Evening
POST-0969,2025-09-27,Instagram,Reel,Social Anxiety,POV: social anxiety feels harder than people realize. What do you relate to?,#socialanxiety #studentlife #relatable #growth,Saturday,20,31,2673,5329,10251,453,87,34,229,0.5511009084696352,45,0.15068,16.82,Low,Short,Text,Evening
POST-0970,2025-10-24,YouTube,Carousel,Dating,POV: dating feels harder than people realize. What do you relate to?,#dating #studentlife #relatable #growth,Friday,15,221,8999,3816,3655,212,16,89,20,0.5093364727642689,57,0.08831,17.58,Low,Long,Text,Afternoon
POST-0971,2025-01-10,YouTube,Short Video,Dating,POV: dating feels harder than people realize. What do you relate to?,#dating #studentlife #relatable #growth,Friday,20,37,13212,12793,19192,1458,170,97,471,0.4509285890158465,165,0.17166,14.11,Low,Short,Text,Evening
POST-0972,2025-11-17,Instagram,Reel,Digital Burnout,POV: digital burnout feels harder than people realize. What do you relate to?,#digitalburnout #studentlife #relatable #growth,Monday,21,58,13394,19144,28384,645,318,304,324,0.6747149487543935,175,0.08311,12.36,Low,Short,Text,Evening
POST-0973,2025-08-03,YouTube,Short Video,Productivity,POV: productivity feels harder than people realize. What do you relate to?,#productivity #studentlife #relatable #growth,Sunday,15,25,7903,3999,6449,271,68,73,216,0.4726164289348354,117,0.15704,23.73,Low,Short,Text,Afternoon
POST-0974,2025-01-19,YouTube,Short Video,Digital Burnout,POV: digital burnout feels harder than people realize. What do you relate to?,#digitalburnout #studentlife #relatable #growth,Sunday,14,58,21712,36704,71770,6329,854,1203,1731,0.5774086432896899,585,0.27564,23.38,Low,Short,Text,Afternoon
POST-0975,2025-12-07,Instagram,Carousel,Dating,POV: dating feels harder than people realize. What do you relate to?,#dating #studentlife #relatable #growth,Sunday,20,82,13317,6714,7728,295,65,197,196,0.4693507036037662,100,0.11215,25.03,Low,Long,Visual,Evening
POST-0976,2025-11-03,Instagram,Image,Social Anxiety,POV: social anxiety feels harder than people realize. What do you relate to?,#socialanxiety #studentlife #relatable #growth,Monday,8,58,3607,1266,1821,78,10,49,36,0.5553038770099913,24,0.13665,24.74,Low,Short,Visual,Morning
POST-0977,2025-02-25,Instagram,Long Video,Student Life,POV: student life feels harder than people realize. What do you relate to?,#studentlife #studentlife #relatable #growth,Tuesday,19,56,6496,11738,9547,617,100,223,205,0.7167586911234635,144,0.09755,21.55,Low,Short,Text,Evening
POST-0978,2025-08-19,YouTube,Short Video,Academic Pressure,POV: academic pressure feels harder than people realize. What do you relate to?,#academicpressure #studentlife #relatable #growth,Tuesday,8,17,11095,20444,18368,1257,69,333,196,0.6872518812507326,145,0.09074,17.11,Low,Short,Text,Morning
POST-0979,2025-01-21,Instagram,Short Video,Digital Burnout,POV: digital burnout feels harder than people realize. What do you relate to?,#digitalburnout #studentlife #relatable #growth,Tuesday,19,45,2707,3293,6107,417,25,38,142,0.7178256868385106,64,0.18889,17.75,Low,Short,Visual,Evening
POST-0980,2025-10-25,Instagram,Short Video,Friendship,POV: friendship feels harder than people realize. What do you relate to?,#friendship #studentlife #relatable #growth,Saturday,19,114,3772,3464,5556,278,38,102,86,0.3664052250096501,99,0.1455,12.29,Low,Long,Text,Evening
POST-0981,2025-01-13,YouTube,Short Video,Social Anxiety,POV: social anxiety feels harder than people realize. What do you relate to?,#socialanxiety #studentlife #relatable #growth,Monday,10,123,5071,8562,12437,615,40,301,73,0.5801320985337235,166,0.12018,14.31,Low,Long,Text,Morning
POST-0982,2025-09-12,YouTube,Short Video,Digital Burnout,POV: digital burnout feels harder than people realize. What do you relate to?,#digitalburnout #studentlife #relatable #growth,Friday,14,280,3845,2076,1727,136,6,24,38,0.370778032176912,18,0.09827,15.31,Low,Long,Text,Afternoon
POST-0983,2025-09-17,Instagram,Short Video,Student Life,POV: student life feels harder than people realize. What do you relate to?,#studentlife #studentlife #relatable #growth,Wednesday,19,268,13344,30713,28726,2596,232,893,857,0.6602419494540269,850,0.14906,32.08,Low,Long,Visual,Evening
POST-0984,2025-07-01,YouTube,Short Video,Career Anxiety,POV: career anxiety feels harder than people realize. What do you relate to?,#careeranxiety #studentlife #relatable #growth,Tuesday,21,26,6163,13099,13141,779,24,408,245,0.7195923579268724,170,0.11115,26.51,Low,Short,Visual,Evening
POST-0985,2025-11-25,Instagram,Reel,Academic Pressure,POV: academic pressure feels harder than people realize. What do you relate to?,#academicpressure #studentlife #relatable #growth,Tuesday,14,49,13653,17327,34229,1729,395,773,904,0.8169018099467045,799,0.21937,28.36,Low,Short,Text,Afternoon
POST-0986,2025-05-07,Instagram,Image,Career Anxiety,POV: career anxiety feels harder than people realize. What do you relate to?,#careeranxiety #studentlife #relatable #growth,Wednesday,19,58,9254,19192,20456,405,117,285,273,0.5251124102620147,247,0.05627,13.03,Low,Short,Text,Evening
POST-0987,2025-03-18,Instagram,Long Video,Social Anxiety,POV: social anxiety feels harder than people realize. What do you relate to?,#socialanxiety #studentlife #relatable #growth,Tuesday,8,46,3862,7506,12635,485,13,245,136,0.5350290139590517,108,0.11711,15.61,Low,Short,Visual,Morning
POST-0988,2025-05-24,Instagram,Reel,Social Anxiety,POV: social anxiety feels harder than people realize. What do you relate to?,#socialanxiety #studentlife #relatable #growth,Saturday,20,15,5573,11974,19185,730,96,396,189,0.5389614922082421,151,0.11784,20.96,Low,Short,Visual,Evening
POST-0989,2025-10-15,Instagram,Long Video,Friendship,POV: friendship feels harder than people realize. What do you relate to?,#friendship #studentlife #relatable #growth,Wednesday,20,283,5098,5784,5583,482,54,55,160,0.2818073730946902,40,0.12984,14.24,Low,Long,Text,Evening
POST-0990,2025-05-23,Instagram,Image,Academic Pressure,POV: academic pressure feels harder than people realize. What do you relate to?,#academicpressure #studentlife #relatable #growth,Friday,21,170,4339,9130,10402,513,91,256,105,0.5586905948181707,99,0.1057,17.89,Low,Long,Text,Evening
POST-0991,2025-03-21,YouTube,Long Video,Digital Burnout,POV: digital burnout feels harder than people realize. What do you relate to?,#digitalburnout #studentlife #relatable #growth,Friday,10,16,3280,2836,2394,60,12,31,36,0.6835013368907823,33,0.04901,16.78,Low,Short,Text,Morning
POST-0992,2025-03-31,Instagram,Reel,Social Anxiety,POV: social anxiety feels harder than people realize. What do you relate to?,#socialanxiety #studentlife #relatable #growth,Monday,20,210,5038,2561,2038,153,7,53,49,0.15,21,0.1023,16.89,Low,Long,Text,Evening
POST-0993,2025-09-07,Instagram,Reel,Student Life,POV: student life feels harder than people realize. What do you relate to?,#studentlife #studentlife #relatable #growth,Sunday,19,129,3524,7611,12644,246,16,84,241,0.3494394500320448,141,0.07713,10.11,Low,Long,Visual,Evening
POST-0994,2025-06-25,YouTube,Carousel,Productivity,POV: productivity feels harder than people realize. What do you relate to?,#productivity #studentlife #relatable #growth,Wednesday,10,40,15023,12080,11367,373,81,118,296,0.5126327773246246,155,0.07185,19.03,Low,Short,Visual,Morning
POST-0995,2025-09-26,Instagram,Image,Friendship,POV: friendship feels harder than people realize. What do you relate to?,#friendship #studentlife #relatable #growth,Friday,21,36,2529,910,1473,97,8,27,27,0.6755681553291126,14,0.17473,20.33,Low,Short,Text,Evening
POST-0996,2025-12-26,Instagram,Reel,Career Anxiety,POV: career anxiety feels harder than people realize. What do you relate to?,#careeranxiety #studentlife #relatable #growth,Friday,14,275,21658,48458,42611,1347,242,1049,275,0.3336296696351331,729,0.06011,10.4,Low,Long,Text,Afternoon
POST-0997,2025-01-06,YouTube,Reel,Academic Pressure,POV: academic pressure feels harder than people realize. What do you relate to?,#academicpressure #studentlife #relatable #growth,Monday,20,124,12409,17951,14242,1170,41,332,252,0.4651042956103142,124,0.09999,19.75,Low,Long,Visual,Evening
POST-0998,2025-01-30,YouTube,Short Video,Friendship,POV: friendship feels harder than people realize. What do you relate to?,#friendship #studentlife #relatable #growth,Thursday,9,55,2454,1077,2084,137,6,49,53,0.5947750542416153,54,0.22748,32.29,Low,Short,Visual,Morning
POST-0999,2025-02-24,Instagram,Reel,Social Anxiety,POV: social anxiety feels harder than people realize. What do you relate to?,#socialanxiety #studentlife #relatable #growth,Monday,15,57,3482,1543,3054,116,18,65,64,0.6729246923976249,46,0.17045,24.96,Low,Short,Visual,Afternoon
POST-1000,2025-04-09,Instagram,Image,Student Life,POV: student life feels harder than people realize. What do you relate to?,#studentlife #studentlife #relatable #growth,Wednesday,15,43,3782,4518,4097,136,22,30,90,0.5605259225534026,38,0.06153,19.18,Low,Short,Visual,Afternoon
POST-1001,2025-12-17,Instagram,Long Video,Career Anxiety,POV: career anxiety feels harder than people realize. What do you relate to?,#careeranxiety #studentlife #relatable #growth,Wednesday,19,290,12841,24807,46359,1079,554,943,1013,0.31469915245662666,684,0.14468,15.08,Low,Long,Text,Evening
POST-1002,2025-02-21,Instagram,Reel,Career Anxiety,POV: career anxiety feels harder than people realize. What do you relate to?,#careeranxiety #studentlife #relatable #growth,Friday,8,36,3882,6516,5791,219,44,135,160,0.7762597127655051,135,0.08564,27.43,Low,Short,Text,Morning
POST-1003,2025-07-15,Instagram,Short Video,Dating,POV: dating feels harder than people realize. What do you relate to?,#dating #studentlife #relatable #growth,Tuesday,20,223,13595,4691,7074,315,71,227,91,0.4339193658786231,67,0.15007,22.93,Low,Long,Visual,Evening
POST-1004,2025-10-06,Instagram,Carousel,Career Anxiety,POV: career anxiety feels harder than people realize. What do you relate to?,#careeranxiety #studentlife #relatable #growth,Monday,19,142,6101,13805,13255,1187,80,158,61,0.3526647638246635,84,0.10764,10.99,Low,Long,Visual,Evening
POST-1005,2025-11-22,Instagram,Long Video,Productivity,POV: productivity feels harder than people realize. What do you relate to?,#productivity #studentlife #relatable #growth,Saturday,15,43,7955,14509,13271,244,64,381,181,0.6762836793867409,299,0.05996,19.9,Low,Short,Visual,Afternoon
POST-1006,2025-08-26,Instagram,Reel,Social Anxiety,POV: social anxiety feels harder than people realize. What do you relate to?,#socialanxiety #studentlife #relatable #growth,Tuesday,9,36,11737,23757,31512,642,127,419,590,0.46130137734188814,381,0.07484,15.1,Low,Short,Visual,Morning
POST-1007,2025-06-29,Instagram,Reel,Friendship,POV: friendship feels harder than people realize. What do you relate to?,#friendship #studentlife #relatable #growth,Sunday,19,26,11076,12073,20434,553,191,394,585,0.7277758223612412,368,0.14272,23.28,Low,Short,Text,Evening
POST-1008,2025-12-27,Instagram,Carousel,Productivity,POV: productivity feels harder than people realize. What do you relate to?,#productivity #studentlife #relatable #growth,Saturday,15,47,24074,29269,47557,1838,112,267,195,0.6232002791542269,226,0.08241,10.43,Low,Short,Visual,Afternoon
POST-1009,2025-05-09,YouTube,Short Video,Productivity,POV: productivity feels harder than people realize. What do you relate to?,#productivity #studentlife #relatable #growth,Friday,10,300,6562,5755,10788,814,33,181,188,0.3779534039929632,81,0.21129,14.79,Low,Long,Text,Morning
POST-1010,2025-12-13,Instagram,Image,Productivity,POV: productivity feels harder than people realize. What do you relate to?,#productivity #studentlife #relatable #growth,Saturday,20,52,1843,3282,6109,241,23,177,48,0.636831829673901,50,0.14899,21.49,Low,Short,Visual,Evening
POST-1011,2025-12-31,Instagram,Image,Social Anxiety,POV: social anxiety feels harder than people realize. What do you relate to?,#socialanxiety #studentlife #relatable #growth,Wednesday,19,254,4633,3458,6681,492,67,111,153,0.4598334033641689,85,0.238,19.68,Low,Long,Visual,Evening
POST-1012,2025-05-11,YouTube,Carousel,Productivity,POV: productivity feels harder than people realize. What do you relate to?,#productivity #studentlife #relatable #growth,Sunday,9,183,6502,6656,8643,475,71,44,98,0.4333600935303143,66,0.10337,12.17,Low,Long,Visual,Morning
POST-1013,2025-12-28,Instagram,Short Video,Digital Burnout,POV: digital burnout feels harder than people realize. What do you relate to?,#digitalburnout #studentlife #relatable #growth,Sunday,19,127,16770,32635,34832,2093,79,377,260,0.5676328601701329,199,0.08607,12.5,Low,Long,Visual,Evening
POST-1014,2025-02-01,Instagram,Image,Career Anxiety,POV: career anxiety feels harder than people realize. What do you relate to?,#careeranxiety #studentlife #relatable #growth,Saturday,20,16,13419,9591,16864,949,111,142,105,0.7459702159131961,58,0.13627,15.19,Low,Short,Visual,Evening
POST-1015,2025-02-26,YouTube,Short Video,Career Anxiety,POV: career anxiety feels harder than people realize. What do you relate to?,#careeranxiety #studentlife #relatable #growth,Wednesday,19,20,10747,23417,28563,2791,185,315,891,0.8476521138674751,594,0.17859,20.77,Low,Short,Text,Evening
POST-1016,2025-03-25,Instagram,Carousel,Productivity,POV: productivity feels harder than people realize. What do you relate to?,#productivity #studentlife #relatable #growth,Tuesday,8,42,8497,17848,32043,969,219,292,124,0.44772482305993727,225,0.08987,9.98,Low,Short,Visual,Morning
POST-1017,2025-02-27,Instagram,Reel,Friendship,POV: friendship feels harder than people realize. What do you relate to?,#friendship #studentlife #relatable #growth,Thursday,19,37,6003,2757,4216,291,11,124,49,0.5139559790171833,37,0.17229,24.3,Low,Short,Visual,Evening
POST-1018,2025-02-09,YouTube,Short Video,Academic Pressure,POV: academic pressure feels harder than people realize. What do you relate to?,#academicpressure #studentlife #relatable #growth,Sunday,21,31,5007,9145,18279,1044,196,430,229,0.5399843891454371,193,0.20765,23.49,Low,Short,Visual,Evening
POST-1019,2025-08-25,YouTube,Short Video,Digital Burnout,POV: digital burnout feels harder than people realize. What do you relate to?,#digitalburnout #studentlife #relatable #growth,Monday,8,48,6402,3823,5784,538,23,15,150,0.3743029408742824,46,0.1899,13.25,Low,Short,Text,Morning
POST-1020,2025-08-30,YouTube,Short Video,Academic Pressure,POV: academic pressure feels harder than people realize. What do you relate to?,#academicpressure #studentlife #relatable #growth,Saturday,15,55,2379,4603,7390,531,61,15,185,0.4640984007489377,51,0.17206,13.93,Low,Short,Text,Afternoon
POST-1021,2025-01-08,Instagram,Short Video,Academic Pressure,POV: academic pressure feels harder than people realize. What do you relate to?,#academicpressure #studentlife #relatable #growth,Wednesday,9,18,13858,16321,32233,905,180,441,473,0.745283440952892,341,0.12248,19.89,Low,Short,Visual,Morning
POST-1022,2025-11-01,Instagram,Long Video,Social Anxiety,POV: social anxiety feels harder than people realize. What do you relate to?,#socialanxiety #studentlife #relatable #growth,Saturday,21,59,8759,15780,27732,598,267,353,238,0.8862457357420878,274,0.09227,16.01,Low,Short,Text,Evening
POST-1023,2025-09-01,Instagram,Reel,Social Anxiety,POV: social anxiety feels harder than people realize. What do you relate to?,#socialanxiety #studentlife #relatable #growth,Monday,13,88,1696,2627,3525,305,38,18,45,0.5159169259443981,24,0.15455,13.28,Low,Long,Visual,Afternoon
POST-1024,2025-04-09,Instagram,Reel,Social Anxiety,POV: social anxiety feels harder than people realize. What do you relate to?,#socialanxiety #studentlife #relatable #growth,Wednesday,19,41,2071,3109,3832,331,15,58,86,0.537117207167045,33,0.15761,20.19,Low,Short,Text,Evening
POST-1025,2025-03-06,Instagram,Carousel,Dating,POV: dating feels harder than people realize. What do you relate to?,#dating #studentlife #relatable #growth,Thursday,20,21,4766,9323,11110,235,91,130,161,0.7387635257485929,92,0.06618,19.93,Low,Short,Text,Evening
POST-1026,2025-06-18,Instagram,Long Video,Productivity,POV: productivity feels harder than people realize. What do you relate to?,#productivity #studentlife #relatable #growth,Wednesday,9,38,28229,17539,24367,1484,124,172,580,0.59734749738481,230,0.13456,17.69,Low,Short,Text,Morning
POST-1027,2025-11-16,Instagram,Carousel,Career Anxiety,POV: career anxiety feels harder than people realize. What do you relate to?,#careeranxiety #studentlife #relatable #growth,Sunday,20,51,24758,36319,56286,2740,640,1142,1882,0.95,1483,0.17633,27.51,Low,Short,Text,Evening
POST-1028,2025-01-28,Instagram,Image,Dating,POV: dating feels harder than people realize. What do you relate to?,#dating #studentlife #relatable #growth,Tuesday,21,40,2183,4321,6657,186,44,73,141,0.5368920184064804,84,0.10275,14.52,Low,Short,Text,Evening
POST-1029,2025-04-27,YouTube,Reel,Academic Pressure,POV: academic pressure feels harder than people realize. What do you relate to?,#academicpressure #studentlife #relatable #growth,Sunday,20,13,4179,9862,8531,431,22,238,276,0.6483650384426954,273,0.09805,26.06,Low,Short,Text,Evening
POST-1030,2025-07-08,Instagram,Image,Student Life,POV: student life feels harder than people realize. What do you relate to?,#studentlife #studentlife #relatable #growth,Tuesday,21,70,19467,39663,27908,1577,200,355,104,0.42381226659226606,246,0.05637,6.72,Low,Long,Visual,Evening
POST-1031,2025-09-11,Instagram,Long Video,Productivity,POV: productivity feels harder than people realize. What do you relate to?,#productivity #studentlife #relatable #growth,Thursday,15,40,1572,1782,2243,107,13,15,58,0.7602186716994161,15,0.10831,20.4,Low,Short,Text,Afternoon
POST-1032,2025-12-06,Instagram,Carousel,Student Life,POV: student life feels harder than people realize. What do you relate to?,#studentlife #studentlife #relatable #growth,Saturday,19,57,39215,57667,109274,9251,301,2789,2279,0.5913217295384127,1511,0.25352,22.11,Low,Short,Text,Evening
POST-1033,2025-10-06,Instagram,Reel,Digital Burnout,POV: digital burnout feels harder than people realize. What do you relate to?,#digitalburnout #studentlife #relatable #growth,Monday,21,43,7215,12541,10912,933,69,192,151,0.7517752960884122,111,0.10725,24.39,Low,Short,Visual,Evening
POST-1034,2025-10-25,Instagram,Long Video,Productivity,POV: productivity feels harder than people realize. What do you relate to?,#productivity #studentlife #relatable #growth,Saturday,13,20,6426,3417,3103,222,21,11,70,0.5646950860904323,35,0.09482,16.98,Low,Short,Visual,Afternoon
POST-1035,2025-11-21,YouTube,Image,Social Anxiety,POV: social anxiety feels harder than people realize. What do you relate to?,#socialanxiety #studentlife #relatable #growth,Friday,9,82,3756,7379,9724,563,15,187,277,0.4580181408471474,191,0.14121,23.25,Low,Long,Visual,Morning
POST-1036,2025-01-22,Instagram,Short Video,Productivity,POV: productivity feels harder than people realize. What do you relate to?,#productivity #studentlife #relatable #growth,Wednesday,10,27,26975,19797,14840,529,101,118,367,0.9360314696647232,235,0.05632,17.2,Low,Short,Text,Morning
POST-1037,2025-03-17,Instagram,Image,Student Life,POV: student life feels harder than people realize. What do you relate to?,#studentlife #studentlife #relatable #growth,Monday,14,15,7470,14261,28463,1422,70,63,493,0.5455931131855931,245,0.14361,12.78,Low,Short,Text,Afternoon
POST-1038,2025-09-21,Instagram,Image,Student Life,POV: student life feels harder than people realize. What do you relate to?,#studentlife #studentlife #relatable #growth,Sunday,19,34,29463,36061,61264,3047,241,410,186,0.6133617720757704,153,0.10771,13.31,Low,Short,Visual,Evening
POST-1039,2025-12-18,YouTube,Carousel,Friendship,POV: friendship feels harder than people realize. What do you relate to?,#friendship #studentlife #relatable #growth,Thursday,21,125,6271,4052,7554,312,51,136,144,0.6382572072146875,134,0.15869,19.2,Low,Long,Text,Evening
POST-1040,2025-03-23,Instagram,Carousel,Dating,POV: dating feels harder than people realize. What do you relate to?,#dating #studentlife #relatable #growth,Sunday,20,59,3046,5481,10332,311,31,255,261,0.6237650127387928,278,0.15654,23.98,Low,Short,Text,Evening
POST-1041,2025-10-08,Instagram,Short Video,Productivity,POV: productivity feels harder than people realize. What do you relate to?,#productivity #studentlife #relatable #growth,Wednesday,8,20,4735,7494,8288,486,75,90,129,0.6330804787495513,42,0.10408,16.4,Low,Short,Text,Morning
POST-1042,2025-12-24,Instagram,Reel,Digital Burnout,POV: digital burnout feels harder than people realize. What do you relate to?,#digitalburnout #studentlife #relatable #growth,Wednesday,20,96,10463,19429,36480,3000,118,226,167,0.399715668018814,168,0.18071,12.11,Low,Long,Text,Evening
POST-1043,2025-10-21,YouTube,Short Video,Academic Pressure,POV: academic pressure feels harder than people realize. What do you relate to?,#academicpressure #studentlife #relatable #growth,Tuesday,19,46,4259,3911,2838,219,9,54,62,0.4885812704104603,26,0.08796,21.6,Low,Short,Visual,Evening
POST-1044,2025-07-05,YouTube,Short Video,Career Anxiety,POV: career anxiety feels harder than people realize. What do you relate to?,#careeranxiety #studentlife #relatable #growth,Saturday,8,214,4108,2065,1888,128,19,4,51,0.5879869591456899,18,0.09782,15.56,Low,Long,Text,Morning
POST-1045,2025-10-19,Instagram,Short Video,Friendship,POV: friendship feels harder than people realize. What do you relate to?,#friendship #studentlife #relatable #growth,Sunday,10,18,5963,12395,12955,1029,119,45,235,0.7863571934218154,104,0.11521,16.42,Low,Short,Visual,Morning
POST-1046,2025-09-26,Instagram,Image,Productivity,POV: productivity feels harder than people realize. What do you relate to?,#productivity #studentlife #relatable #growth,Friday,9,170,4422,2647,1990,174,4,43,30,0.44753784823363474,14,0.09482,15.25,Low,Long,Text,Morning
POST-1047,2025-03-15,Instagram,Short Video,Digital Burnout,POV: digital burnout feels harder than people realize. What do you relate to?,#digitalburnout #studentlife #relatable #growth,Saturday,14,52,3091,3625,4652,127,46,80,124,0.8275011830287269,59,0.104,28.05,Low,Short,Visual,Afternoon
POST-1048,2025-07-07,YouTube,Short Video,Student Life,POV: student life feels harder than people realize. What do you relate to?,#studentlife #studentlife #relatable #growth,Monday,8,32,5039,7213,5692,459,19,133,72,0.6664638026844382,73,0.09469,20.32,Low,Short,Visual,Morning
POST-1049,2025-11-05,Instagram,Short Video,Student Life,POV: student life feels harder than people realize. What do you relate to?,#studentlife #studentlife #relatable #growth,Wednesday,14,195,13325,28705,46919,3949,430,431,801,0.5653496302275772,625,0.19547,17.48,Low,Long,Text,Afternoon
POST-1050,2025-08-26,YouTube,Short Video,Career Anxiety,POV: career anxiety feels harder than people realize. What do you relate to?,#careeranxiety #studentlife #relatable #growth,Tuesday,21,36,1214,475,602,36,5,2,16,0.7564620072687159,4,0.12421,22.39,Low,Short,Visual,Evening
POST-1051,2025-07-10,YouTube,Short Video,Friendship,POV: friendship feels harder than people realize. What do you relate to?,#friendship #studentlife #relatable #growth,Thursday,19,22,1730,1564,3022,209,15,15,85,0.795342365296602,22,0.20716,20.66,Low,Short,Visual,Evening
POST-1052,2025-01-27,Instagram,Short Video,Friendship,POV: friendship feels harder than people realize. What do you relate to?,#friendship #studentlife #relatable #growth,Monday,19,55,3158,6338,4847,97,41,127,123,0.6674463301875656,81,0.06122,26.56,Low,Short,Text,Evening
POST-1053,2025-05-17,Instagram,Long Video,Friendship,POV: friendship feels harder than people realize. What do you relate to?,#friendship #studentlife #relatable #growth,Saturday,9,34,6976,9714,18391,1102,179,305,267,0.7356706931054767,125,0.19076,18.27,Low,Short,Text,Morning
POST-1054,2025-02-12,YouTube,Short Video,Digital Burnout,POV: digital burnout feels harder than people realize. What do you relate to?,#digitalburnout #studentlife #relatable #growth,Wednesday,14,226,28662,30781,31877,1430,244,609,837,0.28562180469338183,280,0.10136,12.4,Low,Long,Text,Afternoon
POST-1055,2025-07-20,Instagram,Reel,Productivity,POV: productivity feels harder than people realize. What do you relate to?,#productivity #studentlife #relatable #growth,Sunday,10,139,8802,4725,4145,217,16,42,34,0.49665832396868564,40,0.0654,10.38,Low,Long,Visual,Morning
POST-1056,2025-03-22,YouTube,Short Video,Friendship,POV: friendship feels harder than people realize. What do you relate to?,#friendship #studentlife #relatable #growth,Saturday,20,38,3258,6476,12069,991,108,308,294,0.6983515096133321,228,0.26266,31.65,Low,Short,Visual,Evening
POST-1057,2025-07-04,YouTube,Short Video,Academic Pressure,POV: academic pressure feels harder than people realize. What do you relate to?,#academicpressure #studentlife #relatable #growth,Friday,13,33,5553,5564,5634,416,23,72,114,0.5976643549964578,95,0.11233,19.55,Low,Short,Visual,Afternoon
POST-1058,2025-08-08,YouTube,Short Video,Productivity,POV: productivity feels harder than people realize. What do you relate to?,#productivity #studentlife #relatable #growth,Friday,19,228,6022,5447,3883,229,8,85,112,0.33803925572148086,57,0.07968,20.83,Low,Long,Visual,Evening
POST-1059,2025-03-06,Instagram,Short Video,Career Anxiety,POV: career anxiety feels harder than people realize. What do you relate to?,#careeranxiety #studentlife #relatable #growth,Thursday,21,12,1834,3299,4310,186,20,97,97,0.8652004304514535,58,0.12125,30.74,Low,Short,Visual,Evening
POST-1060,2025-03-25,Instagram,Image,Digital Burnout,POV: digital burnout feels harder than people realize. What do you relate to?,#digitalburnout #studentlife #relatable #growth,Tuesday,19,15,5642,7365,9342,243,73,286,121,0.6386791162185129,136,0.09817,26.24,Low,Short,Visual,Evening
POST-1061,2025-01-06,Instagram,Long Video,Dating,POV: dating feels harder than people realize. What do you relate to?,#dating #studentlife #relatable #growth,Monday,21,40,2783,4197,4896,285,15,156,41,0.6542845336077436,40,0.11842,26.11,Low,Short,Visual,Evening
POST-1062,2025-02-17,Instagram,Short Video,Academic Pressure,POV: academic pressure feels harder than people realize. What do you relate to?,#academicpressure #studentlife #relatable #growth,Monday,13,52,5775,7463,13752,576,158,346,443,0.6651159929390157,352,0.20407,32.86,Low,Short,Visual,Afternoon
POST-1063,2025-02-12,YouTube,Long Video,Productivity,POV: productivity feels harder than people realize. What do you relate to?,#productivity #studentlife #relatable #growth,Wednesday,19,60,34823,13180,21469,479,85,350,636,0.4134172710807228,347,0.1176,20.95,Low,Short,Text,Evening
POST-1064,2025-05-07,Instagram,Short Video,Productivity,POV: productivity feels harder than people realize. What do you relate to?,#productivity #studentlife #relatable #growth,Wednesday,15,39,5736,11552,17549,450,127,214,185,0.6210372446739078,169,0.08449,17.5,Low,Short,Visual,Afternoon
POST-1065,2025-11-10,Instagram,Image,Social Anxiety,POV: social anxiety feels harder than people realize. What do you relate to?,#socialanxiety #studentlife #relatable #growth,Monday,13,35,8778,11752,10228,558,80,261,291,0.8082732190819248,110,0.10126,33.09,Low,Short,Visual,Afternoon
POST-1066,2025-10-09,YouTube,Short Video,Student Life,POV: student life feels harder than people realize. What do you relate to?,#studentlife #studentlife #relatable #growth,Thursday,10,41,5338,6841,8718,478,49,163,244,0.46533799641450424,189,0.13653,24.31,Low,Short,Text,Morning
POST-1067,2025-02-24,YouTube,Long Video,Social Anxiety,POV: social anxiety feels harder than people realize. What do you relate to?,#socialanxiety #studentlife #relatable #growth,Monday,13,72,2146,3473,5149,287,24,88,19,0.6351996990968936,48,0.12036,15.86,Low,Long,Visual,Afternoon
POST-1068,2025-11-06,Instagram,Short Video,Career Anxiety,POV: career anxiety feels harder than people realize. What do you relate to?,#careeranxiety #studentlife #relatable #growth,Thursday,20,244,27952,24709,26550,977,121,800,692,0.3268234738116415,685,0.10482,24.01,Low,Long,Visual,Evening
POST-1069,2025-02-11,Instagram,Reel,Friendship,POV: friendship feels harder than people realize. What do you relate to?,#friendship #studentlife #relatable #growth,Tuesday,19,50,3593,4970,7113,280,8,205,199,0.6332537284574334,143,0.13924,27.89,Low,Short,Visual,Evening
POST-1070,2025-03-07,Instagram,Long Video,Student Life,POV: student life feels harder than people realize. What do you relate to?,#studentlife #studentlife #relatable #growth,Friday,9,28,11790,23488,31565,859,335,102,298,0.7730317446344749,182,0.06786,16.03,Low,Short,Text,Morning
POST-1071,2025-07-27,Instagram,Short Video,Dating,POV: dating feels harder than people realize. What do you relate to?,#dating #studentlife #relatable #growth,Sunday,13,29,11388,4081,7887,261,87,149,146,0.5209562244691082,132,0.15756,15.96,Low,Short,Text,Afternoon
POST-1072,2025-08-17,Instagram,Image,Digital Burnout,POV: digital burnout feels harder than people realize. What do you relate to?,#digitalburnout #studentlife #relatable #growth,Sunday,21,38,5946,6498,11148,1040,47,204,219,0.683944064956884,151,0.23238,22.1,Low,Short,Text,Evening
POST-1073,2025-05-27,Instagram,Carousel,Dating,POV: dating feels harder than people realize. What do you relate to?,#dating #studentlife #relatable #growth,Tuesday,21,15,5023,6952,13245,694,49,221,307,0.6676429713253003,233,0.18283,22.9,Low,Short,Text,Evening
POST-1074,2025-12-03,Instagram,Short Video,Student Life,POV: student life feels harder than people realize. What do you relate to?,#studentlife #studentlife #relatable #growth,Wednesday,19,50,29699,24947,32226,785,233,355,659,0.5256243551870222,422,0.08145,13.55,Low,Short,Text,Evening
POST-1075,2025-08-04,Instagram,Carousel,Academic Pressure,POV: academic pressure feels harder than people realize. What do you relate to?,#academicpressure #studentlife #relatable #growth,Monday,20,29,27535,25120,36164,1682,364,512,685,0.6254129601456075,508,0.1291,20.86,Low,Short,Text,Evening
POST-1076,2025-04-02,YouTube,Short Video,Career Anxiety,POV: career anxiety feels harder than people realize. What do you relate to?,#careeranxiety #studentlife #relatable #growth,Wednesday,20,47,6165,4705,4767,377,42,33,95,0.6364020962653161,58,0.11626,14.2,Low,Short,Text,Evening
POST-1077,2025-03-17,Instagram,Short Video,Career Anxiety,POV: career anxiety feels harder than people realize. What do you relate to?,#careeranxiety #studentlife #relatable #growth,Monday,13,37,4147,6171,5606,154,27,62,38,0.6013288289017142,22,0.04554,12.79,Low,Short,Text,Afternoon
POST-1078,2025-09-07,Instagram,Reel,Academic Pressure,POV: academic pressure feels harder than people realize. What do you relate to?,#academicpressure #studentlife #relatable #growth,Sunday,21,83,1369,2194,2595,183,16,17,56,0.5004420311909658,32,0.12397,18.25,Low,Long,Text,Evening
POST-1079,2025-04-01,Instagram,Long Video,Digital Burnout,POV: digital burnout feels harder than people realize. What do you relate to?,#digitalburnout #studentlife #relatable #growth,Tuesday,9,16,10952,12855,14601,1403,152,52,266,0.5399584978763764,74,0.1457,17.26,Low,Short,Text,Morning
POST-1080,2025-02-10,YouTube,Short Video,Academic Pressure,POV: academic pressure feels harder than people realize. What do you relate to?,#academicpressure #studentlife #relatable #growth,Monday,21,14,10746,7106,9362,331,27,55,52,0.568053564923537,41,0.06544,13.07,Low,Short,Visual,Evening
POST-1081,2025-07-15,Instagram,Reel,Friendship,POV: friendship feels harder than people realize. What do you relate to?,#friendship #studentlife #relatable #growth,Tuesday,14,121,1964,1995,3124,106,35,24,15,0.5251508280338806,12,0.09023,14.4,Low,Long,Visual,Afternoon
POST-1082,2025-11-22,Instagram,Long Video,Friendship,POV: friendship feels harder than people realize. What do you relate to?,#friendship #studentlife #relatable #growth,Saturday,19,290,4533,6379,11313,952,135,219,93,0.3697994702710744,85,0.21931,16.65,Low,Long,Text,Evening
POST-1083,2025-11-21,Instagram,Reel,Social Anxiety,POV: social anxiety feels harder than people realize. What do you relate to?,#socialanxiety #studentlife #relatable #growth,Friday,21,100,11168,14494,16411,1228,26,341,88,0.38677774690795774,231,0.11612,14.16,Low,Long,Text,Evening
POST-1084,2025-01-21,Instagram,Short Video,Productivity,POV: productivity feels harder than people realize. What do you relate to?,#productivity #studentlife #relatable #growth,Tuesday,15,29,14798,8722,14478,450,68,183,280,0.3768521811218314,194,0.11247,13.89,Low,Short,Text,Afternoon
POST-1085,2025-06-26,YouTube,Short Video,Productivity,POV: productivity feels harder than people realize. What do you relate to?,#productivity #studentlife #relatable #growth,Thursday,15,20,5849,7401,14114,650,152,258,245,0.5886581725806773,149,0.17633,23.96,Low,Short,Visual,Afternoon
POST-1086,2025-10-10,Instagram,Reel,Friendship,POV: friendship feels harder than people realize. What do you relate to?,#friendship #studentlife #relatable #growth,Friday,20,41,20575,38211,62603,4667,727,533,217,0.5700700832335504,468,0.16079,14.68,Low,Short,Visual,Evening
POST-1087,2025-11-19,YouTube,Short Video,Digital Burnout,POV: digital burnout feels harder than people realize. What do you relate to?,#digitalburnout #studentlife #relatable #growth,Wednesday,20,23,5805,9314,14682,898,50,195,322,0.894744469381586,98,0.15729,25.56,Low,Short,Visual,Evening
POST-1088,2025-04-02,Instagram,Short Video,Digital Burnout,POV: digital burnout feels harder than people realize. What do you relate to?,#digitalburnout #studentlife #relatable #growth,Wednesday,21,42,29270,34219,27469,799,309,876,173,0.6533745463675257,529,0.06304,26.45,Low,Short,Visual,Evening
POST-1089,2025-07-23,Instagram,Reel,Digital Burnout,POV: digital burnout feels harder than people realize. What do you relate to?,#digitalburnout #studentlife #relatable #growth,Wednesday,21,52,6062,13331,22120,1069,134,280,631,0.6611980248898432,240,0.15858,22.78,Low,Short,Visual,Evening
POST-1090,2025-01-15,Instagram,Short Video,Productivity,POV: productivity feels harder than people realize. What do you relate to?,#productivity #studentlife #relatable #growth,Wednesday,19,167,6848,13933,17417,678,92,345,208,0.4633408681768817,226,0.09495,17.26,Low,Long,Visual,Evening
POST-1091,2025-08-26,YouTube,Short Video,Career Anxiety,POV: career anxiety feels harder than people realize. What do you relate to?,#careeranxiety #studentlife #relatable #growth,Tuesday,13,40,3863,2017,2250,202,8,54,42,0.7096948348690602,25,0.15171,21.83,Low,Short,Text,Afternoon
POST-1092,2025-07-17,YouTube,Short Video,Career Anxiety,POV: career anxiety feels harder than people realize. What do you relate to?,#careeranxiety #studentlife #relatable #growth,Thursday,8,201,4070,5810,11161,221,104,196,325,0.3214947476701452,175,0.14561,15.92,Low,Long,Visual,Morning
POST-1093,2025-12-31,YouTube,Short Video,Academic Pressure,POV: academic pressure feels harder than people realize. What do you relate to?,#academicpressure #studentlife #relatable #growth,Wednesday,10,50,2180,4642,6120,512,45,114,65,0.7129520138397949,67,0.15855,19.12,Low,Short,Visual,Morning
POST-1094,2025-05-22,YouTube,Short Video,Friendship,POV: friendship feels harder than people realize. What do you relate to?,#friendship #studentlife #relatable #growth,Thursday,15,22,3101,4035,4925,131,33,25,98,0.4639259006869104,57,0.07113,12.92,Low,Short,Text,Afternoon
POST-1095,2025-01-19,Instagram,Carousel,Academic Pressure,POV: academic pressure feels harder than people realize. What do you relate to?,#academicpressure #studentlife #relatable #growth,Sunday,20,36,7827,14684,17227,387,34,314,311,0.6918405115846372,259,0.07123,24.57,Low,Short,Visual,Evening
POST-1096,2025-10-01,YouTube,Short Video,Dating,POV: dating feels harder than people realize. What do you relate to?,#dating #studentlife #relatable #growth,Wednesday,14,16,1725,3205,5646,294,62,89,61,0.6364023552686787,42,0.15788,19.86,Low,Short,Text,Afternoon
POST-1097,2025-08-09,Instagram,Image,Friendship,POV: friendship feels harder than people realize. What do you relate to?,#friendship #studentlife #relatable #growth,Saturday,19,85,3653,1796,3421,178,19,36,59,0.42590480227361677,17,0.16258,13.14,Low,Long,Text,Evening
POST-1098,2025-09-19,YouTube,Short Video,Academic Pressure,POV: academic pressure feels harder than people realize. What do you relate to?,#academicpressure #studentlife #relatable #growth,Friday,19,167,4438,3578,3317,308,8,84,55,0.39570639910721556,52,0.12717,16.78,Low,Long,Visual,Evening
POST-1099,2025-05-20,Instagram,Reel,Productivity,POV: productivity feels harder than people realize. What do you relate to?,#productivity #studentlife #relatable #growth,Tuesday,21,200,6480,10824,11147,547,62,169,174,0.27558397408796764,140,0.08795,8.26,Low,Long,Text,Evening
POST-1100,2025-03-05,Instagram,Long Video,Digital Burnout,POV: digital burnout feels harder than people realize. What do you relate to?,#digitalburnout #studentlife #relatable #growth,Wednesday,21,56,6111,13380,20374,1001,111,102,592,0.637801431012994,167,0.13498,18.86,Low,Short,Visual,Evening
POST-1101,2025-08-25,YouTube,Short Video,Productivity,POV: productivity feels harder than people realize. What do you relate to?,#productivity #studentlife #relatable #growth,Monday,13,18,6052,4406,7233,287,49,62,222,0.8167936271389457,142,0.14072,25.24,Low,Short,Visual,Afternoon
POST-1102,2025-09-02,Instagram,Short Video,Digital Burnout,POV: digital burnout feels harder than people realize. What do you relate to?,#digitalburnout #studentlife #relatable #growth,Tuesday,21,57,8789,13884,18864,900,205,289,441,0.6742756503334519,385,0.13217,25.37,Low,Short,Visual,Evening
POST-1103,2025-04-07,Instagram,Image,Student Life,POV: student life feels harder than people realize. What do you relate to?,#studentlife #studentlife #relatable #growth,Monday,20,54,4368,9132,13533,1145,29,428,241,0.7625014248984183,361,0.20182,29.08,Low,Short,Visual,Evening
POST-1104,2025-09-08,Instagram,Image,Career Anxiety,POV: career anxiety feels harder than people realize. What do you relate to?,#careeranxiety #studentlife #relatable #growth,Monday,10,54,6746,5452,8586,242,16,143,188,0.6889219511029722,160,0.10803,21.71,Low,Short,Text,Morning
POST-1105,2025-11-12,Instagram,Image,Friendship,POV: friendship feels harder than people realize. What do you relate to?,#friendship #studentlife #relatable #growth,Wednesday,20,244,11667,13507,11233,827,117,181,51,0.6369159249017537,57,0.08707,18.37,Low,Long,Visual,Evening
POST-1106,2025-11-21,Instagram,Short Video,Productivity,POV: productivity feels harder than people realize. What do you relate to?,#productivity #studentlife #relatable #growth,Friday,20,52,16808,26411,47586,2762,139,790,1147,0.6564788008711807,531,0.18318,23.19,Low,Short,Text,Evening
POST-1107,2025-07-18,Instagram,Short Video,Productivity,POV: productivity feels harder than people realize. What do you relate to?,#productivity #studentlife #relatable #growth,Friday,14,211,1180,1561,1283,72,5,33,9,0.38817520520777155,10,0.07623,16.65,Low,Long,Visual,Afternoon
POST-1108,2025-12-28,Instagram,Short Video,Academic Pressure,POV: academic pressure feels harder than people realize. What do you relate to?,#academicpressure #studentlife #relatable #growth,Sunday,20,12,1566,1172,941,81,9,20,3,0.733004269055965,13,0.09642,17.17,Low,Short,Text,Evening
POST-1109,2025-12-05,Instagram,Long Video,Academic Pressure,POV: academic pressure feels harder than people realize. What do you relate to?,#academicpressure #studentlife #relatable #growth,Friday,9,124,16131,36975,43217,2284,427,523,801,0.4925533076539002,359,0.10913,15.95,Low,Long,Text,Morning
POST-1110,2025-12-17,Instagram,Reel,Dating,POV: dating feels harder than people realize. What do you relate to?,#dating #studentlife #relatable #growth,Wednesday,21,19,18277,34147,42541,2862,337,472,584,0.44691579077656474,366,0.12461,14.45,Low,Short,Text,Evening
POST-1111,2025-05-20,Instagram,Reel,Career Anxiety,POV: career anxiety feels harder than people realize. What do you relate to?,#careeranxiety #studentlife #relatable #growth,Tuesday,21,43,4626,5365,5207,134,30,105,152,0.6534368627249822,113,0.07847,23.74,Low,Short,Visual,Evening
POST-1112,2025-04-12,Instagram,Carousel,Productivity,POV: productivity feels harder than people realize. What do you relate to?,#productivity #studentlife #relatable #growth,Saturday,13,18,29075,47007,75194,3915,254,1020,1450,0.4027239410045186,710,0.14123,15.47,Low,Short,Text,Afternoon
POST-1113,2025-03-08,Instagram,Short Video,Dating,POV: dating feels harder than people realize. What do you relate to?,#dating #studentlife #relatable #growth,Saturday,19,29,18747,11880,13000,624,58,241,213,0.710022183825755,248,0.09562,21.56,Low,Short,Text,Evening
POST-1114,2025-11-13,YouTube,Short Video,Friendship,POV: friendship feels harder than people realize. What do you relate to?,#friendship #studentlife #relatable #growth,Thursday,21,47,7877,3583,4095,157,37,85,119,0.8601473664211888,67,0.11108,24.81,Low,Short,Text,Evening
POST-1115,2025-01-06,Instagram,Image,Academic Pressure,POV: academic pressure feels harder than people realize. What do you relate to?,#academicpressure #studentlife #relatable #growth,Monday,20,293,2765,5534,9580,738,107,247,145,0.4307014612788306,83,0.22353,19.82,Low,Long,Text,Evening
POST-1116,2025-04-21,Instagram,Long Video,Dating,POV: dating feels harder than people realize. What do you relate to?,#dating #studentlife #relatable #growth,Monday,21,182,9794,14062,12399,660,85,337,349,0.6634509803251538,152,0.10176,23.49,Low,Long,Visual,Evening
POST-1117,2025-01-25,Instagram,Carousel,Social Anxiety,POV: social anxiety feels harder than people realize. What do you relate to?,#socialanxiety #studentlife #relatable #growth,Saturday,15,53,2530,4742,5208,117,5,60,133,0.5742930641984785,93,0.06643,21.03,Low,Short,Visual,Afternoon
POST-1118,2025-03-26,Instagram,Image,Academic Pressure,POV: academic pressure feels harder than people realize. What do you relate to?,#academicpressure #studentlife #relatable #growth,Wednesday,20,55,10076,11481,11561,917,29,337,206,0.4994525426204024,266,0.12969,24.53,Low,Short,Visual,Evening
POST-1119,2025-05-04,Instagram,Reel,Dating,POV: dating feels harder than people realize. What do you relate to?,#dating #studentlife #relatable #growth,Sunday,19,50,27157,39172,62762,3722,304,214,936,0.6542715244799359,217,0.13214,12.85,Low,Short,Visual,Evening
POST-1120,2025-09-16,YouTube,Short Video,Dating,POV: dating feels harder than people realize. What do you relate to?,#dating #studentlife #relatable #growth,Tuesday,21,15,7782,5042,7097,534,30,121,122,0.48865289179297183,72,0.16006,21.6,Low,Short,Visual,Evening
POST-1121,2025-04-07,Instagram,Image,Student Life,POV: student life feels harder than people realize. What do you relate to?,#studentlife #studentlife #relatable #growth,Monday,20,41,6782,8252,7532,164,89,44,100,0.5673839645974418,41,0.04811,13.18,Low,Short,Text,Evening
POST-1122,2025-11-13,Instagram,Image,Career Anxiety,POV: career anxiety feels harder than people realize. What do you relate to?,#careeranxiety #studentlife #relatable #growth,Thursday,8,32,2854,3306,5655,303,56,17,171,0.8123485871410759,62,0.16546,20.39,Low,Short,Visual,Morning
POST-1123,2025-05-05,YouTube,Short Video,Student Life,POV: student life feels harder than people realize. What do you relate to?,#studentlife #studentlife #relatable #growth,Monday,20,142,11010,8229,13590,434,88,335,312,0.47651992648135,268,0.14206,21.1,Low,Long,Visual,Evening
POST-1124,2025-08-07,Instagram,Reel,Digital Burnout,POV: digital burnout feels harder than people realize. What do you relate to?,#digitalburnout #studentlife #relatable #growth,Thursday,13,22,11901,20769,15127,668,16,388,290,0.49918380405870505,331,0.06558,21.33,Low,Short,Visual,Afternoon
POST-1125,2025-04-12,Instagram,Carousel,Productivity,POV: productivity feels harder than people realize. What do you relate to?,#productivity #studentlife #relatable #growth,Saturday,13,28,2719,4784,5518,186,34,57,137,0.3839180135642859,89,0.08654,15.98,Low,Short,Visual,Afternoon
POST-1126,2025-09-25,Instagram,Carousel,Social Anxiety,POV: social anxiety feels harder than people realize. What do you relate to?,#socialanxiety #studentlife #relatable #growth,Thursday,10,125,9363,16012,13652,620,130,236,206,0.5419596170770825,141,0.07444,17.92,Low,Long,Visual,Morning
POST-1127,2025-08-08,Instagram,Short Video,Productivity,POV: productivity feels harder than people realize. What do you relate to?,#productivity #studentlife #relatable #growth,Friday,9,41,11918,16921,15052,1316,101,48,214,0.6146335693916889,109,0.09923,17.45,Low,Short,Visual,Morning
POST-1128,2025-09-04,Instagram,Carousel,Productivity,POV: productivity feels harder than people realize. What do you relate to?,#productivity #studentlife #relatable #growth,Thursday,10,34,3185,6300,5548,208,42,87,65,0.6717680237216023,86,0.06381,15.31,Low,Short,Text,Morning
POST-1129,2025-03-20,Instagram,Reel,Friendship,POV: friendship feels harder than people realize. What do you relate to?,#friendship #studentlife #relatable #growth,Thursday,8,281,13288,25717,33983,2868,198,650,491,0.35010999738278614,263,0.16359,14.1,Low,Long,Text,Morning
POST-1130,2025-02-07,Instagram,Long Video,Dating,POV: dating feels harder than people realize. What do you relate to?,#dating #studentlife #relatable #growth,Friday,13,210,8605,12178,24112,366,156,225,519,0.5073993880424008,341,0.10396,13.66,Low,Long,Visual,Afternoon
POST-1131,2025-09-01,Instagram,Reel,Academic Pressure,POV: academic pressure feels harder than people realize. What do you relate to?,#academicpressure #studentlife #relatable #growth,Monday,19,16,5805,13066,17968,1214,132,291,390,0.6093765197677196,341,0.15514,17.44,Low,Short,Text,Evening
POST-1132,2025-12-30,Instagram,Reel,Student Life,POV: student life feels harder than people realize. What do you relate to?,#studentlife #studentlife #relatable #growth,Tuesday,8,112,3838,5600,9941,540,17,135,122,0.6015053099264452,60,0.14536,16.67,Low,Long,Visual,Morning
POST-1133,2025-04-23,YouTube,Carousel,Productivity,POV: productivity feels harder than people realize. What do you relate to?,#productivity #studentlife #relatable #growth,Wednesday,20,259,5613,4689,5633,275,54,82,66,0.5525169585560509,34,0.10173,11.58,Low,Long,Text,Evening
POST-1134,2025-04-02,YouTube,Short Video,Productivity,POV: productivity feels harder than people realize. What do you relate to?,#productivity #studentlife #relatable #growth,Wednesday,20,33,8642,11862,19400,1193,98,308,477,0.27485115150118866,364,0.17501,23.34,Low,Short,Visual,Evening
POST-1135,2025-10-23,Instagram,Short Video,Academic Pressure,POV: academic pressure feels harder than people realize. What do you relate to?,#academicpressure #studentlife #relatable #growth,Thursday,19,186,5919,13065,14723,347,118,377,304,0.5569965945033484,224,0.08772,20.66,Low,Long,Text,Evening
POST-1136,2025-12-24,Instagram,Reel,Digital Burnout,POV: digital burnout feels harder than people realize. What do you relate to?,#digitalburnout #studentlife #relatable #growth,Wednesday,21,127,5765,13114,18956,1805,66,272,445,0.4893091928538823,307,0.19735,15.45,Low,Long,Visual,Evening
POST-1137,2025-02-23,Instagram,Short Video,Student Life,POV: student life feels harder than people realize. What do you relate to?,#studentlife #studentlife #relatable #growth,Sunday,15,48,11384,13059,11419,749,15,276,314,0.7153762820176834,123,0.10368,28.48,Low,Short,Text,Afternoon
POST-1138,2025-01-25,YouTube,Short Video,Academic Pressure,POV: academic pressure feels harder than people realize. What do you relate to?,#academicpressure #studentlife #relatable #growth,Saturday,13,23,1724,3089,5145,424,41,25,147,0.6881684795924258,48,0.20622,21.28,Low,Short,Text,Afternoon
POST-1139,2025-11-06,Instagram,Reel,Academic Pressure,POV: academic pressure feels harder than people realize. What do you relate to?,#academicpressure #studentlife #relatable #growth,Thursday,10,53,6494,5405,6005,297,54,54,21,0.6164284856467478,37,0.07882,15.87,Low,Short,Text,Morning
POST-1140,2025-10-06,Instagram,Long Video,Digital Burnout,POV: digital burnout feels harder than people realize. What do you relate to?,#digitalburnout #studentlife #relatable #growth,Monday,19,41,4447,7648,11070,753,21,284,133,0.6003480909556458,116,0.15573,19.05,Low,Short,Text,Evening
POST-1141,2025-01-23,Instagram,Reel,Academic Pressure,POV: academic pressure feels harder than people realize. What do you relate to?,#academicpressure #studentlife #relatable #growth,Thursday,14,71,2758,1070,1203,61,4,4,6,0.3746814798104938,2,0.07009,5.58,Low,Long,Visual,Afternoon
POST-1142,2025-03-03,Instagram,Short Video,Career Anxiety,POV: career anxiety feels harder than people realize. What do you relate to?,#careeranxiety #studentlife #relatable #growth,Monday,21,44,51411,24737,42650,4142,482,848,1055,0.7137642451390845,651,0.26386,28.11,Low,Short,Visual,Evening
POST-1143,2025-07-11,Instagram,Long Video,Academic Pressure,POV: academic pressure feels harder than people realize. What do you relate to?,#academicpressure #studentlife #relatable #growth,Friday,8,51,12536,25161,18112,875,84,216,188,0.4665835567450176,105,0.05417,9.56,Low,Short,Text,Morning
POST-1144,2025-11-18,Instagram,Reel,Digital Burnout,POV: digital burnout feels harder than people realize. What do you relate to?,#digitalburnout #studentlife #relatable #growth,Tuesday,21,250,7957,15725,22916,697,41,537,250,0.39619916417132023,337,0.09698,16.59,Low,Long,Visual,Evening
POST-1145,2025-09-01,Instagram,Reel,Academic Pressure,POV: academic pressure feels harder than people realize. What do you relate to?,#academicpressure #studentlife #relatable #growth,Monday,9,248,3573,3000,5540,459,9,65,109,0.29475215033206126,65,0.214,18.82,Low,Long,Visual,Morning
POST-1146,2025-04-17,Instagram,Long Video,Student Life,POV: student life feels harder than people realize. What do you relate to?,#studentlife #studentlife #relatable #growth,Thursday,15,54,14632,21045,40567,1532,326,978,147,0.5806237366592096,545,0.14174,16.62,Low,Short,Text,Afternoon
POST-1147,2025-01-07,Instagram,Long Video,Friendship,POV: friendship feels harder than people realize. What do you relate to?,#friendship #studentlife #relatable #growth,Tuesday,19,37,8836,7027,5676,305,8,53,67,0.45609865758537194,50,0.06162,9.54,Low,Short,Text,Evening
POST-1148,2025-05-15,Instagram,Image,Friendship,POV: friendship feels harder than people realize. What do you relate to?,#friendship #studentlife #relatable #growth,Thursday,15,161,3607,6022,11614,269,66,194,106,0.5189559194991704,165,0.10545,14.98,Low,Long,Visual,Afternoon
POST-1149,2025-08-06,Instagram,Carousel,Productivity,POV: productivity feels harder than people realize. What do you relate to?,#productivity #studentlife #relatable #growth,Wednesday,9,55,6765,4250,3969,332,38,95,117,0.6859843981389075,46,0.13694,26.82,Low,Short,Visual,Morning
POST-1150,2025-11-24,Instagram,Reel,Career Anxiety,POV: career anxiety feels harder than people realize. What do you relate to?,#careeranxiety #studentlife #relatable #growth,Monday,13,17,7395,16728,31794,1104,273,298,169,0.616470265405811,253,0.11023,13.74,Low,Short,Text,Afternoon
POST-1151,2025-07-28,YouTube,Short Video,Dating,POV: dating feels harder than people realize. What do you relate to?,#dating #studentlife #relatable #growth,Monday,14,136,2551,2334,4202,65,8,81,67,0.4062720078360284,43,0.09469,15.98,Low,Long,Visual,Afternoon
POST-1152,2025-07-11,YouTube,Short Video,Social Anxiety,POV: social anxiety feels harder than people realize. What do you relate to?,#socialanxiety #studentlife #relatable #growth,Friday,10,32,4346,3220,5953,477,37,81,55,0.7576565577894576,56,0.20186,19.32,Low,Short,Visual,Morning
POST-1153,2025-04-27,Instagram,Image,Academic Pressure,POV: academic pressure feels harder than people realize. What do you relate to?,#academicpressure #studentlife #relatable #growth,Sunday,14,40,3043,2231,1722,49,14,4,58,0.49297493671599313,27,0.05603,22.59,Low,Short,Visual,Afternoon
POST-1154,2025-12-30,Instagram,Image,Friendship,POV: friendship feels harder than people realize. What do you relate to?,#friendship #studentlife #relatable #growth,Tuesday,21,20,3031,6431,7599,150,20,86,109,0.7628488751798816,73,0.05676,17.24,Low,Short,Text,Evening
POST-1155,2025-11-26,YouTube,Short Video,Student Life,POV: student life feels harder than people realize. What do you relate to?,#studentlife #studentlife #relatable #growth,Wednesday,19,83,8735,18634,30465,1952,298,326,611,0.3877275352944811,465,0.17103,17.39,Low,Long,Visual,Evening
POST-1156,2025-09-06,Instagram,Reel,Digital Burnout,POV: digital burnout feels harder than people realize. What do you relate to?,#digitalburnout #studentlife #relatable #growth,Saturday,21,33,6571,12757,22276,708,199,102,378,0.6700205230904911,96,0.10872,17.38,Low,Short,Visual,Evening
POST-1157,2025-04-21,Instagram,Reel,Social Anxiety,POV: social anxiety feels harder than people realize. What do you relate to?,#socialanxiety #studentlife #relatable #growth,Monday,14,33,13512,27176,52712,1961,321,883,1158,0.8275042543543247,960,0.15907,18.59,Low,Short,Text,Afternoon
POST-1158,2025-02-21,YouTube,Short Video,Career Anxiety,POV: career anxiety feels harder than people realize. What do you relate to?,#careeranxiety #studentlife #relatable #growth,Friday,13,283,21757,42889,37090,2702,80,170,588,0.4505174486709489,128,0.08254,7.16,Low,Long,Text,Afternoon
POST-1159,2025-01-26,Instagram,Short Video,Dating,POV: dating feels harder than people realize. What do you relate to?,#dating #studentlife #relatable #growth,Sunday,19,35,36213,36307,53118,3426,391,337,1143,0.7161055087655649,667,0.14589,16.37,Low,Short,Text,Evening
POST-1160,2025-04-22,YouTube,Short Video,Career Anxiety,POV: career anxiety feels harder than people realize. What do you relate to?,#careeranxiety #studentlife #relatable #growth,Tuesday,10,206,12148,19112,30876,1248,319,344,894,0.4769220802727322,243,0.14677,19.21,Low,Long,Text,Morning
POST-1161,2025-08-25,Instagram,Carousel,Digital Burnout,POV: digital burnout feels harder than people realize. What do you relate to?,#digitalburnout #studentlife #relatable #growth,Monday,10,14,8051,5168,6066,107,35,162,31,0.741927143762186,113,0.06482,23.86,Low,Short,Visual,Morning
POST-1162,2025-04-01,Instagram,Reel,Dating,POV: dating feels harder than people realize. What do you relate to?,#dating #studentlife #relatable #growth,Tuesday,21,18,18503,24812,36716,2520,312,223,969,0.6144826179552781,313,0.16218,16.06,Low,Short,Visual,Evening
POST-1163,2025-03-22,Instagram,Reel,Student Life,POV: student life feels harder than people realize. What do you relate to?,#studentlife #studentlife #relatable #growth,Saturday,14,56,2590,2025,2836,243,15,65,11,0.5473464403153028,37,0.16494,15.44,Low,Short,Text,Afternoon
POST-1164,2025-07-07,Instagram,Reel,Dating,POV: dating feels harder than people realize. What do you relate to?,#dating #studentlife #relatable #growth,Monday,19,14,7871,5154,6851,463,48,124,51,0.5483329799063555,67,0.1331,17.58,Low,Short,Visual,Evening
POST-1165,2025-09-10,Instagram,Reel,Academic Pressure,POV: academic pressure feels harder than people realize. What do you relate to?,#academicpressure #studentlife #relatable #growth,Wednesday,19,39,10739,13006,18895,306,188,314,107,0.5494205512185095,152,0.07035,16.86,Low,Short,Visual,Evening
POST-1166,2025-10-09,Instagram,Carousel,Dating,POV: dating feels harder than people realize. What do you relate to?,#dating #studentlife #relatable #growth,Thursday,21,59,6076,7014,9078,523,10,250,258,0.6527263134324597,143,0.14842,23.86,Low,Short,Text,Evening
POST-1167,2025-10-13,Instagram,Long Video,Productivity,POV: productivity feels harder than people realize. What do you relate to?,#productivity #studentlife #relatable #growth,Monday,21,276,10037,14132,21662,1104,168,216,196,0.383610029874622,118,0.11916,13.48,Low,Long,Text,Evening
POST-1168,2025-08-30,YouTube,Short Video,Social Anxiety,POV: social anxiety feels harder than people realize. What do you relate to?,#socialanxiety #studentlife #relatable #growth,Saturday,21,16,2211,828,1474,106,13,39,43,0.6680264287124626,35,0.24275,31.09,Low,Short,Visual,Evening
POST-1169,2025-04-21,Instagram,Short Video,Productivity,POV: productivity feels harder than people realize. What do you relate to?,#productivity #studentlife #relatable #growth,Monday,20,47,9412,8118,14558,517,67,284,241,0.5279820479987262,130,0.13661,22.87,Low,Short,Visual,Evening
POST-1170,2025-05-02,Instagram,Reel,Social Anxiety,POV: social anxiety feels harder than people realize. What do you relate to?,#socialanxiety #studentlife #relatable #growth,Friday,21,28,4011,4708,8264,739,42,167,147,0.785211164276098,148,0.23258,23.09,Low,Short,Text,Evening
POST-1171,2025-02-27,YouTube,Image,Dating,POV: dating feels harder than people realize. What do you relate to?,#dating #studentlife #relatable #growth,Thursday,19,12,12204,19578,15558,857,51,327,143,0.7902158549971702,247,0.07039,19.7,Low,Short,Text,Evening
POST-1172,2025-11-05,Instagram,Long Video,Student Life,POV: student life feels harder than people realize. What do you relate to?,#studentlife #studentlife #relatable #growth,Wednesday,15,38,4147,7267,6810,358,43,18,70,0.5249101867489322,17,0.06729,8.98,Low,Short,Text,Afternoon
POST-1173,2025-08-30,Instagram,Carousel,Productivity,POV: productivity feels harder than people realize. What do you relate to?,#productivity #studentlife #relatable #growth,Saturday,10,38,2359,1686,1443,88,9,6,8,0.8714355413516834,6,0.06584,12.97,Low,Short,Text,Morning
POST-1174,2025-12-26,Instagram,Short Video,Student Life,POV: student life feels harder than people realize. What do you relate to?,#studentlife #studentlife #relatable #growth,Friday,14,12,6541,13029,11460,417,99,131,294,0.6475956514584583,189,0.07222,18.99,Low,Short,Text,Afternoon
POST-1175,2025-10-28,YouTube,Short Video,Digital Burnout,POV: digital burnout feels harder than people realize. What do you relate to?,#digitalburnout #studentlife #relatable #growth,Tuesday,21,114,10162,9105,15681,1357,135,436,199,0.5799671937132049,167,0.23361,24.91,Low,Long,Visual,Evening
POST-1176,2025-10-17,YouTube,Reel,Career Anxiety,POV: career anxiety feels harder than people realize. What do you relate to?,#careeranxiety #studentlife #relatable #growth,Friday,21,191,1495,2093,2912,115,6,58,54,0.5641358039526125,55,0.11132,15.08,Low,Long,Text,Evening
POST-1177,2025-07-05,YouTube,Short Video,Dating,POV: dating feels harder than people realize. What do you relate to?,#dating #studentlife #relatable #growth,Saturday,21,135,5754,4204,6754,454,23,118,123,0.502577296712465,62,0.17079,11.48,Low,Long,Text,Evening
POST-1178,2025-08-03,YouTube,Short Video,Student Life,POV: student life feels harder than people realize. What do you relate to?,#studentlife #studentlife #relatable #growth,Sunday,20,13,4191,4818,8599,459,21,154,197,0.7170163684668016,109,0.17248,25.85,Low,Short,Text,Evening
POST-1179,2025-02-23,Instagram,Short Video,Digital Burnout,POV: digital burnout feels harder than people realize. What do you relate to?,#digitalburnout #studentlife #relatable #growth,Sunday,21,20,10350,10157,19780,700,232,298,338,0.6320329454963062,348,0.15438,20.03,Low,Short,Text,Evening
POST-1180,2025-10-21,Instagram,Long Video,Social Anxiety,POV: social anxiety feels harder than people realize. What do you relate to?,#socialanxiety #studentlife #relatable #growth,Tuesday,13,55,2496,2283,3318,137,30,14,73,0.5409115052106196,38,0.11126,13.49,Low,Short,Text,Afternoon
POST-1181,2025-07-27,Instagram,Long Video,Student Life,POV: student life feels harder than people realize. What do you relate to?,#studentlife #studentlife #relatable #growth,Sunday,8,288,26908,47118,84447,6499,640,396,302,0.4084072407941617,323,0.16633,4.79,Low,Long,Text,Morning
POST-1182,2025-08-29,Instagram,Carousel,Productivity,POV: productivity feels harder than people realize. What do you relate to?,#productivity #studentlife #relatable #growth,Friday,14,40,6777,6274,8601,270,57,148,203,0.7034620816963053,106,0.10807,26.87,Low,Short,Visual,Afternoon
POST-1183,2025-11-09,Instagram,Long Video,Academic Pressure,POV: academic pressure feels harder than people realize. What do you relate to?,#academicpressure #studentlife #relatable #growth,Sunday,13,168,2215,4106,4087,68,5,53,82,0.5840074083360854,51,0.05066,15.45,Low,Long,Visual,Afternoon
POST-1184,2025-10-12,Instagram,Image,Social Anxiety,POV: social anxiety feels harder than people realize. What do you relate to?,#socialanxiety #studentlife #relatable #growth,Sunday,15,34,34526,29675,26041,2055,196,79,189,0.6403812574793597,83,0.08489,12.05,Low,Short,Text,Afternoon
POST-1185,2025-06-10,YouTube,Short Video,Career Anxiety,POV: career anxiety feels harder than people realize. What do you relate to?,#careeranxiety #studentlife #relatable #growth,Tuesday,21,56,29564,30134,29307,2002,248,151,848,0.7198184892833617,436,0.10782,22.09,Low,Short,Visual,Evening
POST-1186,2025-09-24,Instagram,Reel,Digital Burnout,POV: digital burnout feels harder than people realize. What do you relate to?,#digitalburnout #studentlife #relatable #growth,Wednesday,20,43,3124,3897,5669,529,6,167,17,0.7696813852542804,54,0.1845,27.77,Low,Short,Visual,Evening
POST-1187,2025-04-02,Instagram,Image,Student Life,POV: student life feels harder than people realize. What do you relate to?,#studentlife #studentlife #relatable #growth,Wednesday,21,200,8500,18636,33824,2267,227,420,892,0.735847078285906,532,0.20423,18.85,Low,Long,Text,Evening
POST-1188,2025-01-20,YouTube,Short Video,Academic Pressure,POV: academic pressure feels harder than people realize. What do you relate to?,#academicpressure #studentlife #relatable #growth,Monday,20,70,15984,12425,24785,862,36,638,530,0.4614575660774749,580,0.16628,23.44,Low,Long,Visual,Evening
POST-1189,2025-06-17,YouTube,Short Video,Social Anxiety,POV: social anxiety feels harder than people realize. What do you relate to?,#socialanxiety #studentlife #relatable #growth,Tuesday,10,52,6339,9301,18007,1192,104,236,243,0.606578288659441,262,0.19084,17.57,Low,Short,Text,Morning
POST-1190,2025-09-29,Instagram,Reel,Digital Burnout,POV: digital burnout feels harder than people realize. What do you relate to?,#digitalburnout #studentlife #relatable #growth,Monday,21,101,5780,9714,12577,515,54,70,195,0.5561670227015064,88,0.08586,12.84,Low,Long,Text,Evening
POST-1191,2025-06-03,YouTube,Short Video,Social Anxiety,POV: social anxiety feels harder than people realize. What do you relate to?,#socialanxiety #studentlife #relatable #growth,Tuesday,10,218,14149,25039,35065,2760,352,214,698,0.40546641669554123,451,0.16071,11.59,Low,Long,Text,Morning
POST-1192,2025-09-06,Instagram,Carousel,Student Life,POV: student life feels harder than people realize. What do you relate to?,#studentlife #studentlife #relatable #growth,Saturday,19,35,11036,11277,20452,1630,226,629,332,0.43247239914329616,229,0.2498,27.55,Low,Short,Visual,Evening
POST-1193,2025-11-28,Instagram,Reel,Career Anxiety,POV: career anxiety feels harder than people realize. What do you relate to?,#careeranxiety #studentlife #relatable #growth,Friday,20,41,8563,18288,30922,2078,105,240,134,0.5800306410246611,98,0.13982,10.2,Low,Short,Text,Evening
POST-1194,2025-04-03,Instagram,Reel,Digital Burnout,POV: digital burnout feels harder than people realize. What do you relate to?,#digitalburnout #studentlife #relatable #growth,Thursday,19,58,2270,4496,3465,105,25,87,45,0.5432308467862133,74,0.05827,16.86,Low,Short,Text,Evening
POST-1195,2025-01-27,Instagram,Short Video,Social Anxiety,POV: social anxiety feels harder than people realize. What do you relate to?,#socialanxiety #studentlife #relatable #growth,Monday,20,17,1207,965,1888,70,9,48,27,0.5165105281000626,16,0.15959,24.26,Low,Short,Visual,Evening
POST-1196,2025-06-23,Instagram,Long Video,Student Life,POV: student life feels harder than people realize. What do you relate to?,#studentlife #studentlife #relatable #growth,Monday,20,50,2987,6869,12485,1052,106,242,84,0.5079601415690546,191,0.21604,18.55,Low,Short,Text,Evening
POST-1197,2025-04-25,YouTube,Short Video,Student Life,POV: student life feels harder than people realize. What do you relate to?,#studentlife #studentlife #relatable #growth,Friday,13,14,13125,27227,51496,3172,607,1205,884,0.4778384239770152,975,0.21552,26.56,Low,Short,Text,Afternoon
POST-1198,2025-12-12,Instagram,Image,Dating,POV: dating feels harder than people realize. What do you relate to?,#dating #studentlife #relatable #growth,Friday,14,28,2287,1749,1240,103,7,8,36,0.6656037688633153,7,0.08805,19.8,Low,Short,Text,Afternoon
POST-1199,2025-10-10,YouTube,Short Video,Dating,POV: dating feels harder than people realize. What do you relate to?,#dating #studentlife #relatable #growth,Friday,8,223,6087,10584,15103,1213,157,347,163,0.6628144628755115,115,0.17763,19.41,Low,Long,Visual,Morning
POST-1200,2025-03-03,Instagram,Reel,Dating,POV: dating feels harder than people realize. What do you relate to?,#dating #studentlife #relatable #growth,Monday,21,271,2961,3625,5212,345,8,102,39,0.6195666284583714,39,0.13628,14.47,Low,Long,Visual,Evening
